// Auto-generated by tools/generate-sprites.mjs — do not edit by hand.
// 16 sprites: 4 moods (happy, hungry, sleepy, sick) x 4 blink frames.
// 80x80 RGB565 each. Index = mood * 4 + frame.
// Pixels outside the pet silhouette are 0x0000 (matches the disc BG).
// Total size: 200.0 KB, lives in flash (PROGMEM).

#pragma once
#include <stdint.h>
#include <pgmspace.h>

#define PET_SPRITE_W 80
#define PET_SPRITE_H 80
#define PET_SPRITE_FRAMES 4
#define PET_SPRITE_MOODS 4

enum PetSpriteMood : uint8_t {
  PET_HAPPY  = 0,
  PET_HUNGRY = 1,
  PET_SLEEPY = 2,
  PET_SICK   = 3,
};

const uint16_t pet_sprites[PET_SPRITE_MOODS * PET_SPRITE_FRAMES][PET_SPRITE_W * PET_SPRITE_H] PROGMEM = {
  // happy frame 0
  {
    0x0000,0x0000,0x0000,0x0000,0x0000,0x0000,0x0000,0x0000,0x0000,0x0000,0x0000,0x0000,0x0000,0x0000,0x0000,0x0000,
    0x0000,0x0000,0x0000,0x0000,0x0000,0x0000,0x0000,0x0000,0x0000,0x0000,0x0000,0x0000,0x0000,0x0000,0x0000,0x0000,
    0x0000,0x0000,0x0000,0x0000,0x0000,0x0000,0x0000,0x0000,0x0000,0x0000,0x0000,0x0000,0x0000,0x0000,0x0000,0x0000,
    0x0000,0x0000,0x0000,0x0000,0x0000,0x0000,0x0000,0x0000,0x0000,0x0000,0x0000,0x0000,0x0000,0x0000,0x0000,0x0000,
    0x0000,0x0000,0x0000,0x0000,0x0000,0x0000,0x0000,0x0000,0x0000,0x0000,0x0000,0x0000,0x0000,0x0000,0x0000,0x0000,
    0x0000,0x0000,0x0000,0x0000,0x0000,0x0000,0x0000,0x0000,0x0000,0x0000,0x0000,0x0000,0x0000,0x0000,0x0000,0x0000,
    0x0000,0x0000,0x0000,0x0000,0x0000,0x0000,0x0000,0x0000,0x0000,0x0000,0x0000,0x0000,0x0000,0x0000,0x0000,0x0000,
    0x0000,0x0000,0x0000,0x0000,0x0000,0x0000,0x0000,0x0000,0x0000,0x0000,0x0000,0x0000,0x0000,0x0000,0x0000,0x0000,
    0x0000,0x0000,0x0000,0x0000,0x0000,0x0000,0x0000,0x0000,0x0000,0x0000,0x0000,0x0000,0x0000,0x0000,0x0000,0x0000,
    0x0000,0x0000,0x0000,0x0000,0x0000,0x0000,0x0000,0x0000,0x0000,0x0000,0x0000,0x0000,0x0000,0x0000,0x0000,0x0000,
    0x0000,0x0000,0x0000,0x0000,0x0000,0x0000,0x0000,0x0000,0x0000,0x0000,0x0000,0x0000,0x0000,0x0000,0x0000,0x0000,
    0x0000,0x0000,0x0000,0x0000,0x0000,0x0000,0x0000,0x0000,0x0000,0x0000,0x0000,0x0000,0x0000,0x0000,0x0000,0x0000,
    0x0000,0x0000,0x0000,0x0000,0x0000,0x0000,0x0000,0x0000,0x0000,0x0000,0x0000,0x0000,0x0000,0x0000,0x0000,0x0000,
    0x0000,0x0000,0x0000,0x0000,0x0000,0x0000,0x0000,0x0000,0x0000,0x0000,0x0000,0x0000,0x0000,0x0000,0x0000,0x0000,
    0x0000,0x0000,0x0000,0x0000,0x0000,0x0000,0x0000,0x0000,0x0000,0x0000,0x0000,0x0000,0x0000,0x0000,0x0000,0x0000,
    0x0000,0x0000,0x0000,0x0000,0x0000,0x0000,0x0000,0x0000,0x0000,0x0000,0x0000,0x0000,0x0000,0x0000,0x0000,0x0000,
    0x0000,0x0000,0x0000,0x0000,0x0000,0x0000,0x0000,0x0000,0x0000,0x0000,0x0000,0x0000,0x0000,0x0000,0x0000,0x0000,
    0x0000,0x0000,0x0000,0x0000,0x0000,0x0000,0x0000,0x0000,0x0000,0x0000,0x0000,0x0000,0x0000,0x0000,0x0000,0x0000,
    0x0000,0x0000,0x0000,0x0000,0x0000,0x0000,0x0000,0x0000,0x0000,0x0000,0x0000,0x0000,0x0000,0x0000,0x0000,0x0000,
    0x0000,0x0000,0x0000,0x0000,0x0000,0x0000,0x0000,0x0000,0x0000,0x0000,0x0000,0x0000,0x0000,0x0000,0x0000,0x0000,
    0x0000,0x0000,0x0000,0x0000,0x0000,0x0000,0x0000,0x0000,0x0000,0x0000,0x0000,0x0000,0x0000,0x0000,0x0000,0x0000,
    0x0000,0x0000,0x0000,0x0000,0x0000,0x0000,0x0000,0x0000,0x0000,0x0000,0x0000,0x0000,0x0000,0x0000,0x0000,0x0000,
    0x0000,0x0000,0x0000,0x0000,0x0000,0x0000,0x0000,0x0000,0x0000,0x0000,0x0000,0x0000,0x0000,0x0000,0x0000,0x0000,
    0x0000,0x0000,0x0000,0x0000,0x0000,0x0000,0x0000,0x0000,0x0000,0x0000,0x0000,0x0000,0x0000,0x0000,0x0000,0x0000,
    0x0000,0x0000,0x0000,0x0000,0x0000,0x0000,0x0000,0x0000,0x0000,0x0000,0x0000,0x0000,0x0000,0x0000,0x0000,0x0000,
    0x0000,0x0000,0x0000,0x0000,0x0000,0x0000,0x0000,0x0000,0x0000,0x0000,0x0000,0x0000,0x0000,0x0000,0x0000,0x0000,
    0x0000,0x0000,0x0000,0x0000,0x0000,0x0000,0x0000,0x0000,0x0000,0x0000,0x0000,0x0000,0x0000,0x0000,0x0000,0x0000,
    0x0000,0x0000,0x0000,0x0000,0x0000,0x0000,0x0000,0x0000,0x0000,0x0000,0x0000,0x0000,0x0000,0x0000,0x0000,0x0000,
    0x0000,0x0000,0x0000,0x0000,0x0000,0x0000,0x0000,0x0000,0x0000,0x0000,0x0000,0x0000,0x0000,0x0000,0x0000,0x0000,
    0x0000,0x0000,0x0000,0x0000,0x0000,0x0000,0x0000,0x0000,0x0000,0x0000,0x0000,0x0000,0x0000,0x0000,0x0000,0x0000,
    0x0000,0x0000,0x0000,0x0000,0x0000,0x0000,0x0000,0x0000,0x0000,0x0000,0x0000,0x0000,0x0000,0x0000,0x0000,0x0000,
    0x0000,0x0000,0x0000,0x0000,0x0000,0x0000,0x0000,0x0000,0x0000,0x0000,0x0000,0x0000,0x0000,0x0000,0x0000,0x0000,
    0x0000,0x0000,0x0000,0x0000,0x0000,0x0000,0x0000,0x1082,0x1082,0x1082,0x0000,0x0000,0x0000,0x0000,0x0000,0x0000,
    0x0000,0x0000,0x0000,0x0000,0x0000,0x0000,0x0000,0x0000,0x0000,0x0000,0x0000,0x0000,0x0000,0x0000,0x0000,0x0000,
    0x0000,0x0000,0x0000,0x0000,0x0000,0x0000,0x0000,0x0000,0x0000,0x0000,0x0000,0x0000,0x0000,0x0000,0x0000,0x0000,
    0x0000,0x0000,0x0000,0x0000,0x0000,0x0000,0x0000,0x0000,0x0000,0x0000,0x0000,0x0000,0x0000,0x0000,0x0000,0x0000,
    0x0000,0x0000,0x0000,0x0000,0x0000,0x0000,0x0000,0x0000,0x0000,0x0000,0x0000,0x0000,0x0000,0x0000,0x0000,0x0000,
    0x0000,0x0000,0x0000,0x0000,0x0000,0x0000,0x0000,0x7f32,0x7f32,0x7f32,0x0000,0x0000,0x0000,0x0000,0x0000,0x0000,
    0x0000,0x0000,0x0000,0x0000,0x0000,0x0000,0x0000,0x0000,0x0000,0x0000,0x0000,0x0000,0x0000,0x0000,0x0000,0x0000,
    0x0000,0x0000,0x0000,0x0000,0x0000,0x0000,0x0000,0x0000,0x0000,0x0000,0x0000,0x0000,0x0000,0x0000,0x0000,0x0000,
    0x0000,0x0000,0x0000,0x0000,0x0000,0x0000,0x0000,0x0000,0x0000,0x0000,0x0000,0x0000,0x0000,0x0000,0x0000,0x0000,
    0x0000,0x0000,0x0000,0x0000,0x0000,0x0000,0x0000,0x0000,0x0000,0x0000,0x0000,0x0000,0x0000,0x0000,0x0000,0x0000,
    0x0000,0x0000,0x0000,0x0000,0x0000,0x0000,0x1082,0x7f32,0x7f32,0x7f32,0x1082,0x0000,0x0000,0x0000,0x0000,0x0000,
    0x0000,0x0000,0x0000,0x0000,0x0000,0x0000,0x0000,0x0000,0x0000,0x0000,0x0000,0x0000,0x0000,0x0000,0x0000,0x0000,
    0x0000,0x0000,0x0000,0x0000,0x0000,0x0000,0x0000,0x0000,0x0000,0x0000,0x0000,0x0000,0x0000,0x0000,0x0000,0x0000,
    0x0000,0x0000,0x0000,0x0000,0x0000,0x0000,0x0000,0x0000,0x0000,0x0000,0x0000,0x0000,0x0000,0x0000,0x0000,0x0000,
    0x0000,0x0000,0x0000,0x0000,0x0000,0x0000,0x0000,0x0000,0x0000,0x0000,0x0000,0x0000,0x0000,0x0000,0x0000,0x0000,
    0x0000,0x0000,0x0000,0x0000,0x0000,0x0000,0x1082,0x7f32,0x7f32,0x7f32,0x1082,0x0000,0x0000,0x0000,0x0000,0x0000,
    0x0000,0x0000,0x0000,0x0000,0x0000,0x0000,0x0000,0x0000,0x0000,0x0000,0x0000,0x0000,0x0000,0x0000,0x0000,0x0000,
    0x0000,0x0000,0x0000,0x0000,0x0000,0x0000,0x0000,0x0000,0x0000,0x0000,0x0000,0x0000,0x0000,0x0000,0x0000,0x0000,
    0x0000,0x0000,0x0000,0x0000,0x0000,0x0000,0x0000,0x0000,0x0000,0x0000,0x0000,0x0000,0x0000,0x0000,0x0000,0x0000,
    0x0000,0x0000,0x0000,0x0000,0x0000,0x0000,0x0000,0x0000,0x0000,0x0000,0x0000,0x0000,0x0000,0x0000,0x0000,0x0000,
    0x0000,0x1082,0x1082,0x1082,0x1082,0x1082,0x7f32,0x7f32,0x7f32,0x7f32,0x7f32,0x1082,0x1082,0x1082,0x1082,0x1082,
    0x0000,0x0000,0x0000,0x0000,0x0000,0x0000,0x0000,0x0000,0x0000,0x0000,0x0000,0x0000,0x0000,0x0000,0x0000,0x0000,
    0x0000,0x0000,0x0000,0x0000,0x0000,0x0000,0x0000,0x0000,0x0000,0x0000,0x0000,0x0000,0x0000,0x0000,0x0000,0x0000,
    0x0000,0x0000,0x0000,0x0000,0x0000,0x0000,0x0000,0x0000,0x0000,0x0000,0x0000,0x0000,0x0000,0x0000,0x0000,0x0000,
    0x0000,0x0000,0x0000,0x0000,0x0000,0x0000,0x0000,0x0000,0x0000,0x0000,0x0000,0x0000,0x0000,0x0000,0x1082,0x1082,
    0x1082,0x1082,0x1082,0x1082,0x1082,0x1082,0x7f32,0x7f32,0x7f32,0x7f32,0x7f32,0x1082,0x1082,0x1082,0x1082,0x1082,
    0x1082,0x1082,0x1082,0x0000,0x0000,0x0000,0x0000,0x0000,0x0000,0x0000,0x0000,0x0000,0x0000,0x0000,0x0000,0x0000,
    0x0000,0x0000,0x0000,0x0000,0x0000,0x0000,0x0000,0x0000,0x0000,0x0000,0x0000,0x0000,0x0000,0x0000,0x0000,0x0000,
    0x0000,0x0000,0x0000,0x0000,0x0000,0x0000,0x0000,0x0000,0x0000,0x0000,0x0000,0x0000,0x0000,0x0000,0x0000,0x0000,
    0x0000,0x0000,0x0000,0x0000,0x0000,0x0000,0x0000,0x0000,0x0000,0x0000,0x0000,0x1082,0x1082,0x1082,0x1082,0x1082,
    0x1082,0xfe00,0xfe00,0xfe00,0xfe00,0x1082,0x7f32,0x7f32,0x7f32,0x7f32,0x7f32,0x1082,0xfe00,0xfe00,0xfe00,0xfe00,
    0x1082,0x1082,0x1082,0x1082,0x1082,0x1082,0x0000,0x0000,0x0000,0x0000,0x0000,0x0000,0x0000,0x0000,0x0000,0x0000,
    0x0000,0x0000,0x0000,0x0000,0x0000,0x0000,0x0000,0x0000,0x0000,0x0000,0x0000,0x0000,0x0000,0x0000,0x0000,0x0000,
    0x0000,0x0000,0x0000,0x0000,0x0000,0x0000,0x0000,0x0000,0x0000,0x0000,0x0000,0x0000,0x0000,0x0000,0x0000,0x0000,
    0x0000,0x0000,0x0000,0x0000,0x0000,0x0000,0x0000,0x0000,0x0000,0x1082,0x1082,0x1082,0x1082,0x1082,0xfe00,0xfe00,
    0xfe00,0xfe00,0xfe00,0xfe00,0xfe00,0x1082,0x7f32,0x7f32,0x7f32,0x7f32,0x7f32,0x1082,0xfe00,0xfe00,0xfe00,0xfe00,
    0xfe00,0xfe00,0xfe00,0x1082,0x1082,0x1082,0x1082,0x1082,0x0000,0x0000,0x0000,0x0000,0x0000,0x0000,0x0000,0x0000,
    0x0000,0x0000,0x0000,0x0000,0x0000,0x0000,0x0000,0x0000,0x0000,0x0000,0x0000,0x0000,0x0000,0x0000,0x0000,0x0000,
    0x0000,0x0000,0x0000,0x0000,0x0000,0x0000,0x0000,0x0000,0x0000,0x0000,0x0000,0x0000,0x0000,0x0000,0x0000,0x0000,
    0x0000,0x0000,0x0000,0x0000,0x0000,0x0000,0x0000,0x0000,0x1082,0x1082,0x1082,0x1082,0xfe00,0xfe00,0xfe00,0xfe00,
    0xfe00,0xfe00,0xfe00,0xfe00,0xfe00,0x1082,0x7f32,0x7f32,0x7f32,0x7f32,0x7f32,0x1082,0xfe00,0xfe00,0xfe00,0xfe00,
    0xfe00,0xfe00,0xfe00,0xfe00,0xfe00,0x1082,0x1082,0x1082,0x1082,0x0000,0x0000,0x0000,0x0000,0x0000,0x0000,0x0000,
    0x0000,0x0000,0x0000,0x0000,0x0000,0x0000,0x0000,0x0000,0x0000,0x0000,0x0000,0x0000,0x0000,0x0000,0x0000,0x0000,
    0x0000,0x0000,0x0000,0x0000,0x0000,0x0000,0x0000,0x0000,0x0000,0x0000,0x0000,0x0000,0x0000,0x0000,0x0000,0x0000,
    0x0000,0x0000,0x0000,0x0000,0x0000,0x0000,0x1082,0x1082,0x1082,0x1082,0xfe00,0xfe00,0xfe00,0xfe00,0xfe00,0xfe00,
    0xfe00,0xfe00,0xfe00,0xfe00,0xfe00,0x1082,0x1082,0x1082,0xfe00,0x1082,0x1082,0x1082,0xfe00,0xfe00,0xfe00,0xfe00,
    0xfe00,0xfe00,0xfe00,0xfe00,0xfe00,0xfe00,0xfe00,0x1082,0x1082,0x1082,0x1082,0x0000,0x0000,0x0000,0x0000,0x0000,
    0x0000,0x0000,0x0000,0x0000,0x0000,0x0000,0x0000,0x0000,0x0000,0x0000,0x0000,0x0000,0x0000,0x0000,0x0000,0x0000,
    0x0000,0x0000,0x0000,0x0000,0x0000,0x0000,0x0000,0x0000,0x0000,0x0000,0x0000,0x0000,0x0000,0x0000,0x0000,0x0000,
    0x0000,0x0000,0x0000,0x0000,0x0000,0x1082,0x1082,0x1082,0x1082,0x1082,0x1082,0x1082,0x1082,0xfe00,0xfe00,0xfe00,
    0xfe00,0xfe00,0xfe00,0xfe00,0xfe00,0xfe00,0xfe00,0xfe00,0xfe00,0xfe00,0xfe00,0xfe00,0xfe00,0xfe00,0xfe00,0xfe00,
    0xfe00,0xfe00,0xfe00,0xfe00,0x1082,0x1082,0x1082,0x1082,0x1082,0x1082,0x1082,0x1082,0x0000,0x0000,0x0000,0x0000,
    0x0000,0x0000,0x0000,0x0000,0x0000,0x0000,0x0000,0x0000,0x0000,0x0000,0x0000,0x0000,0x0000,0x0000,0x0000,0x0000,
    0x0000,0x0000,0x0000,0x0000,0x0000,0x0000,0x0000,0x0000,0x0000,0x0000,0x0000,0x0000,0x0000,0x0000,0x0000,0x0000,
    0x0000,0x0000,0x0000,0x0000,0x1082,0x1082,0x1082,0x1082,0x1082,0x1082,0x1082,0x1082,0x1082,0x1082,0xfe00,0xfe00,
    0xfe00,0xfe00,0xfe00,0xfe00,0xfe00,0xfe00,0xfe00,0xfe00,0xfe00,0xfe00,0xfe00,0xfe00,0xfe00,0xfe00,0xfe00,0xfe00,
    0xfe00,0xfe00,0xfe00,0x1082,0x1082,0x1082,0x1082,0x1082,0x1082,0x1082,0x1082,0x1082,0x1082,0x0000,0x0000,0x0000,
    0x0000,0x0000,0x0000,0x0000,0x0000,0x0000,0x0000,0x0000,0x0000,0x0000,0x0000,0x0000,0x0000,0x0000,0x0000,0x0000,
    0x0000,0x0000,0x0000,0x0000,0x0000,0x0000,0x0000,0x0000,0x0000,0x0000,0x0000,0x0000,0x0000,0x0000,0x0000,0x0000,
    0x0000,0x0000,0x0000,0x1082,0x1082,0x1082,0x1082,0x1082,0x1082,0x7f32,0x1082,0x1082,0x1082,0x1082,0x1082,0xfe00,
    0xfe00,0xfe00,0xfe00,0xfe00,0xfe00,0xfe00,0xfe00,0xfe00,0xfe00,0xfe00,0xfe00,0xfe00,0xfe00,0xfe00,0xfe00,0xfe00,
    0xfe00,0xfe00,0x1082,0x1082,0x1082,0x1082,0x1082,0x7f32,0x1082,0x1082,0x1082,0x1082,0x1082,0x1082,0x0000,0x0000,
    0x0000,0x0000,0x0000,0x0000,0x0000,0x0000,0x0000,0x0000,0x0000,0x0000,0x0000,0x0000,0x0000,0x0000,0x0000,0x0000,
    0x0000,0x0000,0x0000,0x0000,0x0000,0x0000,0x0000,0x0000,0x0000,0x0000,0x0000,0x0000,0x0000,0x0000,0x0000,0x0000,
    0x0000,0x0000,0x1082,0x1082,0x1082,0x1082,0x1082,0x7f32,0x7f32,0x7f32,0x7f32,0x7f32,0x1082,0x1082,0x1082,0x1082,
    0xfe00,0xfe00,0xfe00,0xfe00,0xfe00,0xfe00,0xfe00,0xfe00,0xfe00,0xfe00,0xfe00,0xfe00,0xfe00,0xfe00,0xfe00,0xfe00,
    0xfe00,0x1082,0x1082,0x1082,0x1082,0x7f32,0x7f32,0x7f32,0x7f32,0x7f32,0x1082,0x1082,0x1082,0x1082,0x1082,0x0000,
    0x0000,0x0000,0x0000,0x0000,0x0000,0x0000,0x0000,0x0000,0x0000,0x0000,0x0000,0x0000,0x0000,0x0000,0x0000,0x0000,
    0x0000,0x0000,0x0000,0x0000,0x0000,0x0000,0x0000,0x0000,0x0000,0x0000,0x0000,0x0000,0x0000,0x0000,0x0000,0x0000,
    0x0000,0x1082,0x1082,0x1082,0x1082,0x1082,0x7f32,0x7f32,0x7f32,0x7f32,0x7f32,0x7f32,0x7f32,0x1082,0x1082,0x1082,
    0xfe00,0xfe00,0xfe00,0xfe00,0xfe00,0xfe00,0xfe00,0xfe00,0xfe00,0xfe00,0xfe00,0xfe00,0xfe00,0xfe00,0xfe00,0xfe00,
    0xfe00,0x1082,0x1082,0x1082,0x7f32,0x7f32,0x7f32,0x7f32,0x7f32,0x7f32,0x7f32,0x1082,0x1082,0x1082,0x1082,0x1082,
    0x0000,0x0000,0x0000,0x0000,0x0000,0x0000,0x0000,0x0000,0x0000,0x0000,0x0000,0x0000,0x0000,0x0000,0x0000,0x0000,
    0x0000,0x0000,0x0000,0x0000,0x0000,0x0000,0x0000,0x0000,0x0000,0x0000,0x0000,0x0000,0x0000,0x0000,0x0000,0x0000,
    0x1082,0x1082,0x1082,0x1082,0x1082,0x1082,0x7f32,0x7f32,0x7f32,0x7f32,0x7f32,0x7f32,0x7f32,0x1082,0x1082,0x1082,
    0xfe00,0xfe00,0xfe00,0xfe00,0xfe00,0xfe00,0xfe00,0xfe00,0xfe00,0xfe00,0xfe00,0xfe00,0xfe00,0xfe00,0xfe00,0xfe00,
    0xfe00,0x1082,0x1082,0x1082,0x7f32,0x7f32,0x7f32,0x7f32,0x7f32,0x7f32,0x7f32,0x1082,0x1082,0x1082,0x1082,0x1082,
    0x1082,0x0000,0x0000,0x0000,0x0000,0x0000,0x0000,0x0000,0x0000,0x0000,0x0000,0x0000,0x0000,0x0000,0x0000,0x0000,
    0x0000,0x0000,0x0000,0x0000,0x0000,0x0000,0x0000,0x0000,0x0000,0x0000,0x0000,0x0000,0x0000,0x0000,0x0000,0x1082,
    0x1082,0x1082,0x1082,0x1082,0x1082,0x7f32,0x7f32,0x7f32,0x7f32,0x7f32,0x7f32,0x7f32,0x7f32,0x7f32,0x1082,0x1082,
    0x1082,0xfe00,0xfe00,0xfe00,0xfe00,0xfe00,0xfe00,0xfe00,0xfe00,0xfe00,0xfe00,0xfe00,0xfe00,0xfe00,0xfe00,0xfe00,
    0x1082,0x1082,0x1082,0x7f32,0x7f32,0x7f32,0x7f32,0x7f32,0x7f32,0x7f32,0x7f32,0x7f32,0x1082,0x1082,0x1082,0x1082,
    0x1082,0x1082,0x0000,0x0000,0x0000,0x0000,0x0000,0x0000,0x0000,0x0000,0x0000,0x0000,0x0000,0x0000,0x0000,0x0000,
    0x0000,0x0000,0x0000,0x0000,0x0000,0x0000,0x0000,0x0000,0x0000,0x0000,0x0000,0x0000,0x0000,0x0000,0x0000,0x1082,
    0x1082,0xfe00,0xfe00,0x1082,0x1082,0x1082,0x7f32,0x7f32,0x7f32,0x7f32,0x7f32,0x7f32,0x7f32,0x1082,0x1082,0x1082,
    0xfe00,0xfe00,0xfe00,0xfe00,0xfe00,0xfe00,0xfe00,0xfe00,0xfe00,0xfe00,0xfe00,0xfe00,0xfe00,0xfe00,0xfe00,0xfe00,
    0xfe00,0x1082,0x1082,0x1082,0x7f32,0x7f32,0x7f32,0x7f32,0x7f32,0x7f32,0x7f32,0x1082,0x1082,0x1082,0xfe00,0xfe00,
    0x1082,0x1082,0x0000,0x0000,0x0000,0x0000,0x0000,0x0000,0x0000,0x0000,0x0000,0x0000,0x0000,0x0000,0x0000,0x0000,
    0x0000,0x0000,0x0000,0x0000,0x0000,0x0000,0x0000,0x0000,0x0000,0x0000,0x0000,0x0000,0x0000,0x0000,0x1082,0x1082,
    0xfe00,0xfe00,0xfe00,0x1082,0x1082,0x1082,0x7f32,0x7f32,0x7f32,0x7f32,0x7f32,0x7f32,0x7f32,0x1082,0x1082,0x1082,
    0xfe00,0xfe00,0xfe00,0xfe00,0xfe00,0xfe00,0xfe00,0xfe00,0xfe00,0xfe00,0xfe00,0xfe00,0xfe00,0xfe00,0xfe00,0xfe00,
    0xfe00,0x1082,0x1082,0x1082,0x7f32,0x7f32,0x7f32,0x7f32,0x7f32,0x7f32,0x7f32,0x1082,0x1082,0x1082,0xfe00,0xfe00,
    0xfe00,0x1082,0x1082,0x0000,0x0000,0x0000,0x0000,0x0000,0x0000,0x0000,0x0000,0x0000,0x0000,0x0000,0x0000,0x0000,
    0x0000,0x0000,0x0000,0x0000,0x0000,0x0000,0x0000,0x0000,0x0000,0x0000,0x0000,0x0000,0x0000,0x1082,0x1082,0x1082,
    0xfe00,0xfe00,0xfe00,0x1082,0x1082,0x1082,0x1082,0x7f32,0x7f32,0x7f32,0x7f32,0x7f32,0x1082,0x1082,0x1082,0x1082,
    0xfe00,0xfe00,0xfe00,0xfe00,0xfe00,0xfe00,0xfe00,0xfe00,0xfe00,0xfe00,0xfe00,0xfe00,0xfe00,0xfe00,0xfe00,0xfe00,
    0xfe00,0x1082,0x1082,0x1082,0x1082,0x7f32,0x7f32,0x7f32,0x7f32,0x7f32,0x1082,0x1082,0x1082,0x1082,0xfe00,0xfe00,
    0xfe00,0x1082,0x1082,0x1082,0x0000,0x0000,0x0000,0x0000,0x0000,0x0000,0x0000,0x0000,0x0000,0x0000,0x0000,0x0000,
    0x0000,0x0000,0x0000,0x0000,0x0000,0x0000,0x0000,0x0000,0x0000,0x0000,0x0000,0x0000,0x0000,0x1082,0x1082,0xfe00,
    0xfe00,0xfe00,0xfe00,0xfe00,0x1082,0x1082,0x1082,0x1082,0x1082,0x7f32,0x1082,0x1082,0x1082,0x1082,0x1082,0xfe00,
    0xfe00,0xfe00,0xfe00,0xfe00,0xfe00,0xfe00,0xfe00,0xfe00,0xfe00,0xfe00,0xfe00,0xfe00,0xfe00,0xfe00,0xfe00,0xfe00,
    0xfe00,0xfe00,0x1082,0x1082,0x1082,0x1082,0x1082,0x7f32,0x1082,0x1082,0x1082,0x1082,0x1082,0xfe00,0xfe00,0xfe00,
    0xfe00,0xfe00,0x1082,0x1082,0x0000,0x0000,0x0000,0x0000,0x0000,0x0000,0x0000,0x0000,0x0000,0x0000,0x0000,0x0000,
    0x0000,0x0000,0x0000,0x0000,0x0000,0x0000,0x0000,0x0000,0x0000,0x0000,0x0000,0x0000,0x1082,0x1082,0x1082,0xfe00,
    0xfe00,0xfe00,0xfe00,0xfe00,0xfe00,0x1082,0x1082,0x1082,0x1082,0x1082,0x1082,0x1082,0x1082,0x1082,0xfe00,0xfe00,
    0xfe00,0xfe00,0xfe00,0xfe00,0xfe00,0xfe00,0xfe00,0xfe00,0xfe00,0xfe00,0xfe00,0xfe00,0xfe00,0xfe00,0xfe00,0xfe00,
    0xfe00,0xfe00,0xfe00,0x1082,0x1082,0x1082,0x1082,0x1082,0x1082,0x1082,0x1082,0x1082,0xfe00,0xfe00,0xfe00,0xfe00,
    0xfe00,0xfe00,0x1082,0x1082,0x1082,0x0000,0x0000,0x0000,0x0000,0x0000,0x0000,0x0000,0x0000,0x0000,0x0000,0x0000,
    0x0000,0x0000,0x0000,0x0000,0x0000,0x0000,0x0000,0x0000,0x0000,0x0000,0x0000,0x0000,0x1082,0x1082,0xfe00,0xfe00,
    0xfe00,0xfe00,0xfe00,0xfe00,0xfe00,0xfe00,0x1082,0x1082,0x1082,0x1082,0x1082,0x1082,0x1082,0xfe00,0xfe00,0xfe00,
    0xfe00,0xfe00,0xfe00,0xfe00,0xfe00,0xfe00,0xfe00,0xfe00,0xfe00,0xfe00,0xfe00,0xfe00,0xfe00,0xfe00,0xfe00,0xfe00,
    0xfe00,0xfe00,0xfe00,0xfe00,0x1082,0x1082,0x1082,0x1082,0x1082,0x1082,0x1082,0xfe00,0xfe00,0xfe00,0xfe00,0xfe00,
    0xfe00,0xfe00,0xfe00,0x1082,0x1082,0x0000,0x0000,0x0000,0x0000,0x0000,0x0000,0x0000,0x0000,0x0000,0x0000,0x0000,
    0x0000,0x0000,0x0000,0x0000,0x0000,0x0000,0x0000,0x0000,0x0000,0x0000,0x0000,0x0000,0x1082,0x1082,0xfe00,0xfe00,
    0xfe00,0xfe00,0xfe00,0xfe00,0xfe00,0xfe00,0xfe00,0xfe00,0xfe00,0x1082,0xfe00,0xfe00,0xffff,0xfe00,0xfe00,0xfe00,
    0xfe00,0xfe00,0xfe00,0xfe00,0xfe00,0xfe00,0xfe00,0xfe00,0xfe00,0xfe00,0xfe00,0xfe00,0xfe00,0xfe00,0xfe00,0xfe00,
    0xfe00,0xfe00,0xfe00,0xfe00,0xffff,0xfe00,0xfe00,0x1082,0xfe00,0xfe00,0xfe00,0xfe00,0xfe00,0xfe00,0xfe00,0xfe00,
    0xfe00,0xfe00,0xfe00,0x1082,0x1082,0x0000,0x0000,0x0000,0x0000,0x0000,0x0000,0x0000,0x0000,0x0000,0x0000,0x0000,
    0x0000,0x0000,0x0000,0x0000,0x0000,0x0000,0x0000,0x0000,0x0000,0x0000,0x0000,0x1082,0x1082,0xfe00,0xfe00,0xfe00,
    0xfe00,0xfe00,0xfe00,0xfe00,0xfe00,0xfe00,0xfe00,0xfe00,0xfe00,0xffff,0xffff,0xffff,0xffff,0xffff,0xffff,0xffff,
    0xfe00,0xfe00,0xfe00,0xfe00,0xfe00,0xfe00,0xfe00,0xfe00,0xfe00,0xfe00,0xfe00,0xfe00,0xfe00,0xfe00,0xfe00,0xfe00,
    0xfe00,0xffff,0xffff,0xffff,0xffff,0xffff,0xffff,0xffff,0xfe00,0xfe00,0xfe00,0xfe00,0xfe00,0xfe00,0xfe00,0xfe00,
    0xfe00,0xfe00,0xfe00,0xfe00,0x1082,0x1082,0x0000,0x0000,0x0000,0x0000,0x0000,0x0000,0x0000,0x0000,0x0000,0x0000,
    0x0000,0x0000,0x0000,0x0000,0x0000,0x0000,0x0000,0x0000,0x0000,0x0000,0x0000,0x1082,0x1082,0xfe00,0xfe00,0xfe00,
    0xfe00,0xfe00,0xfe00,0xfe00,0xfe00,0xfe00,0xfe00,0xfe00,0xffff,0xffff,0xffff,0xffff,0xffff,0xffff,0xffff,0xffff,
    0xffff,0xfe00,0xfe00,0xfe00,0xfe00,0xfe00,0xfe00,0xfe00,0xfe00,0xfe00,0xfe00,0xfe00,0xfe00,0xfe00,0xfe00,0xfe00,
    0xffff,0xffff,0xffff,0xffff,0xffff,0xffff,0xffff,0xffff,0xffff,0xfe00,0xfe00,0xfe00,0xfe00,0xfe00,0xfe00,0xfe00,
    0xfe00,0xfe00,0xfe00,0xfe00,0x1082,0x1082,0x0000,0x0000,0x0000,0x0000,0x0000,0x0000,0x0000,0x0000,0x0000,0x0000,
    0x0000,0x0000,0x0000,0x0000,0x0000,0x0000,0x0000,0x0000,0x0000,0x0000,0x0000,0x1082,0x1082,0xfe00,0xfe00,0xfe00,
    0xfe00,0xfe00,0xfe00,0xfe00,0xfe00,0xfe00,0xfe00,0xfe00,0xffff,0xffff,0xffff,0xffff,0xffff,0x0000,0xffff,0xffff,
    0xffff,0xfe00,0xfe00,0xfe00,0xfe00,0xfe00,0xfe00,0xfe00,0xfe00,0xfe00,0xfe00,0xfe00,0xfe00,0xfe00,0xfe00,0xfe00,
    0xffff,0xffff,0xffff,0xffff,0xffff,0x0000,0xffff,0xffff,0xffff,0xfe00,0xfe00,0xfe00,0xfe00,0xfe00,0xfe00,0xfe00,
    0xfe00,0xfe00,0xfe00,0xfe00,0x1082,0x1082,0x0000,0x0000,0x0000,0x0000,0x0000,0x0000,0x0000,0x0000,0x0000,0x0000,
    0x0000,0x0000,0x0000,0x0000,0x0000,0x0000,0x0000,0x0000,0x0000,0x0000,0x1082,0x1082,0xfe00,0xfe00,0xfe00,0xfe00,
    0xfe00,0xfe00,0xfe00,0xfe00,0xfe00,0xfe00,0xfe00,0xfe00,0xffff,0xffff,0xffff,0xffff,0x0000,0x0000,0x0000,0x0000,
    0xffff,0xfe00,0xfe00,0xfe00,0xfe00,0xfe00,0xfe00,0xfe00,0xfe00,0xfe00,0xfe00,0xfe00,0xfe00,0xfe00,0xfe00,0xfe00,
    0xffff,0xffff,0xffff,0xffff,0x0000,0x0000,0x0000,0x0000,0xffff,0xfe00,0xfe00,0xfe00,0xfe00,0xfe00,0xfe00,0xfe00,
    0xfe00,0xfe00,0xfe00,0xfe00,0xfe00,0x1082,0x1082,0x0000,0x0000,0x0000,0x0000,0x0000,0x0000,0x0000,0x0000,0x0000,
    0x0000,0x0000,0x0000,0x0000,0x0000,0x0000,0x0000,0x0000,0x0000,0x0000,0x1082,0x1082,0xfe00,0xfe00,0xfe00,0xfe00,
    0xfe00,0xfe00,0xfe00,0xfe00,0xfe00,0xfe00,0xfe00,0xffff,0xffff,0xffff,0xffff,0x0000,0x0000,0x0000,0x0000,0x0000,
    0xffff,0xffff,0xfe00,0xfe00,0xfe00,0xfe00,0xfe00,0xfe00,0xfe00,0xfe00,0xfe00,0xfe00,0xfe00,0xfe00,0xfe00,0xffff,
    0xffff,0xffff,0xffff,0x0000,0x0000,0x0000,0x0000,0x0000,0xffff,0xffff,0xfe00,0xfe00,0xfe00,0xfe00,0xfe00,0xfe00,
    0xfe00,0xfe00,0xfe00,0xfe00,0xfe00,0x1082,0x1082,0x0000,0x0000,0x0000,0x0000,0x0000,0x0000,0x0000,0x0000,0x0000,
    0x0000,0x0000,0x0000,0x0000,0x0000,0x0000,0x0000,0x0000,0x0000,0x0000,0x1082,0x1082,0xfe00,0xfe00,0xfe00,0xfe00,
    0xfe00,0xfe00,0xfe00,0xfe00,0xfe00,0xfe00,0xfe00,0xfe00,0xffff,0xffff,0x0000,0x0000,0x0000,0x0000,0x0000,0x0000,
    0x0000,0xfe00,0xfe00,0xfe00,0xfe00,0xfe00,0xfe00,0xfe00,0xfe00,0xfe00,0xfe00,0xfe00,0xfe00,0xfe00,0xfe00,0xfe00,
    0xffff,0xffff,0x0000,0x0000,0x0000,0x0000,0x0000,0x0000,0x0000,0xfe00,0xfe00,0xfe00,0xfe00,0xfe00,0xfe00,0xfe00,
    0xfe00,0xfe00,0xfe00,0xfe00,0xfe00,0x1082,0x1082,0x0000,0x0000,0x0000,0x0000,0x0000,0x0000,0x0000,0x0000,0x0000,
    0x0000,0x0000,0x0000,0x0000,0x0000,0x0000,0x0000,0x0000,0x0000,0x0000,0x1082,0x1082,0xfe00,0xfe00,0xfe00,0xfe00,
    0xfe00,0xfe00,0xfe00,0xfe00,0xfe00,0xfe00,0xfe00,0xfe00,0xffff,0xffff,0xffff,0x0000,0x0000,0x0000,0x0000,0x0000,
    0xffff,0xfe00,0xfe00,0xfe00,0xfe00,0xfe00,0xfe00,0xfe00,0xfe00,0xfe00,0xfe00,0xfe00,0xfe00,0xfe00,0xfe00,0xfe00,
    0xffff,0xffff,0xffff,0x0000,0x0000,0x0000,0x0000,0x0000,0xffff,0xfe00,0xfe00,0xfe00,0xfe00,0xfe00,0xfe00,0xfe00,
    0xfe00,0xfe00,0xfe00,0xfe00,0xfe00,0x1082,0x1082,0x0000,0x0000,0x0000,0x0000,0x0000,0x0000,0x0000,0x0000,0x0000,
    0x0000,0x0000,0x0000,0x0000,0x0000,0x0000,0x0000,0x0000,0x0000,0x0000,0x1082,0x1082,0xfe00,0xfe00,0xfe00,0xfe00,
    0xfe00,0xfe00,0xfe00,0xfe00,0xfe00,0xfe00,0xfe00,0xfe00,0xffff,0xffff,0xffff,0x0000,0x0000,0x0000,0x0000,0x0000,
    0xffff,0xfe00,0xfe00,0xfe00,0xfe00,0xfe00,0xfe00,0xfe00,0xfe00,0xfe00,0xfe00,0xfe00,0xfe00,0xfe00,0xfe00,0xfe00,
    0xffff,0xffff,0xffff,0x0000,0x0000,0x0000,0x0000,0x0000,0xffff,0xfe00,0xfe00,0xfe00,0xfe00,0xfe00,0xfe00,0xfe00,
    0xfe00,0xfe00,0xfe00,0xfe00,0xfe00,0x1082,0x1082,0x0000,0x0000,0x0000,0x0000,0x0000,0x0000,0x0000,0x0000,0x0000,
    0x0000,0x0000,0x0000,0x0000,0x0000,0x0000,0x0000,0x0000,0x0000,0x0000,0x1082,0x1082,0xfe00,0xfe00,0xfe00,0xfe00,
    0xfe00,0xfe00,0xfe00,0xfe00,0xfe00,0xfe00,0xfe00,0xfe00,0xfe00,0xffff,0xffff,0xffff,0xffff,0x0000,0xffff,0xffff,
    0xfe00,0xfe00,0xfe00,0xfe00,0xfe00,0xfe00,0xfe00,0xfe00,0xfe00,0xfe00,0xfe00,0xfe00,0xfe00,0xfe00,0xfe00,0xfe00,
    0xfe00,0xffff,0xffff,0xffff,0xffff,0x0000,0xffff,0xffff,0xfe00,0xfe00,0xfe00,0xfe00,0xfe00,0xfe00,0xfe00,0xfe00,
    0xfe00,0xfe00,0xfe00,0xfe00,0xfe00,0x1082,0x1082,0x0000,0x0000,0x0000,0x0000,0x0000,0x0000,0x0000,0x0000,0x0000,
    0x0000,0x0000,0x0000,0x0000,0x0000,0x0000,0x0000,0x0000,0x0000,0x0000,0x1082,0x1082,0xfe00,0xfe00,0xfe00,0xfe00,
    0xfe00,0xfe00,0xfe00,0xfe00,0xfe00,0xfe00,0xfe00,0xfe00,0xfe00,0xfe00,0xfe00,0xfe00,0xffff,0xfe00,0xfe00,0xfe00,
    0xfe00,0xfe00,0xfe00,0xfe00,0xfe00,0xfe00,0xfe00,0xfe00,0xfe00,0xfe00,0xfe00,0xfe00,0xfe00,0xfe00,0xfe00,0xfe00,
    0xfe00,0xfe00,0xfe00,0xfe00,0xffff,0xfe00,0xfe00,0xfe00,0xfe00,0xfe00,0xfe00,0xfe00,0xfe00,0xfe00,0xfe00,0xfe00,
    0xfe00,0xfe00,0xfe00,0xfe00,0xfe00,0x1082,0x1082,0x0000,0x0000,0x0000,0x0000,0x0000,0x0000,0x0000,0x0000,0x0000,
    0x0000,0x0000,0x0000,0x0000,0x0000,0x0000,0x0000,0x0000,0x0000,0x1082,0x1082,0xfe00,0xfe00,0xfe00,0xfe00,0xfe00,
    0xfe00,0xfe00,0xfe00,0xfe00,0xfe00,0xfe00,0xfe00,0xfe00,0xfe00,0xfe00,0xfe00,0xfe00,0xfe00,0xfe00,0xfe00,0xfe00,
    0xfe00,0xfe00,0xfe00,0xfe00,0xfe00,0xfe00,0xfe00,0xfe00,0xfe00,0xfe00,0xfe00,0xfe00,0xfe00,0xfe00,0xfe00,0xfe00,
    0xfe00,0xfe00,0xfe00,0xfe00,0xfe00,0xfe00,0xfe00,0xfe00,0xfe00,0xfe00,0xfe00,0xfe00,0xfe00,0xfe00,0xfe00,0xfe00,
    0xfe00,0xfe00,0xfe00,0xfe00,0xfe00,0xfe00,0x1082,0x1082,0x0000,0x0000,0x0000,0x0000,0x0000,0x0000,0x0000,0x0000,
    0x0000,0x0000,0x0000,0x0000,0x0000,0x0000,0x0000,0x0000,0x0000,0x0000,0x1082,0x1082,0xfe00,0xfe00,0xfe00,0xfe00,
    0xfe00,0xfe00,0xfe00,0xfe00,0xfe00,0xfe00,0xfe00,0xfe00,0xfe00,0xfe00,0xfe00,0xfe00,0xfe00,0xfe00,0xfe00,0xfe00,
    0xfe00,0xfe00,0xfe00,0xfe00,0xfe00,0xfe00,0xfe00,0xfe00,0xfe00,0xfe00,0xfe00,0xfe00,0xfe00,0xfe00,0xfe00,0xfe00,
    0xfe00,0xfe00,0xfe00,0xfe00,0xfe00,0xfe00,0xfe00,0xfe00,0xfe00,0xfe00,0xfe00,0xfe00,0xfe00,0xfe00,0xfe00,0xfe00,
    0xfe00,0xfe00,0xfe00,0xfe00,0xfe00,0x1082,0x1082,0x0000,0x0000,0x0000,0x0000,0x0000,0x0000,0x0000,0x0000,0x0000,
    0x0000,0x0000,0x0000,0x0000,0x0000,0x0000,0x0000,0x0000,0x0000,0x0000,0x1082,0x1082,0xfe00,0xfe00,0xfe00,0xfe00,
    0xfe00,0xfe00,0xfe00,0xfe00,0xfe00,0xfe00,0xfe00,0xfe00,0xfe00,0xfe00,0xfe00,0xfe00,0xfe00,0xfe00,0xfe00,0xfe00,
    0xfe00,0xfe00,0xfe00,0xfe00,0xfe00,0xfe00,0xfe00,0xfe00,0x1082,0xfe00,0xfe00,0xfe00,0xfe00,0xfe00,0xfe00,0xfe00,
    0xfe00,0xfe00,0xfe00,0xfe00,0xfe00,0xfe00,0xfe00,0xfe00,0xfe00,0xfe00,0xfe00,0xfe00,0xfe00,0xfe00,0xfe00,0xfe00,
    0xfe00,0xfe00,0xfe00,0xfe00,0xfe00,0x1082,0x1082,0x1082,0x0000,0x0000,0x0000,0x0000,0x0000,0x0000,0x0000,0x0000,
    0x0000,0x0000,0x0000,0x0000,0x0000,0x0000,0x0000,0x0000,0x0000,0x0000,0x1082,0x1082,0xfe00,0xfe00,0xfe00,0xfe00,
    0xfe00,0xfe00,0xfe00,0xfe00,0xfe00,0xfe00,0xfd14,0xfe00,0xfe00,0xfe00,0xfe00,0xfe00,0xfe00,0xfe00,0xfe00,0xfe00,
    0xfe00,0xfe00,0xfe00,0x1082,0x1082,0x1082,0x1082,0x1082,0x1082,0x1082,0x1082,0x1082,0x1082,0x1082,0xfe00,0xfe00,
    0xfe00,0xfe00,0xfe00,0xfe00,0xfe00,0xfe00,0xfe00,0xfe00,0xfe00,0xfe00,0xfd14,0xfe00,0xfe00,0xfe00,0xfe00,0xfe00,
    0xfe00,0xfe00,0xfe00,0xfe00,0xfe00,0x1082,0x1082,0x1082,0x1082,0x1082,0x0000,0x0000,0x0000,0x0000,0x0000,0x0000,
    0x0000,0x0000,0x0000,0x0000,0x0000,0x0000,0x0000,0x0000,0x0000,0x0000,0x1082,0x1082,0xfe00,0xfe00,0x1082,0x1082,
    0x1082,0xfe00,0xfe00,0xfe00,0xfd14,0xfd14,0xfd14,0xfd14,0xfd14,0xfe00,0xfe00,0xfe00,0xfe00,0xfe00,0xfe00,0xfe00,
    0x1082,0x1082,0x1082,0x1082,0x1082,0x1082,0x1082,0x1082,0xff34,0x1082,0x1082,0x1082,0x1082,0x1082,0x1082,0x1082,
    0x1082,0xfe00,0xfe00,0xfe00,0xfe00,0xfe00,0xfe00,0xfe00,0xfd14,0xfd14,0xfd14,0xfd14,0xfd14,0xfe00,0xfe00,0xfe00,
    0x1082,0x1082,0x1082,0xfe00,0xfe00,0x1082,0x1082,0x1082,0x1082,0x1082,0x1082,0x1082,0x0000,0x0000,0x0000,0x0000,
    0x0000,0x0000,0x0000,0x0000,0x0000,0x0000,0x0000,0x0000,0x0000,0x0000,0x1082,0x1082,0xfe00,0x1082,0x1082,0x1082,
    0x1082,0xfe00,0xfe00,0xfe00,0xfd14,0xfd14,0xfd14,0xfd14,0xfd14,0xfe00,0xfe00,0xfe00,0xfe00,0xfe00,0xfe00,0x1082,
    0x1082,0x1082,0x1082,0xff34,0xff34,0xff34,0xff34,0xff34,0xff34,0xff34,0xff34,0xff34,0xff34,0xff34,0x1082,0x1082,
    0x1082,0x1082,0xfe00,0xfe00,0xfe00,0xfe00,0xfe00,0xfe00,0xfd14,0xfd14,0xfd14,0xfd14,0xfd14,0xfe00,0xfe00,0xfe00,
    0x1082,0x1082,0x1082,0x1082,0xfe00,0x1082,0x1082,0x7f32,0x1082,0x1082,0x1082,0x1082,0x0000,0x0000,0x0000,0x0000,
    0x0000,0x0000,0x0000,0x0000,0x0000,0x0000,0x0000,0x0000,0x0000,0x0000,0x1082,0x1082,0x1082,0x1082,0x1082,0x1082,
    0x1082,0xfe00,0xfe00,0xfd14,0xfd14,0xfd14,0xfd14,0xfd14,0xfd14,0xfd14,0xfe00,0xfe00,0xfe00,0x1082,0x1082,0x0000,
    0x0000,0x0000,0x0000,0xff34,0xff34,0xff34,0xff34,0xff34,0xff34,0xff34,0xff34,0xff34,0xff34,0xff34,0x0000,0x0000,
    0x0000,0x0000,0x1082,0x1082,0xfe00,0xfe00,0xfe00,0xfd14,0xfd14,0xfd14,0xfd14,0xfd14,0xfd14,0xfd14,0xfe00,0xfe00,
    0x1082,0x1082,0x1082,0x1082,0x1082,0x1082,0x1082,0x7f32,0x7f32,0x1082,0x1082,0x1082,0x1082,0x0000,0x0000,0x0000,
    0x0000,0x0000,0x0000,0x0000,0x0000,0x0000,0x0000,0x0000,0x0000,0x0000,0x1082,0x1082,0x1082,0x1082,0x1082,0x1082,
    0xfe00,0xfe00,0xfe00,0xfe00,0xfd14,0xfd14,0xfd14,0xfd14,0xfd14,0xfe00,0xfe00,0xfe00,0x1082,0x1082,0x1082,0x0000,
    0x0000,0x0000,0x0000,0xff34,0xff34,0xff34,0xff34,0xff34,0xff34,0xff34,0xff34,0xff34,0xff34,0xff34,0x0000,0x0000,
    0x0000,0x0000,0x1082,0x1082,0x1082,0xfe00,0xfe00,0xfe00,0xfd14,0xfd14,0xfd14,0xfd14,0xfd14,0xfe00,0xfe00,0xfe00,
    0xfe00,0x1082,0x1082,0x1082,0x1082,0x1082,0x1082,0x7f32,0x7f32,0x1082,0x1082,0x1082,0x1082,0x0000,0x0000,0x0000,
    0x0000,0x0000,0x0000,0x0000,0x0000,0x0000,0x0000,0x0000,0x0000,0x0000,0x1082,0x1082,0x1082,0x1082,0x1082,0xfe00,
    0xfe00,0xfe00,0xfe00,0xfe00,0xfd14,0xfd14,0xfd14,0xfd14,0xfd14,0xfe00,0xfe00,0xfe00,0x1082,0x1082,0x1082,0x0000,
    0x0000,0x0000,0x0000,0x0000,0xff34,0xff34,0xff34,0xff34,0xff34,0xff34,0xff34,0xff34,0xff34,0x0000,0x0000,0x0000,
    0x0000,0x0000,0x1082,0x1082,0x1082,0xfe00,0xfe00,0xfe00,0xfd14,0xfd14,0xfd14,0xfd14,0xfd14,0xfe00,0xfe00,0xfe00,
    0xfe00,0xfe00,0x1082,0x1082,0x1082,0x1082,0x1082,0x7f32,0x7f32,0x7f32,0x1082,0x1082,0x1082,0x1082,0x0000,0x0000,
    0x0000,0x0000,0x0000,0x0000,0x0000,0x0000,0x0000,0x0000,0x0000,0x1082,0x7f32,0x1082,0x1082,0x1082,0xfe00,0xfe00,
    0xfe00,0xfe00,0xfe00,0xfe00,0xfe00,0xfe00,0xfd14,0xfe00,0xfe00,0xfe00,0xfe00,0x1082,0x1082,0x1082,0xff34,0xff34,
    0x0000,0x0000,0x0000,0x0000,0x0000,0xff34,0xff34,0xff34,0xff34,0xff34,0xff34,0xff34,0x0000,0x0000,0x0000,0x0000,
    0x0000,0xff34,0xff34,0x1082,0x1082,0x1082,0xfe00,0xfe00,0xfe00,0xfe00,0xfd14,0xfe00,0xfe00,0xfe00,0xfe00,0xfe00,
    0xfe00,0xfe00,0xfe00,0x1082,0x1082,0x1082,0x7f32,0x1082,0x7f32,0x1082,0x1082,0x1082,0x1082,0x0000,0x0000,0x0000,
    0x0000,0x0000,0x0000,0x0000,0x0000,0x0000,0x0000,0x0000,0x7f32,0x7f32,0x7f32,0x7f32,0x7f32,0xfe00,0xfe00,0xfe00,
    0xfe00,0xfe00,0xfe00,0xfe00,0xfe00,0xfe00,0xfe00,0xfe00,0xfe00,0xfe00,0x1082,0x1082,0x1082,0xff34,0xff34,0xff34,
    0x0000,0x0000,0x0000,0x0000,0x0000,0x0000,0x0000,0xff34,0xff34,0xff34,0x0000,0x0000,0x0000,0x0000,0x0000,0x0000,
    0x0000,0xff34,0xff34,0xff34,0x1082,0x1082,0x1082,0xfe00,0xfe00,0xfe00,0xfe00,0xfe00,0xfe00,0xfe00,0xfe00,0xfe00,
    0xfe00,0xfe00,0xfe00,0xfe00,0x7f32,0x7f32,0x7f32,0x7f32,0x7f32,0x1082,0x1082,0x1082,0x1082,0x0000,0x0000,0x0000,
    0x0000,0x0000,0x0000,0x0000,0x0000,0x0000,0x0000,0x0000,0x7f32,0x7f32,0x7f32,0x7f32,0x7f32,0x1082,0xfe00,0xfe00,
    0xfe00,0xfe00,0xfe00,0xfe00,0xfe00,0xfe00,0xfe00,0xfe00,0xfe00,0xfe00,0x1082,0x1082,0x1082,0xff34,0xff34,0xff34,
    0xff34,0x0000,0x0000,0x0000,0x0000,0x0000,0x0000,0x0000,0x0000,0x0000,0x0000,0x0000,0x0000,0x0000,0x0000,0x0000,
    0xff34,0xff34,0xff34,0xff34,0x1082,0x1082,0x1082,0xfe00,0xfe00,0xfe00,0xfe00,0xfe00,0xfe00,0xfe00,0xfe00,0xfe00,
    0xfe00,0xfe00,0xfe00,0x1082,0x7f32,0x7f32,0x7f32,0x7f32,0x7f32,0x1082,0x1082,0x1082,0x0000,0x0000,0x0000,0x0000,
    0x0000,0x0000,0x0000,0x0000,0x0000,0x0000,0x0000,0x7f32,0x7f32,0x7f32,0x7f32,0x7f32,0x7f32,0x7f32,0xfe00,0xfe00,
    0xfe00,0xfe00,0xfe00,0xfe00,0xfe00,0xfe00,0xfe00,0xfe00,0xfe00,0xfe00,0x1082,0x1082,0x1082,0xff34,0xff34,0xff34,
    0xff34,0xff34,0x0000,0x0000,0x0000,0x0000,0x0000,0x0000,0x0000,0x0000,0x0000,0x0000,0x0000,0x0000,0x0000,0xff34,
    0xff34,0xff34,0xff34,0xff34,0x1082,0x1082,0x1082,0xfe00,0xfe00,0xfe00,0xfe00,0xfe00,0xfe00,0xfe00,0xfe00,0xfe00,
    0xfe00,0xfe00,0xfe00,0x7f32,0x7f32,0x7f32,0x7f32,0x7f32,0x7f32,0x7f32,0x1082,0x1082,0x0000,0x0000,0x0000,0x0000,
    0x0000,0x0000,0x0000,0x0000,0x0000,0x0000,0x0000,0x0000,0x7f32,0x7f32,0x7f32,0x7f32,0x7f32,0x1082,0x1082,0xfe00,
    0xfe00,0xfe00,0xfe00,0xfe00,0xfe00,0xfe00,0xfe00,0xfe00,0xfe00,0xfe00,0x1082,0x1082,0xff34,0xff34,0xff34,0xff34,
    0xff34,0xff34,0xff34,0xff34,0x0000,0x0000,0x0000,0x0000,0x0000,0x0000,0x0000,0x0000,0x0000,0xff34,0xff34,0xff34,
    0xff34,0xff34,0xff34,0xff34,0xff34,0x1082,0x1082,0xfe00,0xfe00,0xfe00,0xfe00,0xfe00,0xfe00,0xfe00,0xfe00,0xfe00,
    0xfe00,0xfe00,0x1082,0x1082,0x7f32,0x7f32,0x7f32,0x7f32,0x7f32,0x1082,0x0000,0x0000,0x0000,0x0000,0x0000,0x0000,
    0x0000,0x0000,0x0000,0x0000,0x0000,0x0000,0x0000,0x0000,0x7f32,0x7f32,0x7f32,0x7f32,0x7f32,0x1082,0x1082,0xfe00,
    0xfe00,0xfe00,0xfe00,0xfe00,0xfe00,0xfe00,0xfe00,0xfe00,0xfe00,0x1082,0x1082,0x1082,0x1082,0xff34,0xff34,0xff34,
    0xff34,0xff34,0xff34,0xff34,0xff34,0xff34,0xff34,0xff34,0xff34,0xff34,0xff34,0xff34,0xff34,0xff34,0xff34,0xff34,
    0xff34,0xff34,0xff34,0xff34,0x1082,0x1082,0x1082,0x1082,0xfe00,0xfe00,0xfe00,0xfe00,0xfe00,0xfe00,0xfe00,0xfe00,
    0xfe00,0xfe00,0x1082,0x1082,0x7f32,0x7f32,0x7f32,0x7f32,0x7f32,0x0000,0x0000,0x0000,0x0000,0x0000,0x0000,0x0000,
    0x0000,0x0000,0x0000,0x0000,0x0000,0x0000,0x0000,0x0000,0x0000,0x0000,0x7f32,0x0000,0x0000,0x1082,0x1082,0x1082,
    0xfe00,0xfe00,0xfe00,0xfe00,0xfe00,0xfe00,0xfe00,0xfe00,0xfe00,0xfe00,0x1082,0x1082,0x1082,0xff34,0xff34,0xff34,
    0xff34,0xff34,0xff34,0xff34,0xff34,0xff34,0xff34,0xff34,0xff34,0xff34,0xff34,0xff34,0xff34,0xff34,0xff34,0xff34,
    0xff34,0xff34,0xff34,0xff34,0x1082,0x1082,0x1082,0xfe00,0xfe00,0xfe00,0xfe00,0xfe00,0xfe00,0xfe00,0xfe00,0xfe00,
    0xfe00,0x1082,0x1082,0x1082,0x0000,0x0000,0x7f32,0x0000,0x0000,0x0000,0x0000,0x0000,0x0000,0x0000,0x0000,0x0000,
    0x0000,0x0000,0x0000,0x0000,0x0000,0x0000,0x0000,0x0000,0x0000,0x0000,0x0000,0x0000,0x0000,0x0000,0x1082,0x1082,
    0xfe00,0xfe00,0xfe00,0xfe00,0xfe00,0xfe00,0xfe00,0xfe00,0xfe00,0xfe00,0x1082,0x1082,0x1082,0xff34,0xff34,0xff34,
    0xff34,0xff34,0xff34,0xff34,0xff34,0xff34,0xff34,0xff34,0xff34,0xff34,0xff34,0xff34,0xff34,0xff34,0xff34,0xff34,
    0xff34,0xff34,0xff34,0xff34,0x1082,0x1082,0x1082,0xfe00,0xfe00,0xfe00,0xfe00,0xfe00,0xfe00,0xfe00,0xfe00,0xfe00,
    0xfe00,0x1082,0x1082,0x0000,0x0000,0x0000,0x0000,0x0000,0x0000,0x0000,0x0000,0x0000,0x0000,0x0000,0x0000,0x0000,
    0x0000,0x0000,0x0000,0x0000,0x0000,0x0000,0x0000,0x0000,0x0000,0x0000,0x0000,0x0000,0x0000,0x0000,0x0000,0x1082,
    0x1082,0xfe00,0xfe00,0xfe00,0xfe00,0xfe00,0xfe00,0xfe00,0xfe00,0xfe00,0x1082,0x1082,0x1082,0x1082,0xff34,0xff34,
    0xff34,0xff34,0xff34,0xff34,0xff34,0xff34,0xff34,0xff34,0xff34,0xff34,0xff34,0xff34,0xff34,0xff34,0xff34,0xff34,
    0xff34,0xff34,0xff34,0x1082,0x1082,0x1082,0x1082,0xfe00,0xfe00,0xfe00,0xfe00,0xfe00,0xfe00,0xfe00,0xfe00,0xfe00,
    0x1082,0x1082,0x0000,0x0000,0x0000,0x0000,0x0000,0x0000,0x0000,0x0000,0x0000,0x0000,0x0000,0x0000,0x0000,0x0000,
    0x0000,0x0000,0x0000,0x0000,0x0000,0x0000,0x0000,0x0000,0x0000,0x0000,0x0000,0x0000,0x0000,0x0000,0x0000,0x1082,
    0x1082,0x1082,0xfe00,0xfe00,0xfe00,0xfe00,0xfe00,0xfe00,0xfe00,0xfe00,0x1082,0x1082,0x1082,0x1082,0x1082,0xff34,
    0xff34,0xff34,0xff34,0xff34,0xff34,0xff34,0xff34,0xff34,0xff34,0xff34,0xff34,0xff34,0xff34,0xff34,0xff34,0xff34,
    0xff34,0xff34,0x1082,0x1082,0x1082,0x1082,0x1082,0xfe00,0xfe00,0xfe00,0xfe00,0xfe00,0xfe00,0xfe00,0xfe00,0x1082,
    0x1082,0x1082,0x0000,0x0000,0x0000,0x0000,0x0000,0x0000,0x0000,0x0000,0x0000,0x0000,0x0000,0x0000,0x0000,0x0000,
    0x0000,0x0000,0x0000,0x0000,0x0000,0x0000,0x0000,0x0000,0x0000,0x0000,0x0000,0x0000,0x0000,0x0000,0x0000,0x0000,
    0x1082,0x1082,0x1082,0xfe00,0xfe00,0xfe00,0xfe00,0xfe00,0xfe00,0xfe00,0xfe00,0x1082,0x1082,0x1082,0x1082,0x1082,
    0xff34,0xff34,0xff34,0xff34,0xff34,0xff34,0xff34,0xff34,0xff34,0xff34,0xff34,0xff34,0xff34,0xff34,0xff34,0xff34,
    0xff34,0x1082,0x1082,0x1082,0x1082,0x1082,0xfe00,0xfe00,0xfe00,0xfe00,0xfe00,0xfe00,0xfe00,0xfe00,0x1082,0x1082,
    0x1082,0x0000,0x0000,0x0000,0x0000,0x0000,0x0000,0x0000,0x0000,0x0000,0x0000,0x0000,0x0000,0x0000,0x0000,0x0000,
    0x0000,0x0000,0x0000,0x0000,0x0000,0x0000,0x0000,0x0000,0x0000,0x0000,0x0000,0x0000,0x0000,0x0000,0x0000,0x0000,
    0x0000,0x1082,0x1082,0xfe00,0xfe00,0xfe00,0xfe00,0xfe00,0xfe00,0xfe00,0xfe00,0xfe00,0x1082,0x1082,0x1082,0x1082,
    0x1082,0xff34,0xff34,0xff34,0xff34,0xff34,0xff34,0xff34,0xff34,0xff34,0xff34,0xff34,0xff34,0xff34,0xff34,0xff34,
    0x1082,0x1082,0x1082,0x1082,0x1082,0xfe00,0xfe00,0xfe00,0xfe00,0xfe00,0xfe00,0xfe00,0xfe00,0xfe00,0x1082,0x1082,
    0x0000,0x0000,0x0000,0x0000,0x0000,0x0000,0x0000,0x0000,0x0000,0x0000,0x0000,0x0000,0x0000,0x0000,0x0000,0x0000,
    0x0000,0x0000,0x0000,0x0000,0x0000,0x0000,0x0000,0x0000,0x0000,0x0000,0x0000,0x0000,0x0000,0x0000,0x0000,0x0000,
    0x0000,0x0000,0x1082,0x1082,0xfe00,0xfe00,0xfe00,0xfe00,0xfe00,0xfe00,0xfe00,0xfe00,0x1082,0x1082,0x1082,0x1082,
    0x1082,0x1082,0x1082,0xff34,0xff34,0xff34,0xff34,0xff34,0xff34,0xff34,0xff34,0xff34,0xff34,0xff34,0x1082,0x1082,
    0x1082,0x1082,0x1082,0x1082,0x1082,0xfe00,0xfe00,0xfe00,0xfe00,0xfe00,0xfe00,0xfe00,0xfe00,0x1082,0x1082,0x0000,
    0x0000,0x0000,0x0000,0x0000,0x0000,0x0000,0x0000,0x0000,0x0000,0x0000,0x0000,0x0000,0x0000,0x0000,0x0000,0x0000,
    0x0000,0x0000,0x0000,0x0000,0x0000,0x0000,0x0000,0x0000,0x0000,0x0000,0x0000,0x0000,0x0000,0x0000,0x0000,0x0000,
    0x0000,0x0000,0x0000,0x1082,0x1082,0x1082,0xfe00,0xfe00,0xfe00,0xfe00,0xfe00,0xfe00,0xfe00,0x1082,0x1082,0x1082,
    0x1082,0x1082,0x1082,0x1082,0x1082,0x1082,0x1082,0x1082,0xff34,0x1082,0x1082,0x1082,0x1082,0x1082,0x1082,0x1082,
    0x1082,0x1082,0x1082,0x1082,0xfe00,0xfe00,0xfe00,0xfe00,0xfe00,0xfe00,0xfe00,0x1082,0x1082,0x1082,0x0000,0x0000,
    0x0000,0x0000,0x0000,0x0000,0x0000,0x0000,0x0000,0x0000,0x0000,0x0000,0x0000,0x0000,0x0000,0x0000,0x0000,0x0000,
    0x0000,0x0000,0x0000,0x0000,0x0000,0x0000,0x0000,0x0000,0x0000,0x0000,0x0000,0x0000,0x0000,0x0000,0x0000,0x0000,
    0x0000,0x0000,0x0000,0x0000,0x1082,0x1082,0x1082,0xfe00,0xfe00,0xfe00,0xfe00,0xfe00,0xfe00,0xfe00,0xfe00,0x1082,
    0x1082,0x1082,0x1082,0x1082,0x1082,0x1082,0x1082,0x1082,0x1082,0x1082,0x1082,0x1082,0x1082,0x1082,0x1082,0x1082,
    0x1082,0x1082,0xfe00,0xfe00,0xfe00,0xfe00,0xfe00,0xfe00,0xfe00,0xfe00,0x1082,0x1082,0x1082,0x0000,0x0000,0x0000,
    0x0000,0x0000,0x0000,0x0000,0x0000,0x0000,0x0000,0x0000,0x0000,0x0000,0x0000,0x0000,0x0000,0x0000,0x0000,0x0000,
    0x0000,0x0000,0x0000,0x0000,0x0000,0x0000,0x0000,0x0000,0x0000,0x0000,0x0000,0x0000,0x0000,0x0000,0x0000,0x0000,
    0x0000,0x0000,0x0000,0x0000,0x1082,0x1082,0x1082,0x1082,0xfe00,0xfe00,0xfe00,0xfe00,0xfe00,0xfe00,0xfe00,0xfe00,
    0x1082,0x1082,0x1082,0x1082,0x1082,0x1082,0x1082,0x1082,0x1082,0x1082,0x1082,0x1082,0x1082,0x1082,0x1082,0x1082,
    0x1082,0xfe00,0xfe00,0xfe00,0xfe00,0xfe00,0xfe00,0xfe00,0xfe00,0x1082,0x1082,0x1082,0x1082,0x0000,0x0000,0x0000,
    0x0000,0x0000,0x0000,0x0000,0x0000,0x0000,0x0000,0x0000,0x0000,0x0000,0x0000,0x0000,0x0000,0x0000,0x0000,0x0000,
    0x0000,0x0000,0x0000,0x0000,0x0000,0x0000,0x0000,0x0000,0x0000,0x0000,0x0000,0x0000,0x0000,0x0000,0x0000,0x0000,
    0x0000,0x0000,0x0000,0x1082,0x1082,0x59c4,0x1082,0x1082,0x1082,0x1082,0xfe00,0xfe00,0xfe00,0xfe00,0xfe00,0xfe00,
    0xfe00,0xfe00,0xfe00,0x1082,0x1082,0x1082,0x1082,0x1082,0x1082,0x1082,0x1082,0x1082,0x1082,0x1082,0xfe00,0xfe00,
    0xfe00,0xfe00,0xfe00,0xfe00,0xfe00,0xfe00,0xfe00,0x1082,0x1082,0x1082,0x1082,0x59c4,0x1082,0x1082,0x0000,0x0000,
    0x0000,0x0000,0x0000,0x0000,0x0000,0x0000,0x0000,0x0000,0x0000,0x0000,0x0000,0x0000,0x0000,0x0000,0x0000,0x0000,
    0x0000,0x0000,0x0000,0x0000,0x0000,0x0000,0x0000,0x0000,0x0000,0x0000,0x0000,0x0000,0x0000,0x0000,0x0000,0x0000,
    0x0000,0x0000,0x0000,0x1082,0x59c4,0x59c4,0x59c4,0x59c4,0x1082,0x1082,0x1082,0x1082,0xfe00,0xfe00,0xfe00,0xfe00,
    0xfe00,0xfe00,0xfe00,0xfe00,0xfe00,0xfe00,0xfe00,0xfe00,0x1082,0xfe00,0xfe00,0xfe00,0xfe00,0xfe00,0xfe00,0xfe00,
    0xfe00,0xfe00,0xfe00,0xfe00,0xfe00,0x1082,0x1082,0x1082,0x1082,0x59c4,0x59c4,0x59c4,0x59c4,0x1082,0x0000,0x0000,
    0x0000,0x0000,0x0000,0x0000,0x0000,0x0000,0x0000,0x0000,0x0000,0x0000,0x0000,0x0000,0x0000,0x0000,0x0000,0x0000,
    0x0000,0x0000,0x0000,0x0000,0x0000,0x0000,0x0000,0x0000,0x0000,0x0000,0x0000,0x0000,0x0000,0x0000,0x0000,0x0000,
    0x0000,0x0000,0x1082,0x1082,0x1082,0x59c4,0x59c4,0x59c4,0x59c4,0x1082,0x1082,0x1082,0x1082,0x1082,0xfe00,0xfe00,
    0xfe00,0xfe00,0xfe00,0xfe00,0xfe00,0xfe00,0xfe00,0xfe00,0xfe00,0xfe00,0xfe00,0xfe00,0xfe00,0xfe00,0xfe00,0xfe00,
    0xfe00,0xfe00,0xfe00,0x1082,0x1082,0x1082,0x1082,0x1082,0x59c4,0x59c4,0x59c4,0x59c4,0x1082,0x1082,0x1082,0x0000,
    0x0000,0x0000,0x0000,0x0000,0x0000,0x0000,0x0000,0x0000,0x0000,0x0000,0x0000,0x0000,0x0000,0x0000,0x0000,0x0000,
    0x0000,0x0000,0x0000,0x0000,0x0000,0x0000,0x0000,0x0000,0x0000,0x0000,0x0000,0x0000,0x0000,0x0000,0x0000,0x0000,
    0x0000,0x0000,0x0000,0x1082,0x1082,0x59c4,0x59c4,0x59c4,0x59c4,0x59c4,0x59c4,0x1082,0x1082,0x1082,0x1082,0x1082,
    0x1082,0xfe00,0xfe00,0xfe00,0xfe00,0xfe00,0xfe00,0xfe00,0xfe00,0xfe00,0xfe00,0xfe00,0xfe00,0xfe00,0xfe00,0xfe00,
    0x1082,0x1082,0x1082,0x1082,0x1082,0x1082,0x59c4,0x59c4,0x59c4,0x59c4,0x59c4,0x59c4,0x1082,0x1082,0x0000,0x0000,
    0x0000,0x0000,0x0000,0x0000,0x0000,0x0000,0x0000,0x0000,0x0000,0x0000,0x0000,0x0000,0x0000,0x0000,0x0000,0x0000,
    0x0000,0x0000,0x0000,0x0000,0x0000,0x0000,0x0000,0x0000,0x0000,0x0000,0x0000,0x0000,0x0000,0x0000,0x0000,0x0000,
    0x0000,0x0000,0x0000,0x1082,0x1082,0x1082,0x1082,0x59c4,0x59c4,0x59c4,0x59c4,0x59c4,0x59c4,0x59c4,0x1082,0x1082,
    0x1082,0x1082,0x1082,0x1082,0x1082,0x1082,0x1082,0x1082,0xfe00,0x1082,0x1082,0x1082,0x1082,0x1082,0x1082,0x1082,
    0x1082,0x1082,0x1082,0x59c4,0x59c4,0x59c4,0x59c4,0x59c4,0x59c4,0x59c4,0x1082,0x1082,0x1082,0x1082,0x0000,0x0000,
    0x0000,0x0000,0x0000,0x0000,0x0000,0x0000,0x0000,0x0000,0x0000,0x0000,0x0000,0x0000,0x0000,0x0000,0x0000,0x0000,
    0x0000,0x0000,0x0000,0x0000,0x0000,0x0000,0x0000,0x0000,0x0000,0x0000,0x0000,0x0000,0x0000,0x0000,0x0000,0x0000,
    0x0000,0x0000,0x0000,0x0000,0x1082,0x1082,0x1082,0x1082,0x1082,0x1082,0x1082,0x59c4,0x1082,0x1082,0x1082,0x1082,
    0x1082,0x1082,0x1082,0x1082,0x1082,0x1082,0x1082,0x1082,0x1082,0x1082,0x1082,0x1082,0x1082,0x1082,0x1082,0x1082,
    0x1082,0x1082,0x1082,0x1082,0x1082,0x59c4,0x1082,0x1082,0x1082,0x1082,0x1082,0x1082,0x1082,0x0000,0x0000,0x0000,
    0x0000,0x0000,0x0000,0x0000,0x0000,0x0000,0x0000,0x0000,0x0000,0x0000,0x0000,0x0000,0x0000,0x0000,0x0000,0x0000,
    0x0000,0x0000,0x0000,0x0000,0x0000,0x0000,0x0000,0x0000,0x0000,0x0000,0x0000,0x0000,0x0000,0x0000,0x0000,0x0000,
    0x0000,0x0000,0x0000,0x0000,0x0000,0x0000,0x1082,0x1082,0x1082,0x1082,0x1082,0x1082,0x1082,0x1082,0x1082,0x1082,
    0x1082,0x0000,0x0000,0x0000,0x0000,0x0000,0x0000,0x0000,0x1082,0x0000,0x0000,0x0000,0x0000,0x0000,0x0000,0x0000,
    0x1082,0x1082,0x1082,0x1082,0x1082,0x1082,0x1082,0x1082,0x1082,0x1082,0x1082,0x0000,0x0000,0x0000,0x0000,0x0000,
    0x0000,0x0000,0x0000,0x0000,0x0000,0x0000,0x0000,0x0000,0x0000,0x0000,0x0000,0x0000,0x0000,0x0000,0x0000,0x0000,
    0x0000,0x0000,0x0000,0x0000,0x0000,0x0000,0x0000,0x0000,0x0000,0x0000,0x0000,0x0000,0x0000,0x0000,0x0000,0x0000,
    0x0000,0x0000,0x0000,0x0000,0x0000,0x0000,0x0000,0x0000,0x0000,0x0000,0x0000,0x1082,0x0000,0x0000,0x0000,0x0000,
    0x0000,0x0000,0x0000,0x0000,0x0000,0x0000,0x0000,0x0000,0x0000,0x0000,0x0000,0x0000,0x0000,0x0000,0x0000,0x0000,
    0x0000,0x0000,0x0000,0x0000,0x0000,0x1082,0x0000,0x0000,0x0000,0x0000,0x0000,0x0000,0x0000,0x0000,0x0000,0x0000,
    0x0000,0x0000,0x0000,0x0000,0x0000,0x0000,0x0000,0x0000,0x0000,0x0000,0x0000,0x0000,0x0000,0x0000,0x0000,0x0000,
    0x0000,0x0000,0x0000,0x0000,0x0000,0x0000,0x0000,0x0000,0x0000,0x0000,0x0000,0x0000,0x0000,0x0000,0x0000,0x0000,
    0x0000,0x0000,0x0000,0x0000,0x0000,0x0000,0x0000,0x0000,0x0000,0x0000,0x0000,0x0000,0x0000,0x0000,0x0000,0x0000,
    0x0000,0x0000,0x0000,0x0000,0x0000,0x0000,0x0000,0x0000,0x0000,0x0000,0x0000,0x0000,0x0000,0x0000,0x0000,0x0000,
    0x0000,0x0000,0x0000,0x0000,0x0000,0x0000,0x0000,0x0000,0x0000,0x0000,0x0000,0x0000,0x0000,0x0000,0x0000,0x0000,
    0x0000,0x0000,0x0000,0x0000,0x0000,0x0000,0x0000,0x0000,0x0000,0x0000,0x0000,0x0000,0x0000,0x0000,0x0000,0x0000,
    0x0000,0x0000,0x0000,0x0000,0x0000,0x0000,0x0000,0x0000,0x0000,0x0000,0x0000,0x0000,0x0000,0x0000,0x0000,0x0000,
    0x0000,0x0000,0x0000,0x0000,0x0000,0x0000,0x0000,0x0000,0x0000,0x0000,0x0000,0x0000,0x0000,0x0000,0x0000,0x0000,
    0x0000,0x0000,0x0000,0x0000,0x0000,0x0000,0x0000,0x0000,0x0000,0x0000,0x0000,0x0000,0x0000,0x0000,0x0000,0x0000,
    0x0000,0x0000,0x0000,0x0000,0x0000,0x0000,0x0000,0x0000,0x0000,0x0000,0x0000,0x0000,0x0000,0x0000,0x0000,0x0000,
    0x0000,0x0000,0x0000,0x0000,0x0000,0x0000,0x0000,0x0000,0x0000,0x0000,0x0000,0x0000,0x0000,0x0000,0x0000,0x0000,
    0x0000,0x0000,0x0000,0x0000,0x0000,0x0000,0x0000,0x0000,0x0000,0x0000,0x0000,0x0000,0x0000,0x0000,0x0000,0x0000,
    0x0000,0x0000,0x0000,0x0000,0x0000,0x0000,0x0000,0x0000,0x0000,0x0000,0x0000,0x0000,0x0000,0x0000,0x0000,0x0000,
    0x0000,0x0000,0x0000,0x0000,0x0000,0x0000,0x0000,0x0000,0x0000,0x0000,0x0000,0x0000,0x0000,0x0000,0x0000,0x0000,
    0x0000,0x0000,0x0000,0x0000,0x0000,0x0000,0x0000,0x0000,0x0000,0x0000,0x0000,0x0000,0x0000,0x0000,0x0000,0x0000,
    0x0000,0x0000,0x0000,0x0000,0x0000,0x0000,0x0000,0x0000,0x0000,0x0000,0x0000,0x0000,0x0000,0x0000,0x0000,0x0000,
    0x0000,0x0000,0x0000,0x0000,0x0000,0x0000,0x0000,0x0000,0x0000,0x0000,0x0000,0x0000,0x0000,0x0000,0x0000,0x0000,
    0x0000,0x0000,0x0000,0x0000,0x0000,0x0000,0x0000,0x0000,0x0000,0x0000,0x0000,0x0000,0x0000,0x0000,0x0000,0x0000,
    0x0000,0x0000,0x0000,0x0000,0x0000,0x0000,0x0000,0x0000,0x0000,0x0000,0x0000,0x0000,0x0000,0x0000,0x0000,0x0000,
    0x0000,0x0000,0x0000,0x0000,0x0000,0x0000,0x0000,0x0000,0x0000,0x0000,0x0000,0x0000,0x0000,0x0000,0x0000,0x0000,
    0x0000,0x0000,0x0000,0x0000,0x0000,0x0000,0x0000,0x0000,0x0000,0x0000,0x0000,0x0000,0x0000,0x0000,0x0000,0x0000,
    0x0000,0x0000,0x0000,0x0000,0x0000,0x0000,0x0000,0x0000,0x0000,0x0000,0x0000,0x0000,0x0000,0x0000,0x0000,0x0000,
    0x0000,0x0000,0x0000,0x0000,0x0000,0x0000,0x0000,0x0000,0x0000,0x0000,0x0000,0x0000,0x0000,0x0000,0x0000,0x0000,
    0x0000,0x0000,0x0000,0x0000,0x0000,0x0000,0x0000,0x0000,0x0000,0x0000,0x0000,0x0000,0x0000,0x0000,0x0000,0x0000,
    0x0000,0x0000,0x0000,0x0000,0x0000,0x0000,0x0000,0x0000,0x0000,0x0000,0x0000,0x0000,0x0000,0x0000,0x0000,0x0000,
    0x0000,0x0000,0x0000,0x0000,0x0000,0x0000,0x0000,0x0000,0x0000,0x0000,0x0000,0x0000,0x0000,0x0000,0x0000,0x0000,
    0x0000,0x0000,0x0000,0x0000,0x0000,0x0000,0x0000,0x0000,0x0000,0x0000,0x0000,0x0000,0x0000,0x0000,0x0000,0x0000,
    0x0000,0x0000,0x0000,0x0000,0x0000,0x0000,0x0000,0x0000,0x0000,0x0000,0x0000,0x0000,0x0000,0x0000,0x0000,0x0000,
    0x0000,0x0000,0x0000,0x0000,0x0000,0x0000,0x0000,0x0000,0x0000,0x0000,0x0000,0x0000,0x0000,0x0000,0x0000,0x0000,
    0x0000,0x0000,0x0000,0x0000,0x0000,0x0000,0x0000,0x0000,0x0000,0x0000,0x0000,0x0000,0x0000,0x0000,0x0000,0x0000,
    0x0000,0x0000,0x0000,0x0000,0x0000,0x0000,0x0000,0x0000,0x0000,0x0000,0x0000,0x0000,0x0000,0x0000,0x0000,0x0000,
    0x0000,0x0000,0x0000,0x0000,0x0000,0x0000,0x0000,0x0000,0x0000,0x0000,0x0000,0x0000,0x0000,0x0000,0x0000,0x0000,
    0x0000,0x0000,0x0000,0x0000,0x0000,0x0000,0x0000,0x0000,0x0000,0x0000,0x0000,0x0000,0x0000,0x0000,0x0000,0x0000,
    0x0000,0x0000,0x0000,0x0000,0x0000,0x0000,0x0000,0x0000,0x0000,0x0000,0x0000,0x0000,0x0000,0x0000,0x0000,0x0000,
    0x0000,0x0000,0x0000,0x0000,0x0000,0x0000,0x0000,0x0000,0x0000,0x0000,0x0000,0x0000,0x0000,0x0000,0x0000,0x0000,
    0x0000,0x0000,0x0000,0x0000,0x0000,0x0000,0x0000,0x0000,0x0000,0x0000,0x0000,0x0000,0x0000,0x0000,0x0000,0x0000,
  },
  // happy frame 1
  {
    0x0000,0x0000,0x0000,0x0000,0x0000,0x0000,0x0000,0x0000,0x0000,0x0000,0x0000,0x0000,0x0000,0x0000,0x0000,0x0000,
    0x0000,0x0000,0x0000,0x0000,0x0000,0x0000,0x0000,0x0000,0x0000,0x0000,0x0000,0x0000,0x0000,0x0000,0x0000,0x0000,
    0x0000,0x0000,0x0000,0x0000,0x0000,0x0000,0x0000,0x0000,0x0000,0x0000,0x0000,0x0000,0x0000,0x0000,0x0000,0x0000,
    0x0000,0x0000,0x0000,0x0000,0x0000,0x0000,0x0000,0x0000,0x0000,0x0000,0x0000,0x0000,0x0000,0x0000,0x0000,0x0000,
    0x0000,0x0000,0x0000,0x0000,0x0000,0x0000,0x0000,0x0000,0x0000,0x0000,0x0000,0x0000,0x0000,0x0000,0x0000,0x0000,
    0x0000,0x0000,0x0000,0x0000,0x0000,0x0000,0x0000,0x0000,0x0000,0x0000,0x0000,0x0000,0x0000,0x0000,0x0000,0x0000,
    0x0000,0x0000,0x0000,0x0000,0x0000,0x0000,0x0000,0x0000,0x0000,0x0000,0x0000,0x0000,0x0000,0x0000,0x0000,0x0000,
    0x0000,0x0000,0x0000,0x0000,0x0000,0x0000,0x0000,0x0000,0x0000,0x0000,0x0000,0x0000,0x0000,0x0000,0x0000,0x0000,
    0x0000,0x0000,0x0000,0x0000,0x0000,0x0000,0x0000,0x0000,0x0000,0x0000,0x0000,0x0000,0x0000,0x0000,0x0000,0x0000,
    0x0000,0x0000,0x0000,0x0000,0x0000,0x0000,0x0000,0x0000,0x0000,0x0000,0x0000,0x0000,0x0000,0x0000,0x0000,0x0000,
    0x0000,0x0000,0x0000,0x0000,0x0000,0x0000,0x0000,0x0000,0x0000,0x0000,0x0000,0x0000,0x0000,0x0000,0x0000,0x0000,
    0x0000,0x0000,0x0000,0x0000,0x0000,0x0000,0x0000,0x0000,0x0000,0x0000,0x0000,0x0000,0x0000,0x0000,0x0000,0x0000,
    0x0000,0x0000,0x0000,0x0000,0x0000,0x0000,0x0000,0x0000,0x0000,0x0000,0x0000,0x0000,0x0000,0x0000,0x0000,0x0000,
    0x0000,0x0000,0x0000,0x0000,0x0000,0x0000,0x0000,0x0000,0x0000,0x0000,0x0000,0x0000,0x0000,0x0000,0x0000,0x0000,
    0x0000,0x0000,0x0000,0x0000,0x0000,0x0000,0x0000,0x0000,0x0000,0x0000,0x0000,0x0000,0x0000,0x0000,0x0000,0x0000,
    0x0000,0x0000,0x0000,0x0000,0x0000,0x0000,0x0000,0x0000,0x0000,0x0000,0x0000,0x0000,0x0000,0x0000,0x0000,0x0000,
    0x0000,0x0000,0x0000,0x0000,0x0000,0x0000,0x0000,0x0000,0x0000,0x0000,0x0000,0x0000,0x0000,0x0000,0x0000,0x0000,
    0x0000,0x0000,0x0000,0x0000,0x0000,0x0000,0x0000,0x0000,0x0000,0x0000,0x0000,0x0000,0x0000,0x0000,0x0000,0x0000,
    0x0000,0x0000,0x0000,0x0000,0x0000,0x0000,0x0000,0x0000,0x0000,0x0000,0x0000,0x0000,0x0000,0x0000,0x0000,0x0000,
    0x0000,0x0000,0x0000,0x0000,0x0000,0x0000,0x0000,0x0000,0x0000,0x0000,0x0000,0x0000,0x0000,0x0000,0x0000,0x0000,
    0x0000,0x0000,0x0000,0x0000,0x0000,0x0000,0x0000,0x0000,0x0000,0x0000,0x0000,0x0000,0x0000,0x0000,0x0000,0x0000,
    0x0000,0x0000,0x0000,0x0000,0x0000,0x0000,0x0000,0x0000,0x0000,0x0000,0x0000,0x0000,0x0000,0x0000,0x0000,0x0000,
    0x0000,0x0000,0x0000,0x0000,0x0000,0x0000,0x0000,0x0000,0x0000,0x0000,0x0000,0x0000,0x0000,0x0000,0x0000,0x0000,
    0x0000,0x0000,0x0000,0x0000,0x0000,0x0000,0x0000,0x0000,0x0000,0x0000,0x0000,0x0000,0x0000,0x0000,0x0000,0x0000,
    0x0000,0x0000,0x0000,0x0000,0x0000,0x0000,0x0000,0x0000,0x0000,0x0000,0x0000,0x0000,0x0000,0x0000,0x0000,0x0000,
    0x0000,0x0000,0x0000,0x0000,0x0000,0x0000,0x0000,0x0000,0x0000,0x0000,0x0000,0x0000,0x0000,0x0000,0x0000,0x0000,
    0x0000,0x0000,0x0000,0x0000,0x0000,0x0000,0x0000,0x0000,0x0000,0x0000,0x0000,0x0000,0x0000,0x0000,0x0000,0x0000,
    0x0000,0x0000,0x0000,0x0000,0x0000,0x0000,0x0000,0x0000,0x0000,0x0000,0x0000,0x0000,0x0000,0x0000,0x0000,0x0000,
    0x0000,0x0000,0x0000,0x0000,0x0000,0x0000,0x0000,0x0000,0x0000,0x0000,0x0000,0x0000,0x0000,0x0000,0x0000,0x0000,
    0x0000,0x0000,0x0000,0x0000,0x0000,0x0000,0x0000,0x0000,0x0000,0x0000,0x0000,0x0000,0x0000,0x0000,0x0000,0x0000,
    0x0000,0x0000,0x0000,0x0000,0x0000,0x0000,0x0000,0x0000,0x0000,0x0000,0x0000,0x0000,0x0000,0x0000,0x0000,0x0000,
    0x0000,0x0000,0x0000,0x0000,0x0000,0x0000,0x0000,0x0000,0x0000,0x0000,0x0000,0x0000,0x0000,0x0000,0x0000,0x0000,
    0x0000,0x0000,0x0000,0x0000,0x0000,0x0000,0x0000,0x0000,0x0000,0x0000,0x0000,0x0000,0x0000,0x0000,0x0000,0x0000,
    0x0000,0x0000,0x0000,0x0000,0x0000,0x0000,0x0000,0x0000,0x0000,0x0000,0x0000,0x0000,0x0000,0x0000,0x0000,0x0000,
    0x0000,0x0000,0x0000,0x0000,0x0000,0x0000,0x0000,0x0000,0x0000,0x0000,0x0000,0x0000,0x0000,0x0000,0x0000,0x0000,
    0x0000,0x0000,0x0000,0x0000,0x0000,0x0000,0x0000,0x0000,0x0000,0x0000,0x0000,0x0000,0x0000,0x0000,0x0000,0x0000,
    0x0000,0x0000,0x0000,0x0000,0x0000,0x0000,0x0000,0x0000,0x0000,0x0000,0x0000,0x0000,0x0000,0x0000,0x0000,0x0000,
    0x0000,0x0000,0x0000,0x0000,0x0000,0x0000,0x0000,0x1082,0x1082,0x1082,0x0000,0x0000,0x0000,0x0000,0x0000,0x0000,
    0x0000,0x0000,0x0000,0x0000,0x0000,0x0000,0x0000,0x0000,0x0000,0x0000,0x0000,0x0000,0x0000,0x0000,0x0000,0x0000,
    0x0000,0x0000,0x0000,0x0000,0x0000,0x0000,0x0000,0x0000,0x0000,0x0000,0x0000,0x0000,0x0000,0x0000,0x0000,0x0000,
    0x0000,0x0000,0x0000,0x0000,0x0000,0x0000,0x0000,0x0000,0x0000,0x0000,0x0000,0x0000,0x0000,0x0000,0x0000,0x0000,
    0x0000,0x0000,0x0000,0x0000,0x0000,0x0000,0x0000,0x0000,0x0000,0x0000,0x0000,0x0000,0x0000,0x0000,0x0000,0x0000,
    0x0000,0x0000,0x0000,0x0000,0x0000,0x0000,0x0000,0x7f32,0x7f32,0x7f32,0x0000,0x0000,0x0000,0x0000,0x0000,0x0000,
    0x0000,0x0000,0x0000,0x0000,0x0000,0x0000,0x0000,0x0000,0x0000,0x0000,0x0000,0x0000,0x0000,0x0000,0x0000,0x0000,
    0x0000,0x0000,0x0000,0x0000,0x0000,0x0000,0x0000,0x0000,0x0000,0x0000,0x0000,0x0000,0x0000,0x0000,0x0000,0x0000,
    0x0000,0x0000,0x0000,0x0000,0x0000,0x0000,0x0000,0x0000,0x0000,0x0000,0x0000,0x0000,0x0000,0x0000,0x0000,0x0000,
    0x0000,0x0000,0x0000,0x0000,0x0000,0x0000,0x0000,0x0000,0x0000,0x0000,0x0000,0x0000,0x0000,0x0000,0x0000,0x0000,
    0x0000,0x0000,0x0000,0x0000,0x0000,0x0000,0x1082,0x7f32,0x7f32,0x7f32,0x1082,0x0000,0x0000,0x0000,0x0000,0x0000,
    0x0000,0x0000,0x0000,0x0000,0x0000,0x0000,0x0000,0x0000,0x0000,0x0000,0x0000,0x0000,0x0000,0x0000,0x0000,0x0000,
    0x0000,0x0000,0x0000,0x0000,0x0000,0x0000,0x0000,0x0000,0x0000,0x0000,0x0000,0x0000,0x0000,0x0000,0x0000,0x0000,
    0x0000,0x0000,0x0000,0x0000,0x0000,0x0000,0x0000,0x0000,0x0000,0x0000,0x0000,0x0000,0x0000,0x0000,0x0000,0x0000,
    0x0000,0x0000,0x0000,0x0000,0x0000,0x0000,0x0000,0x0000,0x0000,0x0000,0x0000,0x0000,0x0000,0x0000,0x0000,0x0000,
    0x0000,0x0000,0x0000,0x0000,0x0000,0x0000,0x1082,0x7f32,0x7f32,0x7f32,0x1082,0x0000,0x0000,0x0000,0x0000,0x0000,
    0x0000,0x0000,0x0000,0x0000,0x0000,0x0000,0x0000,0x0000,0x0000,0x0000,0x0000,0x0000,0x0000,0x0000,0x0000,0x0000,
    0x0000,0x0000,0x0000,0x0000,0x0000,0x0000,0x0000,0x0000,0x0000,0x0000,0x0000,0x0000,0x0000,0x0000,0x0000,0x0000,
    0x0000,0x0000,0x0000,0x0000,0x0000,0x0000,0x0000,0x0000,0x0000,0x0000,0x0000,0x0000,0x0000,0x0000,0x0000,0x0000,
    0x0000,0x0000,0x0000,0x0000,0x0000,0x0000,0x0000,0x0000,0x0000,0x0000,0x0000,0x0000,0x0000,0x0000,0x0000,0x0000,
    0x0000,0x1082,0x1082,0x1082,0x1082,0x1082,0x7f32,0x7f32,0x7f32,0x7f32,0x7f32,0x1082,0x1082,0x1082,0x1082,0x1082,
    0x0000,0x0000,0x0000,0x0000,0x0000,0x0000,0x0000,0x0000,0x0000,0x0000,0x0000,0x0000,0x0000,0x0000,0x0000,0x0000,
    0x0000,0x0000,0x0000,0x0000,0x0000,0x0000,0x0000,0x0000,0x0000,0x0000,0x0000,0x0000,0x0000,0x0000,0x0000,0x0000,
    0x0000,0x0000,0x0000,0x0000,0x0000,0x0000,0x0000,0x0000,0x0000,0x0000,0x0000,0x0000,0x0000,0x0000,0x0000,0x0000,
    0x0000,0x0000,0x0000,0x0000,0x0000,0x0000,0x0000,0x0000,0x0000,0x0000,0x0000,0x0000,0x0000,0x0000,0x1082,0x1082,
    0x1082,0x1082,0x1082,0x1082,0x1082,0x1082,0x7f32,0x7f32,0x7f32,0x7f32,0x7f32,0x1082,0x1082,0x1082,0x1082,0x1082,
    0x1082,0x1082,0x1082,0x0000,0x0000,0x0000,0x0000,0x0000,0x0000,0x0000,0x0000,0x0000,0x0000,0x0000,0x0000,0x0000,
    0x0000,0x0000,0x0000,0x0000,0x0000,0x0000,0x0000,0x0000,0x0000,0x0000,0x0000,0x0000,0x0000,0x0000,0x0000,0x0000,
    0x0000,0x0000,0x0000,0x0000,0x0000,0x0000,0x0000,0x0000,0x0000,0x0000,0x0000,0x0000,0x0000,0x0000,0x0000,0x0000,
    0x0000,0x0000,0x0000,0x0000,0x0000,0x0000,0x0000,0x0000,0x0000,0x0000,0x0000,0x1082,0x1082,0x1082,0x1082,0x1082,
    0x1082,0xfe00,0xfe00,0xfe00,0xfe00,0x1082,0x7f32,0x7f32,0x7f32,0x7f32,0x7f32,0x1082,0xfe00,0xfe00,0xfe00,0xfe00,
    0x1082,0x1082,0x1082,0x1082,0x1082,0x1082,0x0000,0x0000,0x0000,0x0000,0x0000,0x0000,0x0000,0x0000,0x0000,0x0000,
    0x0000,0x0000,0x0000,0x0000,0x0000,0x0000,0x0000,0x0000,0x0000,0x0000,0x0000,0x0000,0x0000,0x0000,0x0000,0x0000,
    0x0000,0x0000,0x0000,0x0000,0x0000,0x0000,0x0000,0x0000,0x0000,0x0000,0x0000,0x0000,0x0000,0x0000,0x0000,0x0000,
    0x0000,0x0000,0x0000,0x0000,0x0000,0x0000,0x0000,0x0000,0x0000,0x1082,0x1082,0x1082,0x1082,0x1082,0xfe00,0xfe00,
    0xfe00,0xfe00,0xfe00,0xfe00,0xfe00,0x1082,0x7f32,0x7f32,0x7f32,0x7f32,0x7f32,0x1082,0xfe00,0xfe00,0xfe00,0xfe00,
    0xfe00,0xfe00,0xfe00,0x1082,0x1082,0x1082,0x1082,0x1082,0x0000,0x0000,0x0000,0x0000,0x0000,0x0000,0x0000,0x0000,
    0x0000,0x0000,0x0000,0x0000,0x0000,0x0000,0x0000,0x0000,0x0000,0x0000,0x0000,0x0000,0x0000,0x0000,0x0000,0x0000,
    0x0000,0x0000,0x0000,0x0000,0x0000,0x0000,0x0000,0x0000,0x0000,0x0000,0x0000,0x0000,0x0000,0x0000,0x0000,0x0000,
    0x0000,0x0000,0x0000,0x0000,0x0000,0x0000,0x0000,0x0000,0x1082,0x1082,0x1082,0x1082,0xfe00,0xfe00,0xfe00,0xfe00,
    0xfe00,0xfe00,0xfe00,0xfe00,0xfe00,0x1082,0x7f32,0x7f32,0x7f32,0x7f32,0x7f32,0x1082,0xfe00,0xfe00,0xfe00,0xfe00,
    0xfe00,0xfe00,0xfe00,0xfe00,0xfe00,0x1082,0x1082,0x1082,0x1082,0x0000,0x0000,0x0000,0x0000,0x0000,0x0000,0x0000,
    0x0000,0x0000,0x0000,0x0000,0x0000,0x0000,0x0000,0x0000,0x0000,0x0000,0x0000,0x0000,0x0000,0x0000,0x0000,0x0000,
    0x0000,0x0000,0x0000,0x0000,0x0000,0x0000,0x0000,0x0000,0x0000,0x0000,0x0000,0x0000,0x0000,0x0000,0x0000,0x0000,
    0x0000,0x0000,0x0000,0x0000,0x0000,0x0000,0x1082,0x1082,0x1082,0x1082,0xfe00,0xfe00,0xfe00,0xfe00,0xfe00,0xfe00,
    0xfe00,0xfe00,0xfe00,0xfe00,0xfe00,0x1082,0x1082,0x1082,0xfe00,0x1082,0x1082,0x1082,0xfe00,0xfe00,0xfe00,0xfe00,
    0xfe00,0xfe00,0xfe00,0xfe00,0xfe00,0xfe00,0xfe00,0x1082,0x1082,0x1082,0x1082,0x0000,0x0000,0x0000,0x0000,0x0000,
    0x0000,0x0000,0x0000,0x0000,0x0000,0x0000,0x0000,0x0000,0x0000,0x0000,0x0000,0x0000,0x0000,0x0000,0x0000,0x0000,
    0x0000,0x0000,0x0000,0x0000,0x0000,0x0000,0x0000,0x0000,0x0000,0x0000,0x0000,0x0000,0x0000,0x0000,0x0000,0x0000,
    0x0000,0x0000,0x0000,0x0000,0x0000,0x1082,0x1082,0x1082,0x1082,0x1082,0x1082,0x1082,0x1082,0xfe00,0xfe00,0xfe00,
    0xfe00,0xfe00,0xfe00,0xfe00,0xfe00,0xfe00,0xfe00,0xfe00,0xfe00,0xfe00,0xfe00,0xfe00,0xfe00,0xfe00,0xfe00,0xfe00,
    0xfe00,0xfe00,0xfe00,0xfe00,0x1082,0x1082,0x1082,0x1082,0x1082,0x1082,0x1082,0x1082,0x0000,0x0000,0x0000,0x0000,
    0x0000,0x0000,0x0000,0x0000,0x0000,0x0000,0x0000,0x0000,0x0000,0x0000,0x0000,0x0000,0x0000,0x0000,0x0000,0x0000,
    0x0000,0x0000,0x0000,0x0000,0x0000,0x0000,0x0000,0x0000,0x0000,0x0000,0x0000,0x0000,0x0000,0x0000,0x0000,0x0000,
    0x0000,0x0000,0x0000,0x0000,0x1082,0x1082,0x1082,0x1082,0x1082,0x1082,0x1082,0x1082,0x1082,0x1082,0xfe00,0xfe00,
    0xfe00,0xfe00,0xfe00,0xfe00,0xfe00,0xfe00,0xfe00,0xfe00,0xfe00,0xfe00,0xfe00,0xfe00,0xfe00,0xfe00,0xfe00,0xfe00,
    0xfe00,0xfe00,0xfe00,0x1082,0x1082,0x1082,0x1082,0x1082,0x1082,0x1082,0x1082,0x1082,0x1082,0x0000,0x0000,0x0000,
    0x0000,0x0000,0x0000,0x0000,0x0000,0x0000,0x0000,0x0000,0x0000,0x0000,0x0000,0x0000,0x0000,0x0000,0x0000,0x0000,
    0x0000,0x0000,0x0000,0x0000,0x0000,0x0000,0x0000,0x0000,0x0000,0x0000,0x0000,0x0000,0x0000,0x0000,0x0000,0x0000,
    0x0000,0x0000,0x0000,0x1082,0x1082,0x1082,0x1082,0x1082,0x1082,0x7f32,0x1082,0x1082,0x1082,0x1082,0x1082,0xfe00,
    0xfe00,0xfe00,0xfe00,0xfe00,0xfe00,0xfe00,0xfe00,0xfe00,0xfe00,0xfe00,0xfe00,0xfe00,0xfe00,0xfe00,0xfe00,0xfe00,
    0xfe00,0xfe00,0x1082,0x1082,0x1082,0x1082,0x1082,0x7f32,0x1082,0x1082,0x1082,0x1082,0x1082,0x1082,0x0000,0x0000,
    0x0000,0x0000,0x0000,0x0000,0x0000,0x0000,0x0000,0x0000,0x0000,0x0000,0x0000,0x0000,0x0000,0x0000,0x0000,0x0000,
    0x0000,0x0000,0x0000,0x0000,0x0000,0x0000,0x0000,0x0000,0x0000,0x0000,0x0000,0x0000,0x0000,0x0000,0x0000,0x0000,
    0x0000,0x0000,0x1082,0x1082,0x1082,0x1082,0x1082,0x7f32,0x7f32,0x7f32,0x7f32,0x7f32,0x1082,0x1082,0x1082,0x1082,
    0xfe00,0xfe00,0xfe00,0xfe00,0xfe00,0xfe00,0xfe00,0xfe00,0xfe00,0xfe00,0xfe00,0xfe00,0xfe00,0xfe00,0xfe00,0xfe00,
    0xfe00,0x1082,0x1082,0x1082,0x1082,0x7f32,0x7f32,0x7f32,0x7f32,0x7f32,0x1082,0x1082,0x1082,0x1082,0x1082,0x0000,
    0x0000,0x0000,0x0000,0x0000,0x0000,0x0000,0x0000,0x0000,0x0000,0x0000,0x0000,0x0000,0x0000,0x0000,0x0000,0x0000,
    0x0000,0x0000,0x0000,0x0000,0x0000,0x0000,0x0000,0x0000,0x0000,0x0000,0x0000,0x0000,0x0000,0x0000,0x0000,0x0000,
    0x0000,0x1082,0x1082,0x1082,0x1082,0x1082,0x7f32,0x7f32,0x7f32,0x7f32,0x7f32,0x7f32,0x7f32,0x1082,0x1082,0x1082,
    0xfe00,0xfe00,0xfe00,0xfe00,0xfe00,0xfe00,0xfe00,0xfe00,0xfe00,0xfe00,0xfe00,0xfe00,0xfe00,0xfe00,0xfe00,0xfe00,
    0xfe00,0x1082,0x1082,0x1082,0x7f32,0x7f32,0x7f32,0x7f32,0x7f32,0x7f32,0x7f32,0x1082,0x1082,0x1082,0x1082,0x1082,
    0x0000,0x0000,0x0000,0x0000,0x0000,0x0000,0x0000,0x0000,0x0000,0x0000,0x0000,0x0000,0x0000,0x0000,0x0000,0x0000,
    0x0000,0x0000,0x0000,0x0000,0x0000,0x0000,0x0000,0x0000,0x0000,0x0000,0x0000,0x0000,0x0000,0x0000,0x0000,0x0000,
    0x1082,0x1082,0x1082,0x1082,0x1082,0x1082,0x7f32,0x7f32,0x7f32,0x7f32,0x7f32,0x7f32,0x7f32,0x1082,0x1082,0x1082,
    0xfe00,0xfe00,0xfe00,0xfe00,0xfe00,0xfe00,0xfe00,0xfe00,0xfe00,0xfe00,0xfe00,0xfe00,0xfe00,0xfe00,0xfe00,0xfe00,
    0xfe00,0x1082,0x1082,0x1082,0x7f32,0x7f32,0x7f32,0x7f32,0x7f32,0x7f32,0x7f32,0x1082,0x1082,0x1082,0x1082,0x1082,
    0x1082,0x0000,0x0000,0x0000,0x0000,0x0000,0x0000,0x0000,0x0000,0x0000,0x0000,0x0000,0x0000,0x0000,0x0000,0x0000,
    0x0000,0x0000,0x0000,0x0000,0x0000,0x0000,0x0000,0x0000,0x0000,0x0000,0x0000,0x0000,0x0000,0x0000,0x0000,0x1082,
    0x1082,0x1082,0x1082,0x1082,0x1082,0x7f32,0x7f32,0x7f32,0x7f32,0x7f32,0x7f32,0x7f32,0x7f32,0x7f32,0x1082,0x1082,
    0x1082,0xfe00,0xfe00,0xfe00,0xfe00,0xfe00,0xfe00,0xfe00,0xfe00,0xfe00,0xfe00,0xfe00,0xfe00,0xfe00,0xfe00,0xfe00,
    0x1082,0x1082,0x1082,0x7f32,0x7f32,0x7f32,0x7f32,0x7f32,0x7f32,0x7f32,0x7f32,0x7f32,0x1082,0x1082,0x1082,0x1082,
    0x1082,0x1082,0x0000,0x0000,0x0000,0x0000,0x0000,0x0000,0x0000,0x0000,0x0000,0x0000,0x0000,0x0000,0x0000,0x0000,
    0x0000,0x0000,0x0000,0x0000,0x0000,0x0000,0x0000,0x0000,0x0000,0x0000,0x0000,0x0000,0x0000,0x0000,0x0000,0x1082,
    0x1082,0xfe00,0xfe00,0x1082,0x1082,0x1082,0x7f32,0x7f32,0x7f32,0x7f32,0x7f32,0x7f32,0x7f32,0x1082,0x1082,0x1082,
    0xfe00,0xfe00,0xfe00,0xfe00,0xfe00,0xfe00,0xfe00,0xfe00,0xfe00,0xfe00,0xfe00,0xfe00,0xfe00,0xfe00,0xfe00,0xfe00,
    0xfe00,0x1082,0x1082,0x1082,0x7f32,0x7f32,0x7f32,0x7f32,0x7f32,0x7f32,0x7f32,0x1082,0x1082,0x1082,0xfe00,0xfe00,
    0x1082,0x1082,0x0000,0x0000,0x0000,0x0000,0x0000,0x0000,0x0000,0x0000,0x0000,0x0000,0x0000,0x0000,0x0000,0x0000,
    0x0000,0x0000,0x0000,0x0000,0x0000,0x0000,0x0000,0x0000,0x0000,0x0000,0x0000,0x0000,0x0000,0x0000,0x1082,0x1082,
    0xfe00,0xfe00,0xfe00,0x1082,0x1082,0x1082,0x7f32,0x7f32,0x7f32,0x7f32,0x7f32,0x7f32,0x7f32,0x1082,0x1082,0x1082,
    0xfe00,0xfe00,0xfe00,0xfe00,0xfe00,0xfe00,0xfe00,0xfe00,0xfe00,0xfe00,0xfe00,0xfe00,0xfe00,0xfe00,0xfe00,0xfe00,
    0xfe00,0x1082,0x1082,0x1082,0x7f32,0x7f32,0x7f32,0x7f32,0x7f32,0x7f32,0x7f32,0x1082,0x1082,0x1082,0xfe00,0xfe00,
    0xfe00,0x1082,0x1082,0x0000,0x0000,0x0000,0x0000,0x0000,0x0000,0x0000,0x0000,0x0000,0x0000,0x0000,0x0000,0x0000,
    0x0000,0x0000,0x0000,0x0000,0x0000,0x0000,0x0000,0x0000,0x0000,0x0000,0x0000,0x0000,0x0000,0x1082,0x1082,0x1082,
    0xfe00,0xfe00,0xfe00,0x1082,0x1082,0x1082,0x1082,0x7f32,0x7f32,0x7f32,0x7f32,0x7f32,0x1082,0x1082,0x1082,0x1082,
    0xfe00,0xfe00,0xfe00,0xfe00,0xfe00,0xfe00,0xfe00,0xfe00,0xfe00,0xfe00,0xfe00,0xfe00,0xfe00,0xfe00,0xfe00,0xfe00,
    0xfe00,0x1082,0x1082,0x1082,0x1082,0x7f32,0x7f32,0x7f32,0x7f32,0x7f32,0x1082,0x1082,0x1082,0x1082,0xfe00,0xfe00,
    0xfe00,0x1082,0x1082,0x1082,0x0000,0x0000,0x0000,0x0000,0x0000,0x0000,0x0000,0x0000,0x0000,0x0000,0x0000,0x0000,
    0x0000,0x0000,0x0000,0x0000,0x0000,0x0000,0x0000,0x0000,0x0000,0x0000,0x0000,0x0000,0x0000,0x1082,0x1082,0xfe00,
    0xfe00,0xfe00,0xfe00,0xfe00,0x1082,0x1082,0x1082,0x1082,0x1082,0x7f32,0x1082,0x1082,0x1082,0x1082,0x1082,0xfe00,
    0xfe00,0xfe00,0xfe00,0xfe00,0xfe00,0xfe00,0xfe00,0xfe00,0xfe00,0xfe00,0xfe00,0xfe00,0xfe00,0xfe00,0xfe00,0xfe00,
    0xfe00,0xfe00,0x1082,0x1082,0x1082,0x1082,0x1082,0x7f32,0x1082,0x1082,0x1082,0x1082,0x1082,0xfe00,0xfe00,0xfe00,
    0xfe00,0xfe00,0x1082,0x1082,0x0000,0x0000,0x0000,0x0000,0x0000,0x0000,0x0000,0x0000,0x0000,0x0000,0x0000,0x0000,
    0x0000,0x0000,0x0000,0x0000,0x0000,0x0000,0x0000,0x0000,0x0000,0x0000,0x0000,0x0000,0x1082,0x1082,0x1082,0xfe00,
    0xfe00,0xfe00,0xfe00,0xfe00,0xfe00,0x1082,0x1082,0x1082,0x1082,0x1082,0x1082,0x1082,0x1082,0x1082,0xfe00,0xfe00,
    0xfe00,0xfe00,0xfe00,0xfe00,0xfe00,0xfe00,0xfe00,0xfe00,0xfe00,0xfe00,0xfe00,0xfe00,0xfe00,0xfe00,0xfe00,0xfe00,
    0xfe00,0xfe00,0xfe00,0x1082,0x1082,0x1082,0x1082,0x1082,0x1082,0x1082,0x1082,0x1082,0xfe00,0xfe00,0xfe00,0xfe00,
    0xfe00,0xfe00,0x1082,0x1082,0x1082,0x0000,0x0000,0x0000,0x0000,0x0000,0x0000,0x0000,0x0000,0x0000,0x0000,0x0000,
    0x0000,0x0000,0x0000,0x0000,0x0000,0x0000,0x0000,0x0000,0x0000,0x0000,0x0000,0x0000,0x1082,0x1082,0xfe00,0xfe00,
    0xfe00,0xfe00,0xfe00,0xfe00,0xfe00,0xfe00,0x1082,0x1082,0x1082,0x1082,0x1082,0x1082,0x1082,0xfe00,0xfe00,0xfe00,
    0xfe00,0xfe00,0xfe00,0xfe00,0xfe00,0xfe00,0xfe00,0xfe00,0xfe00,0xfe00,0xfe00,0xfe00,0xfe00,0xfe00,0xfe00,0xfe00,
    0xfe00,0xfe00,0xfe00,0xfe00,0x1082,0x1082,0x1082,0x1082,0x1082,0x1082,0x1082,0xfe00,0xfe00,0xfe00,0xfe00,0xfe00,
    0xfe00,0xfe00,0xfe00,0x1082,0x1082,0x0000,0x0000,0x0000,0x0000,0x0000,0x0000,0x0000,0x0000,0x0000,0x0000,0x0000,
    0x0000,0x0000,0x0000,0x0000,0x0000,0x0000,0x0000,0x0000,0x0000,0x0000,0x0000,0x0000,0x1082,0x1082,0xfe00,0xfe00,
    0xfe00,0xfe00,0xfe00,0xfe00,0xfe00,0xfe00,0xfe00,0xfe00,0xfe00,0x1082,0xfe00,0xfe00,0xffff,0xfe00,0xfe00,0xfe00,
    0xfe00,0xfe00,0xfe00,0xfe00,0xfe00,0xfe00,0xfe00,0xfe00,0xfe00,0xfe00,0xfe00,0xfe00,0xfe00,0xfe00,0xfe00,0xfe00,
    0xfe00,0xfe00,0xfe00,0xfe00,0xffff,0xfe00,0xfe00,0x1082,0xfe00,0xfe00,0xfe00,0xfe00,0xfe00,0xfe00,0xfe00,0xfe00,
    0xfe00,0xfe00,0xfe00,0x1082,0x1082,0x0000,0x0000,0x0000,0x0000,0x0000,0x0000,0x0000,0x0000,0x0000,0x0000,0x0000,
    0x0000,0x0000,0x0000,0x0000,0x0000,0x0000,0x0000,0x0000,0x0000,0x0000,0x0000,0x1082,0x1082,0xfe00,0xfe00,0xfe00,
    0xfe00,0xfe00,0xfe00,0xfe00,0xfe00,0xfe00,0xfe00,0xfe00,0xfe00,0xfe00,0xffff,0xffff,0xffff,0xffff,0xffff,0xfe00,
    0xfe00,0xfe00,0xfe00,0xfe00,0xfe00,0xfe00,0xfe00,0xfe00,0xfe00,0xfe00,0xfe00,0xfe00,0xfe00,0xfe00,0xfe00,0xfe00,
    0xfe00,0xfe00,0xffff,0xffff,0xffff,0xffff,0xffff,0xfe00,0xfe00,0xfe00,0xfe00,0xfe00,0xfe00,0xfe00,0xfe00,0xfe00,
    0xfe00,0xfe00,0xfe00,0xfe00,0x1082,0x1082,0x0000,0x0000,0x0000,0x0000,0x0000,0x0000,0x0000,0x0000,0x0000,0x0000,
    0x0000,0x0000,0x0000,0x0000,0x0000,0x0000,0x0000,0x0000,0x0000,0x0000,0x0000,0x1082,0x1082,0xfe00,0xfe00,0xfe00,
    0xfe00,0xfe00,0xfe00,0xfe00,0xfe00,0xfe00,0xfe00,0xfe00,0xfe00,0xffff,0xffff,0xffff,0xffff,0xffff,0xffff,0xffff,
    0xfe00,0xfe00,0xfe00,0xfe00,0xfe00,0xfe00,0xfe00,0xfe00,0xfe00,0xfe00,0xfe00,0xfe00,0xfe00,0xfe00,0xfe00,0xfe00,
    0xfe00,0xffff,0xffff,0xffff,0xffff,0xffff,0xffff,0xffff,0xfe00,0xfe00,0xfe00,0xfe00,0xfe00,0xfe00,0xfe00,0xfe00,
    0xfe00,0xfe00,0xfe00,0xfe00,0x1082,0x1082,0x0000,0x0000,0x0000,0x0000,0x0000,0x0000,0x0000,0x0000,0x0000,0x0000,
    0x0000,0x0000,0x0000,0x0000,0x0000,0x0000,0x0000,0x0000,0x0000,0x0000,0x0000,0x1082,0x1082,0xfe00,0xfe00,0xfe00,
    0xfe00,0xfe00,0xfe00,0xfe00,0xfe00,0xfe00,0xfe00,0x0000,0x0000,0x0000,0x0000,0x0000,0x0000,0x0000,0x0000,0x0000,
    0x0000,0x0000,0xfe00,0xfe00,0xfe00,0xfe00,0xfe00,0xfe00,0xfe00,0xfe00,0xfe00,0xfe00,0xfe00,0xfe00,0xfe00,0x0000,
    0x0000,0x0000,0x0000,0x0000,0x0000,0x0000,0x0000,0x0000,0x0000,0x0000,0xfe00,0xfe00,0xfe00,0xfe00,0xfe00,0xfe00,
    0xfe00,0xfe00,0xfe00,0xfe00,0x1082,0x1082,0x0000,0x0000,0x0000,0x0000,0x0000,0x0000,0x0000,0x0000,0x0000,0x0000,
    0x0000,0x0000,0x0000,0x0000,0x0000,0x0000,0x0000,0x0000,0x0000,0x0000,0x1082,0x1082,0xfe00,0xfe00,0xfe00,0xfe00,
    0xfe00,0xfe00,0xfe00,0xfe00,0xfe00,0xfe00,0xfe00,0x0000,0x0000,0x0000,0x0000,0x0000,0x0000,0x0000,0x0000,0x0000,
    0x0000,0x0000,0xfe00,0xfe00,0xfe00,0xfe00,0xfe00,0xfe00,0xfe00,0xfe00,0xfe00,0xfe00,0xfe00,0xfe00,0xfe00,0x0000,
    0x0000,0x0000,0x0000,0x0000,0x0000,0x0000,0x0000,0x0000,0x0000,0x0000,0xfe00,0xfe00,0xfe00,0xfe00,0xfe00,0xfe00,
    0xfe00,0xfe00,0xfe00,0xfe00,0xfe00,0x1082,0x1082,0x0000,0x0000,0x0000,0x0000,0x0000,0x0000,0x0000,0x0000,0x0000,
    0x0000,0x0000,0x0000,0x0000,0x0000,0x0000,0x0000,0x0000,0x0000,0x0000,0x1082,0x1082,0xfe00,0xfe00,0xfe00,0xfe00,
    0xfe00,0xfe00,0xfe00,0xfe00,0xfe00,0xfe00,0xfe00,0x0000,0x0000,0x0000,0x0000,0x0000,0x0000,0x0000,0x0000,0x0000,
    0x0000,0x0000,0xfe00,0xfe00,0xfe00,0xfe00,0xfe00,0xfe00,0xfe00,0xfe00,0xfe00,0xfe00,0xfe00,0xfe00,0xfe00,0x0000,
    0x0000,0x0000,0x0000,0x0000,0x0000,0x0000,0x0000,0x0000,0x0000,0x0000,0xfe00,0xfe00,0xfe00,0xfe00,0xfe00,0xfe00,
    0xfe00,0xfe00,0xfe00,0xfe00,0xfe00,0x1082,0x1082,0x0000,0x0000,0x0000,0x0000,0x0000,0x0000,0x0000,0x0000,0x0000,
    0x0000,0x0000,0x0000,0x0000,0x0000,0x0000,0x0000,0x0000,0x0000,0x0000,0x1082,0x1082,0xfe00,0xfe00,0xfe00,0xfe00,
    0xfe00,0xfe00,0xfe00,0xfe00,0xfe00,0xfe00,0xfe00,0xfe00,0xfe00,0xffff,0xffff,0xffff,0xffff,0xffff,0xffff,0xffff,
    0xfe00,0xfe00,0xfe00,0xfe00,0xfe00,0xfe00,0xfe00,0xfe00,0xfe00,0xfe00,0xfe00,0xfe00,0xfe00,0xfe00,0xfe00,0xfe00,
    0xfe00,0xffff,0xffff,0xffff,0xffff,0xffff,0xffff,0xffff,0xfe00,0xfe00,0xfe00,0xfe00,0xfe00,0xfe00,0xfe00,0xfe00,
    0xfe00,0xfe00,0xfe00,0xfe00,0xfe00,0x1082,0x1082,0x0000,0x0000,0x0000,0x0000,0x0000,0x0000,0x0000,0x0000,0x0000,
    0x0000,0x0000,0x0000,0x0000,0x0000,0x0000,0x0000,0x0000,0x0000,0x0000,0x1082,0x1082,0xfe00,0xfe00,0xfe00,0xfe00,
    0xfe00,0xfe00,0xfe00,0xfe00,0xfe00,0xfe00,0xfe00,0xfe00,0xfe00,0xfe00,0xffff,0xffff,0xffff,0xffff,0xffff,0xfe00,
    0xfe00,0xfe00,0xfe00,0xfe00,0xfe00,0xfe00,0xfe00,0xfe00,0xfe00,0xfe00,0xfe00,0xfe00,0xfe00,0xfe00,0xfe00,0xfe00,
    0xfe00,0xfe00,0xffff,0xffff,0xffff,0xffff,0xffff,0xfe00,0xfe00,0xfe00,0xfe00,0xfe00,0xfe00,0xfe00,0xfe00,0xfe00,
    0xfe00,0xfe00,0xfe00,0xfe00,0xfe00,0x1082,0x1082,0x0000,0x0000,0x0000,0x0000,0x0000,0x0000,0x0000,0x0000,0x0000,
    0x0000,0x0000,0x0000,0x0000,0x0000,0x0000,0x0000,0x0000,0x0000,0x0000,0x1082,0x1082,0xfe00,0xfe00,0xfe00,0xfe00,
    0xfe00,0xfe00,0xfe00,0xfe00,0xfe00,0xfe00,0xfe00,0xfe00,0xfe00,0xfe00,0xfe00,0xfe00,0xffff,0xfe00,0xfe00,0xfe00,
    0xfe00,0xfe00,0xfe00,0xfe00,0xfe00,0xfe00,0xfe00,0xfe00,0xfe00,0xfe00,0xfe00,0xfe00,0xfe00,0xfe00,0xfe00,0xfe00,
    0xfe00,0xfe00,0xfe00,0xfe00,0xffff,0xfe00,0xfe00,0xfe00,0xfe00,0xfe00,0xfe00,0xfe00,0xfe00,0xfe00,0xfe00,0xfe00,
    0xfe00,0xfe00,0xfe00,0xfe00,0xfe00,0x1082,0x1082,0x0000,0x0000,0x0000,0x0000,0x0000,0x0000,0x0000,0x0000,0x0000,
    0x0000,0x0000,0x0000,0x0000,0x0000,0x0000,0x0000,0x0000,0x0000,0x0000,0x1082,0x1082,0xfe00,0xfe00,0xfe00,0xfe00,
    0xfe00,0xfe00,0xfe00,0xfe00,0xfe00,0xfe00,0xfe00,0xfe00,0xfe00,0xfe00,0xfe00,0xfe00,0xfe00,0xfe00,0xfe00,0xfe00,
    0xfe00,0xfe00,0xfe00,0xfe00,0xfe00,0xfe00,0xfe00,0xfe00,0xfe00,0xfe00,0xfe00,0xfe00,0xfe00,0xfe00,0xfe00,0xfe00,
    0xfe00,0xfe00,0xfe00,0xfe00,0xfe00,0xfe00,0xfe00,0xfe00,0xfe00,0xfe00,0xfe00,0xfe00,0xfe00,0xfe00,0xfe00,0xfe00,
    0xfe00,0xfe00,0xfe00,0xfe00,0xfe00,0x1082,0x1082,0x0000,0x0000,0x0000,0x0000,0x0000,0x0000,0x0000,0x0000,0x0000,
    0x0000,0x0000,0x0000,0x0000,0x0000,0x0000,0x0000,0x0000,0x0000,0x0000,0x1082,0x1082,0xfe00,0xfe00,0xfe00,0xfe00,
    0xfe00,0xfe00,0xfe00,0xfe00,0xfe00,0xfe00,0xfe00,0xfe00,0xfe00,0xfe00,0xfe00,0xfe00,0xfe00,0xfe00,0xfe00,0xfe00,
    0xfe00,0xfe00,0xfe00,0xfe00,0xfe00,0xfe00,0xfe00,0xfe00,0xfe00,0xfe00,0xfe00,0xfe00,0xfe00,0xfe00,0xfe00,0xfe00,
    0xfe00,0xfe00,0xfe00,0xfe00,0xfe00,0xfe00,0xfe00,0xfe00,0xfe00,0xfe00,0xfe00,0xfe00,0xfe00,0xfe00,0xfe00,0xfe00,
    0xfe00,0xfe00,0xfe00,0xfe00,0xfe00,0x1082,0x1082,0x0000,0x0000,0x0000,0x0000,0x0000,0x0000,0x0000,0x0000,0x0000,
    0x0000,0x0000,0x0000,0x0000,0x0000,0x0000,0x0000,0x0000,0x0000,0x1082,0x1082,0xfe00,0xfe00,0xfe00,0xfe00,0xfe00,
    0xfe00,0xfe00,0xfe00,0xfe00,0xfe00,0xfe00,0xfe00,0xfe00,0xfe00,0xfe00,0xfe00,0xfe00,0xfe00,0xfe00,0xfe00,0xfe00,
    0xfe00,0xfe00,0xfe00,0xfe00,0xfe00,0xfe00,0xfe00,0xfe00,0xfe00,0xfe00,0xfe00,0xfe00,0xfe00,0xfe00,0xfe00,0xfe00,
    0xfe00,0xfe00,0xfe00,0xfe00,0xfe00,0xfe00,0xfe00,0xfe00,0xfe00,0xfe00,0xfe00,0xfe00,0xfe00,0xfe00,0xfe00,0xfe00,
    0xfe00,0xfe00,0xfe00,0xfe00,0xfe00,0xfe00,0x1082,0x1082,0x0000,0x0000,0x0000,0x0000,0x0000,0x0000,0x0000,0x0000,
    0x0000,0x0000,0x0000,0x0000,0x0000,0x0000,0x0000,0x0000,0x0000,0x0000,0x1082,0x1082,0xfe00,0xfe00,0xfe00,0xfe00,
    0xfe00,0xfe00,0xfe00,0xfe00,0xfe00,0xfe00,0xfe00,0xfe00,0xfe00,0xfe00,0xfe00,0xfe00,0xfe00,0xfe00,0xfe00,0xfe00,
    0xfe00,0xfe00,0xfe00,0xfe00,0xfe00,0xfe00,0xfe00,0xfe00,0xfe00,0xfe00,0xfe00,0xfe00,0xfe00,0xfe00,0xfe00,0xfe00,
    0xfe00,0xfe00,0xfe00,0xfe00,0xfe00,0xfe00,0xfe00,0xfe00,0xfe00,0xfe00,0xfe00,0xfe00,0xfe00,0xfe00,0xfe00,0xfe00,
    0xfe00,0xfe00,0xfe00,0xfe00,0xfe00,0x1082,0x1082,0x1082,0x0000,0x0000,0x0000,0x0000,0x0000,0x0000,0x0000,0x0000,
    0x0000,0x0000,0x0000,0x0000,0x0000,0x0000,0x0000,0x0000,0x0000,0x0000,0x1082,0x1082,0xfe00,0xfe00,0xfe00,0xfe00,
    0xfe00,0xfe00,0xfe00,0xfe00,0xfe00,0xfe00,0xfd14,0xfe00,0xfe00,0xfe00,0xfe00,0xfe00,0xfe00,0xfe00,0xfe00,0xfe00,
    0xfe00,0xfe00,0xfe00,0xfe00,0xfe00,0xfe00,0xfe00,0xfe00,0x1082,0xfe00,0xfe00,0xfe00,0xfe00,0xfe00,0xfe00,0xfe00,
    0xfe00,0xfe00,0xfe00,0xfe00,0xfe00,0xfe00,0xfe00,0xfe00,0xfe00,0xfe00,0xfd14,0xfe00,0xfe00,0xfe00,0xfe00,0xfe00,
    0xfe00,0xfe00,0xfe00,0xfe00,0xfe00,0x1082,0x1082,0x1082,0x1082,0x1082,0x0000,0x0000,0x0000,0x0000,0x0000,0x0000,
    0x0000,0x0000,0x0000,0x0000,0x0000,0x0000,0x0000,0x0000,0x0000,0x0000,0x1082,0x1082,0xfe00,0xfe00,0xfe00,0xfe00,
    0xfe00,0xfe00,0xfe00,0xfe00,0xfd14,0xfd14,0xfd14,0xfd14,0xfd14,0xfe00,0xfe00,0xfe00,0xfe00,0xfe00,0xfe00,0xfe00,
    0xfe00,0xfe00,0xfe00,0x1082,0x1082,0x1082,0x1082,0x1082,0x1082,0x1082,0x1082,0x1082,0x1082,0x1082,0xfe00,0xfe00,
    0xfe00,0xfe00,0xfe00,0xfe00,0xfe00,0xfe00,0xfe00,0xfe00,0xfd14,0xfd14,0xfd14,0xfd14,0xfd14,0xfe00,0xfe00,0xfe00,
    0xfe00,0xfe00,0xfe00,0xfe00,0xfe00,0x1082,0x1082,0x1082,0x1082,0x1082,0x1082,0x1082,0x0000,0x0000,0x0000,0x0000,
    0x0000,0x0000,0x0000,0x0000,0x0000,0x0000,0x0000,0x0000,0x0000,0x0000,0x1082,0x1082,0xfe00,0xfe00,0x1082,0x1082,
    0x1082,0xfe00,0xfe00,0xfe00,0xfd14,0xfd14,0xfd14,0xfd14,0xfd14,0xfe00,0xfe00,0xfe00,0xfe00,0xfe00,0xfe00,0xfe00,
    0x1082,0x1082,0x1082,0x1082,0x1082,0x1082,0x1082,0x1082,0xff34,0x1082,0x1082,0x1082,0x1082,0x1082,0x1082,0x1082,
    0x1082,0xfe00,0xfe00,0xfe00,0xfe00,0xfe00,0xfe00,0xfe00,0xfd14,0xfd14,0xfd14,0xfd14,0xfd14,0xfe00,0xfe00,0xfe00,
    0x1082,0x1082,0x1082,0xfe00,0xfe00,0x1082,0x1082,0x7f32,0x1082,0x1082,0x1082,0x1082,0x0000,0x0000,0x0000,0x0000,
    0x0000,0x0000,0x0000,0x0000,0x0000,0x0000,0x0000,0x0000,0x0000,0x0000,0x1082,0x1082,0xfe00,0x1082,0x1082,0x1082,
    0x1082,0xfe00,0xfe00,0xfd14,0xfd14,0xfd14,0xfd14,0xfd14,0xfd14,0xfd14,0xfe00,0xfe00,0xfe00,0xfe00,0xfe00,0x0000,
    0x0000,0x0000,0x0000,0xff34,0xff34,0xff34,0xff34,0xff34,0xff34,0xff34,0xff34,0xff34,0xff34,0xff34,0x0000,0x0000,
    0x0000,0x0000,0xfe00,0xfe00,0xfe00,0xfe00,0xfe00,0xfd14,0xfd14,0xfd14,0xfd14,0xfd14,0xfd14,0xfd14,0xfe00,0xfe00,
    0x1082,0x1082,0x1082,0x1082,0xfe00,0x1082,0x1082,0x7f32,0x7f32,0x1082,0x1082,0x1082,0x1082,0x0000,0x0000,0x0000,
    0x0000,0x0000,0x0000,0x0000,0x0000,0x0000,0x0000,0x0000,0x0000,0x0000,0x1082,0x1082,0x1082,0x1082,0x1082,0x1082,
    0x1082,0xfe00,0xfe00,0xfe00,0xfd14,0xfd14,0xfd14,0xfd14,0xfd14,0xfe00,0xfe00,0xfe00,0xfe00,0x1082,0x1082,0x0000,
    0x0000,0x0000,0x0000,0xff34,0xff34,0xff34,0xff34,0xff34,0xff34,0xff34,0xff34,0xff34,0xff34,0xff34,0x0000,0x0000,
    0x0000,0x0000,0x1082,0x1082,0xfe00,0xfe00,0xfe00,0xfe00,0xfd14,0xfd14,0xfd14,0xfd14,0xfd14,0xfe00,0xfe00,0xfe00,
    0x1082,0x1082,0x1082,0x1082,0x1082,0x1082,0x1082,0x7f32,0x7f32,0x1082,0x1082,0x1082,0x1082,0x0000,0x0000,0x0000,
    0x0000,0x0000,0x0000,0x0000,0x0000,0x0000,0x0000,0x0000,0x0000,0x0000,0x1082,0x1082,0x1082,0x1082,0x1082,0x1082,
    0xfe00,0xfe00,0xfe00,0xfe00,0xfd14,0xfd14,0xfd14,0xfd14,0xfd14,0xfe00,0xfe00,0xfe00,0x1082,0x1082,0x1082,0x0000,
    0x0000,0x0000,0x0000,0x0000,0xff34,0xff34,0xff34,0xff34,0xff34,0xff34,0xff34,0xff34,0xff34,0x0000,0x0000,0x0000,
    0x0000,0x0000,0x1082,0x1082,0x1082,0xfe00,0xfe00,0xfe00,0xfd14,0xfd14,0xfd14,0xfd14,0xfd14,0xfe00,0xfe00,0xfe00,
    0xfe00,0x1082,0x1082,0x1082,0x1082,0x1082,0x1082,0x7f32,0x7f32,0x7f32,0x1082,0x1082,0x1082,0x1082,0x0000,0x0000,
    0x0000,0x0000,0x0000,0x0000,0x0000,0x0000,0x0000,0x0000,0x0000,0x0000,0x1082,0x1082,0x1082,0x1082,0x1082,0xfe00,
    0xfe00,0xfe00,0xfe00,0xfe00,0xfe00,0xfe00,0xfd14,0xfe00,0xfe00,0xfe00,0xfe00,0xfe00,0x1082,0x1082,0x1082,0xff34,
    0x0000,0x0000,0x0000,0x0000,0x0000,0xff34,0xff34,0xff34,0xff34,0xff34,0xff34,0xff34,0x0000,0x0000,0x0000,0x0000,
    0x0000,0xff34,0x1082,0x1082,0x1082,0xfe00,0xfe00,0xfe00,0xfe00,0xfe00,0xfd14,0xfe00,0xfe00,0xfe00,0xfe00,0xfe00,
    0xfe00,0xfe00,0x1082,0x1082,0x1082,0x1082,0x1082,0x7f32,0x7f32,0x1082,0x1082,0x1082,0x1082,0x0000,0x0000,0x0000,
    0x0000,0x0000,0x0000,0x0000,0x0000,0x0000,0x0000,0x0000,0x0000,0x1082,0x7f32,0x1082,0x1082,0x1082,0xfe00,0xfe00,
    0xfe00,0xfe00,0xfe00,0xfe00,0xfe00,0xfe00,0xfe00,0xfe00,0xfe00,0xfe00,0xfe00,0x1082,0x1082,0x1082,0xff34,0xff34,
    0x0000,0x0000,0x0000,0x0000,0x0000,0x0000,0x0000,0xff34,0xff34,0xff34,0x0000,0x0000,0x0000,0x0000,0x0000,0x0000,
    0x0000,0xff34,0xff34,0x1082,0x1082,0x1082,0xfe00,0xfe00,0xfe00,0xfe00,0xfe00,0xfe00,0xfe00,0xfe00,0xfe00,0xfe00,
    0xfe00,0xfe00,0xfe00,0x1082,0x1082,0x1082,0x7f32,0x1082,0x7f32,0x1082,0x1082,0x1082,0x1082,0x0000,0x0000,0x0000,
    0x0000,0x0000,0x0000,0x0000,0x0000,0x0000,0x0000,0x0000,0x7f32,0x7f32,0x7f32,0x7f32,0x7f32,0xfe00,0xfe00,0xfe00,
    0xfe00,0xfe00,0xfe00,0xfe00,0xfe00,0xfe00,0xfe00,0xfe00,0xfe00,0xfe00,0x1082,0x1082,0x1082,0xff34,0xff34,0xff34,
    0xff34,0x0000,0x0000,0x0000,0x0000,0x0000,0x0000,0x0000,0x0000,0x0000,0x0000,0x0000,0x0000,0x0000,0x0000,0x0000,
    0xff34,0xff34,0xff34,0xff34,0x1082,0x1082,0x1082,0xfe00,0xfe00,0xfe00,0xfe00,0xfe00,0xfe00,0xfe00,0xfe00,0xfe00,
    0xfe00,0xfe00,0xfe00,0xfe00,0x7f32,0x7f32,0x7f32,0x7f32,0x7f32,0x1082,0x1082,0x1082,0x0000,0x0000,0x0000,0x0000,
    0x0000,0x0000,0x0000,0x0000,0x0000,0x0000,0x0000,0x0000,0x7f32,0x7f32,0x7f32,0x7f32,0x7f32,0x1082,0xfe00,0xfe00,
    0xfe00,0xfe00,0xfe00,0xfe00,0xfe00,0xfe00,0xfe00,0xfe00,0xfe00,0xfe00,0x1082,0x1082,0x1082,0xff34,0xff34,0xff34,
    0xff34,0xff34,0x0000,0x0000,0x0000,0x0000,0x0000,0x0000,0x0000,0x0000,0x0000,0x0000,0x0000,0x0000,0x0000,0xff34,
    0xff34,0xff34,0xff34,0xff34,0x1082,0x1082,0x1082,0xfe00,0xfe00,0xfe00,0xfe00,0xfe00,0xfe00,0xfe00,0xfe00,0xfe00,
    0xfe00,0xfe00,0xfe00,0x1082,0x7f32,0x7f32,0x7f32,0x7f32,0x7f32,0x1082,0x1082,0x1082,0x0000,0x0000,0x0000,0x0000,
    0x0000,0x0000,0x0000,0x0000,0x0000,0x0000,0x0000,0x7f32,0x7f32,0x7f32,0x7f32,0x7f32,0x7f32,0x7f32,0xfe00,0xfe00,
    0xfe00,0xfe00,0xfe00,0xfe00,0xfe00,0xfe00,0xfe00,0xfe00,0xfe00,0xfe00,0x1082,0x1082,0x1082,0xff34,0xff34,0xff34,
    0xff34,0xff34,0xff34,0xff34,0x0000,0x0000,0x0000,0x0000,0x0000,0x0000,0x0000,0x0000,0x0000,0xff34,0xff34,0xff34,
    0xff34,0xff34,0xff34,0xff34,0x1082,0x1082,0x1082,0xfe00,0xfe00,0xfe00,0xfe00,0xfe00,0xfe00,0xfe00,0xfe00,0xfe00,
    0xfe00,0xfe00,0xfe00,0x7f32,0x7f32,0x7f32,0x7f32,0x7f32,0x7f32,0x7f32,0x0000,0x0000,0x0000,0x0000,0x0000,0x0000,
    0x0000,0x0000,0x0000,0x0000,0x0000,0x0000,0x0000,0x0000,0x7f32,0x7f32,0x7f32,0x7f32,0x7f32,0x1082,0x1082,0xfe00,
    0xfe00,0xfe00,0xfe00,0xfe00,0xfe00,0xfe00,0xfe00,0xfe00,0xfe00,0xfe00,0x1082,0x1082,0xff34,0xff34,0xff34,0xff34,
    0xff34,0xff34,0xff34,0xff34,0xff34,0xff34,0xff34,0xff34,0xff34,0xff34,0xff34,0xff34,0xff34,0xff34,0xff34,0xff34,
    0xff34,0xff34,0xff34,0xff34,0xff34,0x1082,0x1082,0xfe00,0xfe00,0xfe00,0xfe00,0xfe00,0xfe00,0xfe00,0xfe00,0xfe00,
    0xfe00,0xfe00,0x1082,0x1082,0x7f32,0x7f32,0x7f32,0x7f32,0x7f32,0x0000,0x0000,0x0000,0x0000,0x0000,0x0000,0x0000,
    0x0000,0x0000,0x0000,0x0000,0x0000,0x0000,0x0000,0x0000,0x7f32,0x7f32,0x7f32,0x7f32,0x7f32,0x1082,0x1082,0xfe00,
    0xfe00,0xfe00,0xfe00,0xfe00,0xfe00,0xfe00,0xfe00,0xfe00,0xfe00,0x1082,0x1082,0x1082,0x1082,0xff34,0xff34,0xff34,
    0xff34,0xff34,0xff34,0xff34,0xff34,0xff34,0xff34,0xff34,0xff34,0xff34,0xff34,0xff34,0xff34,0xff34,0xff34,0xff34,
    0xff34,0xff34,0xff34,0xff34,0x1082,0x1082,0x1082,0x1082,0xfe00,0xfe00,0xfe00,0xfe00,0xfe00,0xfe00,0xfe00,0xfe00,
    0xfe00,0xfe00,0x1082,0x1082,0x7f32,0x7f32,0x7f32,0x7f32,0x7f32,0x0000,0x0000,0x0000,0x0000,0x0000,0x0000,0x0000,
    0x0000,0x0000,0x0000,0x0000,0x0000,0x0000,0x0000,0x0000,0x0000,0x0000,0x7f32,0x0000,0x0000,0x1082,0x1082,0x1082,
    0xfe00,0xfe00,0xfe00,0xfe00,0xfe00,0xfe00,0xfe00,0xfe00,0xfe00,0xfe00,0x1082,0x1082,0x1082,0xff34,0xff34,0xff34,
    0xff34,0xff34,0xff34,0xff34,0xff34,0xff34,0xff34,0xff34,0xff34,0xff34,0xff34,0xff34,0xff34,0xff34,0xff34,0xff34,
    0xff34,0xff34,0xff34,0xff34,0x1082,0x1082,0x1082,0xfe00,0xfe00,0xfe00,0xfe00,0xfe00,0xfe00,0xfe00,0xfe00,0xfe00,
    0xfe00,0x1082,0x1082,0x1082,0x0000,0x0000,0x7f32,0x0000,0x0000,0x0000,0x0000,0x0000,0x0000,0x0000,0x0000,0x0000,
    0x0000,0x0000,0x0000,0x0000,0x0000,0x0000,0x0000,0x0000,0x0000,0x0000,0x0000,0x0000,0x0000,0x0000,0x1082,0x1082,
    0xfe00,0xfe00,0xfe00,0xfe00,0xfe00,0xfe00,0xfe00,0xfe00,0xfe00,0xfe00,0x1082,0x1082,0x1082,0xff34,0xff34,0xff34,
    0xff34,0xff34,0xff34,0xff34,0xff34,0xff34,0xff34,0xff34,0xff34,0xff34,0xff34,0xff34,0xff34,0xff34,0xff34,0xff34,
    0xff34,0xff34,0xff34,0xff34,0x1082,0x1082,0x1082,0xfe00,0xfe00,0xfe00,0xfe00,0xfe00,0xfe00,0xfe00,0xfe00,0xfe00,
    0xfe00,0x1082,0x1082,0x0000,0x0000,0x0000,0x0000,0x0000,0x0000,0x0000,0x0000,0x0000,0x0000,0x0000,0x0000,0x0000,
    0x0000,0x0000,0x0000,0x0000,0x0000,0x0000,0x0000,0x0000,0x0000,0x0000,0x0000,0x0000,0x0000,0x0000,0x0000,0x1082,
    0x1082,0xfe00,0xfe00,0xfe00,0xfe00,0xfe00,0xfe00,0xfe00,0xfe00,0xfe00,0x1082,0x1082,0x1082,0x1082,0xff34,0xff34,
    0xff34,0xff34,0xff34,0xff34,0xff34,0xff34,0xff34,0xff34,0xff34,0xff34,0xff34,0xff34,0xff34,0xff34,0xff34,0xff34,
    0xff34,0xff34,0xff34,0x1082,0x1082,0x1082,0x1082,0xfe00,0xfe00,0xfe00,0xfe00,0xfe00,0xfe00,0xfe00,0xfe00,0xfe00,
    0x1082,0x1082,0x0000,0x0000,0x0000,0x0000,0x0000,0x0000,0x0000,0x0000,0x0000,0x0000,0x0000,0x0000,0x0000,0x0000,
    0x0000,0x0000,0x0000,0x0000,0x0000,0x0000,0x0000,0x0000,0x0000,0x0000,0x0000,0x0000,0x0000,0x0000,0x0000,0x1082,
    0x1082,0x1082,0xfe00,0xfe00,0xfe00,0xfe00,0xfe00,0xfe00,0xfe00,0xfe00,0x1082,0x1082,0x1082,0x1082,0x1082,0xff34,
    0xff34,0xff34,0xff34,0xff34,0xff34,0xff34,0xff34,0xff34,0xff34,0xff34,0xff34,0xff34,0xff34,0xff34,0xff34,0xff34,
    0xff34,0xff34,0x1082,0x1082,0x1082,0x1082,0x1082,0xfe00,0xfe00,0xfe00,0xfe00,0xfe00,0xfe00,0xfe00,0xfe00,0x1082,
    0x1082,0x1082,0x0000,0x0000,0x0000,0x0000,0x0000,0x0000,0x0000,0x0000,0x0000,0x0000,0x0000,0x0000,0x0000,0x0000,
    0x0000,0x0000,0x0000,0x0000,0x0000,0x0000,0x0000,0x0000,0x0000,0x0000,0x0000,0x0000,0x0000,0x0000,0x0000,0x0000,
    0x1082,0x1082,0x1082,0xfe00,0xfe00,0xfe00,0xfe00,0xfe00,0xfe00,0xfe00,0xfe00,0x1082,0x1082,0x1082,0x1082,0x1082,
    0xff34,0xff34,0xff34,0xff34,0xff34,0xff34,0xff34,0xff34,0xff34,0xff34,0xff34,0xff34,0xff34,0xff34,0xff34,0xff34,
    0xff34,0x1082,0x1082,0x1082,0x1082,0x1082,0xfe00,0xfe00,0xfe00,0xfe00,0xfe00,0xfe00,0xfe00,0xfe00,0x1082,0x1082,
    0x1082,0x0000,0x0000,0x0000,0x0000,0x0000,0x0000,0x0000,0x0000,0x0000,0x0000,0x0000,0x0000,0x0000,0x0000,0x0000,
    0x0000,0x0000,0x0000,0x0000,0x0000,0x0000,0x0000,0x0000,0x0000,0x0000,0x0000,0x0000,0x0000,0x0000,0x0000,0x0000,
    0x0000,0x1082,0x1082,0xfe00,0xfe00,0xfe00,0xfe00,0xfe00,0xfe00,0xfe00,0xfe00,0xfe00,0x1082,0x1082,0x1082,0x1082,
    0x1082,0xff34,0xff34,0xff34,0xff34,0xff34,0xff34,0xff34,0xff34,0xff34,0xff34,0xff34,0xff34,0xff34,0xff34,0xff34,
    0x1082,0x1082,0x1082,0x1082,0x1082,0xfe00,0xfe00,0xfe00,0xfe00,0xfe00,0xfe00,0xfe00,0xfe00,0xfe00,0x1082,0x1082,
    0x0000,0x0000,0x0000,0x0000,0x0000,0x0000,0x0000,0x0000,0x0000,0x0000,0x0000,0x0000,0x0000,0x0000,0x0000,0x0000,
    0x0000,0x0000,0x0000,0x0000,0x0000,0x0000,0x0000,0x0000,0x0000,0x0000,0x0000,0x0000,0x0000,0x0000,0x0000,0x0000,
    0x0000,0x0000,0x1082,0x1082,0xfe00,0xfe00,0xfe00,0xfe00,0xfe00,0xfe00,0xfe00,0xfe00,0x1082,0x1082,0x1082,0x1082,
    0x1082,0x1082,0x1082,0xff34,0xff34,0xff34,0xff34,0xff34,0xff34,0xff34,0xff34,0xff34,0xff34,0xff34,0x1082,0x1082,
    0x1082,0x1082,0x1082,0x1082,0x1082,0xfe00,0xfe00,0xfe00,0xfe00,0xfe00,0xfe00,0xfe00,0xfe00,0x1082,0x1082,0x0000,
    0x0000,0x0000,0x0000,0x0000,0x0000,0x0000,0x0000,0x0000,0x0000,0x0000,0x0000,0x0000,0x0000,0x0000,0x0000,0x0000,
    0x0000,0x0000,0x0000,0x0000,0x0000,0x0000,0x0000,0x0000,0x0000,0x0000,0x0000,0x0000,0x0000,0x0000,0x0000,0x0000,
    0x0000,0x0000,0x0000,0x1082,0x1082,0x1082,0xfe00,0xfe00,0xfe00,0xfe00,0xfe00,0xfe00,0xfe00,0x1082,0x1082,0x1082,
    0x1082,0x1082,0x1082,0x1082,0x1082,0x1082,0x1082,0x1082,0xff34,0x1082,0x1082,0x1082,0x1082,0x1082,0x1082,0x1082,
    0x1082,0x1082,0x1082,0x1082,0xfe00,0xfe00,0xfe00,0xfe00,0xfe00,0xfe00,0xfe00,0x1082,0x1082,0x1082,0x0000,0x0000,
    0x0000,0x0000,0x0000,0x0000,0x0000,0x0000,0x0000,0x0000,0x0000,0x0000,0x0000,0x0000,0x0000,0x0000,0x0000,0x0000,
    0x0000,0x0000,0x0000,0x0000,0x0000,0x0000,0x0000,0x0000,0x0000,0x0000,0x0000,0x0000,0x0000,0x0000,0x0000,0x0000,
    0x0000,0x0000,0x0000,0x0000,0x1082,0x1082,0x1082,0xfe00,0xfe00,0xfe00,0xfe00,0xfe00,0xfe00,0xfe00,0xfe00,0x1082,
    0x1082,0x1082,0x1082,0x1082,0x1082,0x1082,0x1082,0x1082,0x1082,0x1082,0x1082,0x1082,0x1082,0x1082,0x1082,0x1082,
    0x1082,0x1082,0xfe00,0xfe00,0xfe00,0xfe00,0xfe00,0xfe00,0xfe00,0xfe00,0x1082,0x1082,0x1082,0x0000,0x0000,0x0000,
    0x0000,0x0000,0x0000,0x0000,0x0000,0x0000,0x0000,0x0000,0x0000,0x0000,0x0000,0x0000,0x0000,0x0000,0x0000,0x0000,
    0x0000,0x0000,0x0000,0x0000,0x0000,0x0000,0x0000,0x0000,0x0000,0x0000,0x0000,0x0000,0x0000,0x0000,0x0000,0x0000,
    0x0000,0x0000,0x0000,0x1082,0x1082,0x1082,0x1082,0x1082,0xfe00,0xfe00,0xfe00,0xfe00,0xfe00,0xfe00,0xfe00,0xfe00,
    0x1082,0x1082,0x1082,0x1082,0x1082,0x1082,0x1082,0x1082,0x1082,0x1082,0x1082,0x1082,0x1082,0x1082,0x1082,0x1082,
    0x1082,0xfe00,0xfe00,0xfe00,0xfe00,0xfe00,0xfe00,0xfe00,0xfe00,0x1082,0x1082,0x1082,0x1082,0x1082,0x0000,0x0000,
    0x0000,0x0000,0x0000,0x0000,0x0000,0x0000,0x0000,0x0000,0x0000,0x0000,0x0000,0x0000,0x0000,0x0000,0x0000,0x0000,
    0x0000,0x0000,0x0000,0x0000,0x0000,0x0000,0x0000,0x0000,0x0000,0x0000,0x0000,0x0000,0x0000,0x0000,0x0000,0x0000,
    0x0000,0x0000,0x0000,0x1082,0x59c4,0x59c4,0x1082,0x1082,0x1082,0x1082,0xfe00,0xfe00,0xfe00,0xfe00,0xfe00,0xfe00,
    0xfe00,0xfe00,0xfe00,0x1082,0x1082,0x1082,0x1082,0x1082,0x1082,0x1082,0x1082,0x1082,0x1082,0x1082,0xfe00,0xfe00,
    0xfe00,0xfe00,0xfe00,0xfe00,0xfe00,0xfe00,0xfe00,0x1082,0x1082,0x1082,0x1082,0x59c4,0x59c4,0x1082,0x0000,0x0000,
    0x0000,0x0000,0x0000,0x0000,0x0000,0x0000,0x0000,0x0000,0x0000,0x0000,0x0000,0x0000,0x0000,0x0000,0x0000,0x0000,
    0x0000,0x0000,0x0000,0x0000,0x0000,0x0000,0x0000,0x0000,0x0000,0x0000,0x0000,0x0000,0x0000,0x0000,0x0000,0x0000,
    0x0000,0x0000,0x1082,0x1082,0x1082,0x59c4,0x59c4,0x59c4,0x1082,0x1082,0x1082,0x1082,0xfe00,0xfe00,0xfe00,0xfe00,
    0xfe00,0xfe00,0xfe00,0xfe00,0xfe00,0xfe00,0xfe00,0xfe00,0x1082,0xfe00,0xfe00,0xfe00,0xfe00,0xfe00,0xfe00,0xfe00,
    0xfe00,0xfe00,0xfe00,0xfe00,0xfe00,0x1082,0x1082,0x1082,0x1082,0x59c4,0x59c4,0x59c4,0x1082,0x1082,0x1082,0x0000,
    0x0000,0x0000,0x0000,0x0000,0x0000,0x0000,0x0000,0x0000,0x0000,0x0000,0x0000,0x0000,0x0000,0x0000,0x0000,0x0000,
    0x0000,0x0000,0x0000,0x0000,0x0000,0x0000,0x0000,0x0000,0x0000,0x0000,0x0000,0x0000,0x0000,0x0000,0x0000,0x0000,
    0x0000,0x0000,0x0000,0x1082,0x1082,0x59c4,0x59c4,0x59c4,0x59c4,0x1082,0x1082,0x1082,0x1082,0x1082,0xfe00,0xfe00,
    0xfe00,0xfe00,0xfe00,0xfe00,0xfe00,0xfe00,0xfe00,0xfe00,0xfe00,0xfe00,0xfe00,0xfe00,0xfe00,0xfe00,0xfe00,0xfe00,
    0xfe00,0xfe00,0xfe00,0x1082,0x1082,0x1082,0x1082,0x1082,0x59c4,0x59c4,0x59c4,0x59c4,0x1082,0x1082,0x0000,0x0000,
    0x0000,0x0000,0x0000,0x0000,0x0000,0x0000,0x0000,0x0000,0x0000,0x0000,0x0000,0x0000,0x0000,0x0000,0x0000,0x0000,
    0x0000,0x0000,0x0000,0x0000,0x0000,0x0000,0x0000,0x0000,0x0000,0x0000,0x0000,0x0000,0x0000,0x0000,0x0000,0x0000,
    0x0000,0x0000,0x0000,0x1082,0x1082,0x1082,0x1082,0x59c4,0x59c4,0x59c4,0x59c4,0x1082,0x1082,0x1082,0x1082,0x1082,
    0x1082,0xfe00,0xfe00,0xfe00,0xfe00,0xfe00,0xfe00,0xfe00,0xfe00,0xfe00,0xfe00,0xfe00,0xfe00,0xfe00,0xfe00,0xfe00,
    0x1082,0x1082,0x1082,0x1082,0x1082,0x1082,0x59c4,0x59c4,0x59c4,0x59c4,0x1082,0x1082,0x1082,0x1082,0x0000,0x0000,
    0x0000,0x0000,0x0000,0x0000,0x0000,0x0000,0x0000,0x0000,0x0000,0x0000,0x0000,0x0000,0x0000,0x0000,0x0000,0x0000,
    0x0000,0x0000,0x0000,0x0000,0x0000,0x0000,0x0000,0x0000,0x0000,0x0000,0x0000,0x0000,0x0000,0x0000,0x0000,0x0000,
    0x0000,0x0000,0x0000,0x0000,0x1082,0x1082,0x1082,0x1082,0x1082,0x1082,0x1082,0x59c4,0x1082,0x1082,0x1082,0x1082,
    0x1082,0x1082,0x1082,0x1082,0x1082,0x1082,0x1082,0x1082,0xfe00,0x1082,0x1082,0x1082,0x1082,0x1082,0x1082,0x1082,
    0x1082,0x1082,0x1082,0x1082,0x1082,0x59c4,0x1082,0x1082,0x1082,0x1082,0x1082,0x1082,0x1082,0x0000,0x0000,0x0000,
    0x0000,0x0000,0x0000,0x0000,0x0000,0x0000,0x0000,0x0000,0x0000,0x0000,0x0000,0x0000,0x0000,0x0000,0x0000,0x0000,
    0x0000,0x0000,0x0000,0x0000,0x0000,0x0000,0x0000,0x0000,0x0000,0x0000,0x0000,0x0000,0x0000,0x0000,0x0000,0x0000,
    0x0000,0x0000,0x0000,0x0000,0x0000,0x0000,0x1082,0x1082,0x1082,0x1082,0x1082,0x1082,0x1082,0x1082,0x1082,0x1082,
    0x1082,0x1082,0x1082,0x1082,0x1082,0x1082,0x1082,0x1082,0x1082,0x1082,0x1082,0x1082,0x1082,0x1082,0x1082,0x1082,
    0x1082,0x1082,0x1082,0x1082,0x1082,0x1082,0x1082,0x1082,0x1082,0x1082,0x1082,0x0000,0x0000,0x0000,0x0000,0x0000,
    0x0000,0x0000,0x0000,0x0000,0x0000,0x0000,0x0000,0x0000,0x0000,0x0000,0x0000,0x0000,0x0000,0x0000,0x0000,0x0000,
    0x0000,0x0000,0x0000,0x0000,0x0000,0x0000,0x0000,0x0000,0x0000,0x0000,0x0000,0x0000,0x0000,0x0000,0x0000,0x0000,
    0x0000,0x0000,0x0000,0x0000,0x0000,0x0000,0x0000,0x0000,0x0000,0x0000,0x0000,0x1082,0x0000,0x0000,0x0000,0x0000,
    0x0000,0x0000,0x0000,0x0000,0x0000,0x0000,0x0000,0x0000,0x1082,0x0000,0x0000,0x0000,0x0000,0x0000,0x0000,0x0000,
    0x0000,0x0000,0x0000,0x0000,0x0000,0x1082,0x0000,0x0000,0x0000,0x0000,0x0000,0x0000,0x0000,0x0000,0x0000,0x0000,
    0x0000,0x0000,0x0000,0x0000,0x0000,0x0000,0x0000,0x0000,0x0000,0x0000,0x0000,0x0000,0x0000,0x0000,0x0000,0x0000,
    0x0000,0x0000,0x0000,0x0000,0x0000,0x0000,0x0000,0x0000,0x0000,0x0000,0x0000,0x0000,0x0000,0x0000,0x0000,0x0000,
    0x0000,0x0000,0x0000,0x0000,0x0000,0x0000,0x0000,0x0000,0x0000,0x0000,0x0000,0x0000,0x0000,0x0000,0x0000,0x0000,
    0x0000,0x0000,0x0000,0x0000,0x0000,0x0000,0x0000,0x0000,0x0000,0x0000,0x0000,0x0000,0x0000,0x0000,0x0000,0x0000,
    0x0000,0x0000,0x0000,0x0000,0x0000,0x0000,0x0000,0x0000,0x0000,0x0000,0x0000,0x0000,0x0000,0x0000,0x0000,0x0000,
    0x0000,0x0000,0x0000,0x0000,0x0000,0x0000,0x0000,0x0000,0x0000,0x0000,0x0000,0x0000,0x0000,0x0000,0x0000,0x0000,
    0x0000,0x0000,0x0000,0x0000,0x0000,0x0000,0x0000,0x0000,0x0000,0x0000,0x0000,0x0000,0x0000,0x0000,0x0000,0x0000,
    0x0000,0x0000,0x0000,0x0000,0x0000,0x0000,0x0000,0x0000,0x0000,0x0000,0x0000,0x0000,0x0000,0x0000,0x0000,0x0000,
    0x0000,0x0000,0x0000,0x0000,0x0000,0x0000,0x0000,0x0000,0x0000,0x0000,0x0000,0x0000,0x0000,0x0000,0x0000,0x0000,
    0x0000,0x0000,0x0000,0x0000,0x0000,0x0000,0x0000,0x0000,0x0000,0x0000,0x0000,0x0000,0x0000,0x0000,0x0000,0x0000,
    0x0000,0x0000,0x0000,0x0000,0x0000,0x0000,0x0000,0x0000,0x0000,0x0000,0x0000,0x0000,0x0000,0x0000,0x0000,0x0000,
    0x0000,0x0000,0x0000,0x0000,0x0000,0x0000,0x0000,0x0000,0x0000,0x0000,0x0000,0x0000,0x0000,0x0000,0x0000,0x0000,
    0x0000,0x0000,0x0000,0x0000,0x0000,0x0000,0x0000,0x0000,0x0000,0x0000,0x0000,0x0000,0x0000,0x0000,0x0000,0x0000,
    0x0000,0x0000,0x0000,0x0000,0x0000,0x0000,0x0000,0x0000,0x0000,0x0000,0x0000,0x0000,0x0000,0x0000,0x0000,0x0000,
    0x0000,0x0000,0x0000,0x0000,0x0000,0x0000,0x0000,0x0000,0x0000,0x0000,0x0000,0x0000,0x0000,0x0000,0x0000,0x0000,
    0x0000,0x0000,0x0000,0x0000,0x0000,0x0000,0x0000,0x0000,0x0000,0x0000,0x0000,0x0000,0x0000,0x0000,0x0000,0x0000,
    0x0000,0x0000,0x0000,0x0000,0x0000,0x0000,0x0000,0x0000,0x0000,0x0000,0x0000,0x0000,0x0000,0x0000,0x0000,0x0000,
    0x0000,0x0000,0x0000,0x0000,0x0000,0x0000,0x0000,0x0000,0x0000,0x0000,0x0000,0x0000,0x0000,0x0000,0x0000,0x0000,
    0x0000,0x0000,0x0000,0x0000,0x0000,0x0000,0x0000,0x0000,0x0000,0x0000,0x0000,0x0000,0x0000,0x0000,0x0000,0x0000,
    0x0000,0x0000,0x0000,0x0000,0x0000,0x0000,0x0000,0x0000,0x0000,0x0000,0x0000,0x0000,0x0000,0x0000,0x0000,0x0000,
    0x0000,0x0000,0x0000,0x0000,0x0000,0x0000,0x0000,0x0000,0x0000,0x0000,0x0000,0x0000,0x0000,0x0000,0x0000,0x0000,
    0x0000,0x0000,0x0000,0x0000,0x0000,0x0000,0x0000,0x0000,0x0000,0x0000,0x0000,0x0000,0x0000,0x0000,0x0000,0x0000,
    0x0000,0x0000,0x0000,0x0000,0x0000,0x0000,0x0000,0x0000,0x0000,0x0000,0x0000,0x0000,0x0000,0x0000,0x0000,0x0000,
    0x0000,0x0000,0x0000,0x0000,0x0000,0x0000,0x0000,0x0000,0x0000,0x0000,0x0000,0x0000,0x0000,0x0000,0x0000,0x0000,
    0x0000,0x0000,0x0000,0x0000,0x0000,0x0000,0x0000,0x0000,0x0000,0x0000,0x0000,0x0000,0x0000,0x0000,0x0000,0x0000,
    0x0000,0x0000,0x0000,0x0000,0x0000,0x0000,0x0000,0x0000,0x0000,0x0000,0x0000,0x0000,0x0000,0x0000,0x0000,0x0000,
    0x0000,0x0000,0x0000,0x0000,0x0000,0x0000,0x0000,0x0000,0x0000,0x0000,0x0000,0x0000,0x0000,0x0000,0x0000,0x0000,
    0x0000,0x0000,0x0000,0x0000,0x0000,0x0000,0x0000,0x0000,0x0000,0x0000,0x0000,0x0000,0x0000,0x0000,0x0000,0x0000,
    0x0000,0x0000,0x0000,0x0000,0x0000,0x0000,0x0000,0x0000,0x0000,0x0000,0x0000,0x0000,0x0000,0x0000,0x0000,0x0000,
    0x0000,0x0000,0x0000,0x0000,0x0000,0x0000,0x0000,0x0000,0x0000,0x0000,0x0000,0x0000,0x0000,0x0000,0x0000,0x0000,
    0x0000,0x0000,0x0000,0x0000,0x0000,0x0000,0x0000,0x0000,0x0000,0x0000,0x0000,0x0000,0x0000,0x0000,0x0000,0x0000,
    0x0000,0x0000,0x0000,0x0000,0x0000,0x0000,0x0000,0x0000,0x0000,0x0000,0x0000,0x0000,0x0000,0x0000,0x0000,0x0000,
    0x0000,0x0000,0x0000,0x0000,0x0000,0x0000,0x0000,0x0000,0x0000,0x0000,0x0000,0x0000,0x0000,0x0000,0x0000,0x0000,
    0x0000,0x0000,0x0000,0x0000,0x0000,0x0000,0x0000,0x0000,0x0000,0x0000,0x0000,0x0000,0x0000,0x0000,0x0000,0x0000,
    0x0000,0x0000,0x0000,0x0000,0x0000,0x0000,0x0000,0x0000,0x0000,0x0000,0x0000,0x0000,0x0000,0x0000,0x0000,0x0000,
    0x0000,0x0000,0x0000,0x0000,0x0000,0x0000,0x0000,0x0000,0x0000,0x0000,0x0000,0x0000,0x0000,0x0000,0x0000,0x0000,
  },
  // happy frame 2
  {
    0x0000,0x0000,0x0000,0x0000,0x0000,0x0000,0x0000,0x0000,0x0000,0x0000,0x0000,0x0000,0x0000,0x0000,0x0000,0x0000,
    0x0000,0x0000,0x0000,0x0000,0x0000,0x0000,0x0000,0x0000,0x0000,0x0000,0x0000,0x0000,0x0000,0x0000,0x0000,0x0000,
    0x0000,0x0000,0x0000,0x0000,0x0000,0x0000,0x0000,0x0000,0x0000,0x0000,0x0000,0x0000,0x0000,0x0000,0x0000,0x0000,
    0x0000,0x0000,0x0000,0x0000,0x0000,0x0000,0x0000,0x0000,0x0000,0x0000,0x0000,0x0000,0x0000,0x0000,0x0000,0x0000,
    0x0000,0x0000,0x0000,0x0000,0x0000,0x0000,0x0000,0x0000,0x0000,0x0000,0x0000,0x0000,0x0000,0x0000,0x0000,0x0000,
    0x0000,0x0000,0x0000,0x0000,0x0000,0x0000,0x0000,0x0000,0x0000,0x0000,0x0000,0x0000,0x0000,0x0000,0x0000,0x0000,
    0x0000,0x0000,0x0000,0x0000,0x0000,0x0000,0x0000,0x0000,0x0000,0x0000,0x0000,0x0000,0x0000,0x0000,0x0000,0x0000,
    0x0000,0x0000,0x0000,0x0000,0x0000,0x0000,0x0000,0x0000,0x0000,0x0000,0x0000,0x0000,0x0000,0x0000,0x0000,0x0000,
    0x0000,0x0000,0x0000,0x0000,0x0000,0x0000,0x0000,0x0000,0x0000,0x0000,0x0000,0x0000,0x0000,0x0000,0x0000,0x0000,
    0x0000,0x0000,0x0000,0x0000,0x0000,0x0000,0x0000,0x0000,0x0000,0x0000,0x0000,0x0000,0x0000,0x0000,0x0000,0x0000,
    0x0000,0x0000,0x0000,0x0000,0x0000,0x0000,0x0000,0x0000,0x0000,0x0000,0x0000,0x0000,0x0000,0x0000,0x0000,0x0000,
    0x0000,0x0000,0x0000,0x0000,0x0000,0x0000,0x0000,0x0000,0x0000,0x0000,0x0000,0x0000,0x0000,0x0000,0x0000,0x0000,
    0x0000,0x0000,0x0000,0x0000,0x0000,0x0000,0x0000,0x0000,0x0000,0x0000,0x0000,0x0000,0x0000,0x0000,0x0000,0x0000,
    0x0000,0x0000,0x0000,0x0000,0x0000,0x0000,0x0000,0x0000,0x0000,0x0000,0x0000,0x0000,0x0000,0x0000,0x0000,0x0000,
    0x0000,0x0000,0x0000,0x0000,0x0000,0x0000,0x0000,0x0000,0x0000,0x0000,0x0000,0x0000,0x0000,0x0000,0x0000,0x0000,
    0x0000,0x0000,0x0000,0x0000,0x0000,0x0000,0x0000,0x0000,0x0000,0x0000,0x0000,0x0000,0x0000,0x0000,0x0000,0x0000,
    0x0000,0x0000,0x0000,0x0000,0x0000,0x0000,0x0000,0x0000,0x0000,0x0000,0x0000,0x0000,0x0000,0x0000,0x0000,0x0000,
    0x0000,0x0000,0x0000,0x0000,0x0000,0x0000,0x0000,0x0000,0x0000,0x0000,0x0000,0x0000,0x0000,0x0000,0x0000,0x0000,
    0x0000,0x0000,0x0000,0x0000,0x0000,0x0000,0x0000,0x0000,0x0000,0x0000,0x0000,0x0000,0x0000,0x0000,0x0000,0x0000,
    0x0000,0x0000,0x0000,0x0000,0x0000,0x0000,0x0000,0x0000,0x0000,0x0000,0x0000,0x0000,0x0000,0x0000,0x0000,0x0000,
    0x0000,0x0000,0x0000,0x0000,0x0000,0x0000,0x0000,0x0000,0x0000,0x0000,0x0000,0x0000,0x0000,0x0000,0x0000,0x0000,
    0x0000,0x0000,0x0000,0x0000,0x0000,0x0000,0x0000,0x0000,0x0000,0x0000,0x0000,0x0000,0x0000,0x0000,0x0000,0x0000,
    0x0000,0x0000,0x0000,0x0000,0x0000,0x0000,0x0000,0x0000,0x0000,0x0000,0x0000,0x0000,0x0000,0x0000,0x0000,0x0000,
    0x0000,0x0000,0x0000,0x0000,0x0000,0x0000,0x0000,0x0000,0x0000,0x0000,0x0000,0x0000,0x0000,0x0000,0x0000,0x0000,
    0x0000,0x0000,0x0000,0x0000,0x0000,0x0000,0x0000,0x0000,0x0000,0x0000,0x0000,0x0000,0x0000,0x0000,0x0000,0x0000,
    0x0000,0x0000,0x0000,0x0000,0x0000,0x0000,0x0000,0x0000,0x0000,0x0000,0x0000,0x0000,0x0000,0x0000,0x0000,0x0000,
    0x0000,0x0000,0x0000,0x0000,0x0000,0x0000,0x0000,0x0000,0x0000,0x0000,0x0000,0x0000,0x0000,0x0000,0x0000,0x0000,
    0x0000,0x0000,0x0000,0x0000,0x0000,0x0000,0x0000,0x0000,0x0000,0x0000,0x0000,0x0000,0x0000,0x0000,0x0000,0x0000,
    0x0000,0x0000,0x0000,0x0000,0x0000,0x0000,0x0000,0x0000,0x0000,0x0000,0x0000,0x0000,0x0000,0x0000,0x0000,0x0000,
    0x0000,0x0000,0x0000,0x0000,0x0000,0x0000,0x0000,0x0000,0x0000,0x0000,0x0000,0x0000,0x0000,0x0000,0x0000,0x0000,
    0x0000,0x0000,0x0000,0x0000,0x0000,0x0000,0x0000,0x0000,0x0000,0x0000,0x0000,0x0000,0x0000,0x0000,0x0000,0x0000,
    0x0000,0x0000,0x0000,0x0000,0x0000,0x0000,0x0000,0x0000,0x0000,0x0000,0x0000,0x0000,0x0000,0x0000,0x0000,0x0000,
    0x0000,0x0000,0x0000,0x0000,0x0000,0x0000,0x0000,0x1082,0x1082,0x1082,0x0000,0x0000,0x0000,0x0000,0x0000,0x0000,
    0x0000,0x0000,0x0000,0x0000,0x0000,0x0000,0x0000,0x0000,0x0000,0x0000,0x0000,0x0000,0x0000,0x0000,0x0000,0x0000,
    0x0000,0x0000,0x0000,0x0000,0x0000,0x0000,0x0000,0x0000,0x0000,0x0000,0x0000,0x0000,0x0000,0x0000,0x0000,0x0000,
    0x0000,0x0000,0x0000,0x0000,0x0000,0x0000,0x0000,0x0000,0x0000,0x0000,0x0000,0x0000,0x0000,0x0000,0x0000,0x0000,
    0x0000,0x0000,0x0000,0x0000,0x0000,0x0000,0x0000,0x0000,0x0000,0x0000,0x0000,0x0000,0x0000,0x0000,0x0000,0x0000,
    0x0000,0x0000,0x0000,0x0000,0x0000,0x0000,0x0000,0x7f32,0x7f32,0x7f32,0x0000,0x0000,0x0000,0x0000,0x0000,0x0000,
    0x0000,0x0000,0x0000,0x0000,0x0000,0x0000,0x0000,0x0000,0x0000,0x0000,0x0000,0x0000,0x0000,0x0000,0x0000,0x0000,
    0x0000,0x0000,0x0000,0x0000,0x0000,0x0000,0x0000,0x0000,0x0000,0x0000,0x0000,0x0000,0x0000,0x0000,0x0000,0x0000,
    0x0000,0x0000,0x0000,0x0000,0x0000,0x0000,0x0000,0x0000,0x0000,0x0000,0x0000,0x0000,0x0000,0x0000,0x0000,0x0000,
    0x0000,0x0000,0x0000,0x0000,0x0000,0x0000,0x0000,0x0000,0x0000,0x0000,0x0000,0x0000,0x0000,0x0000,0x0000,0x0000,
    0x0000,0x0000,0x0000,0x0000,0x0000,0x0000,0x1082,0x7f32,0x7f32,0x7f32,0x1082,0x0000,0x0000,0x0000,0x0000,0x0000,
    0x0000,0x0000,0x0000,0x0000,0x0000,0x0000,0x0000,0x0000,0x0000,0x0000,0x0000,0x0000,0x0000,0x0000,0x0000,0x0000,
    0x0000,0x0000,0x0000,0x0000,0x0000,0x0000,0x0000,0x0000,0x0000,0x0000,0x0000,0x0000,0x0000,0x0000,0x0000,0x0000,
    0x0000,0x0000,0x0000,0x0000,0x0000,0x0000,0x0000,0x0000,0x0000,0x0000,0x0000,0x0000,0x0000,0x0000,0x0000,0x0000,
    0x0000,0x0000,0x0000,0x0000,0x0000,0x0000,0x0000,0x0000,0x0000,0x0000,0x0000,0x0000,0x0000,0x0000,0x0000,0x0000,
    0x0000,0x0000,0x0000,0x0000,0x0000,0x0000,0x1082,0x7f32,0x7f32,0x7f32,0x1082,0x0000,0x0000,0x0000,0x0000,0x0000,
    0x0000,0x0000,0x0000,0x0000,0x0000,0x0000,0x0000,0x0000,0x0000,0x0000,0x0000,0x0000,0x0000,0x0000,0x0000,0x0000,
    0x0000,0x0000,0x0000,0x0000,0x0000,0x0000,0x0000,0x0000,0x0000,0x0000,0x0000,0x0000,0x0000,0x0000,0x0000,0x0000,
    0x0000,0x0000,0x0000,0x0000,0x0000,0x0000,0x0000,0x0000,0x0000,0x0000,0x0000,0x0000,0x0000,0x0000,0x0000,0x0000,
    0x0000,0x0000,0x0000,0x0000,0x0000,0x0000,0x0000,0x0000,0x0000,0x0000,0x0000,0x0000,0x0000,0x0000,0x0000,0x0000,
    0x0000,0x1082,0x1082,0x1082,0x1082,0x1082,0x7f32,0x7f32,0x7f32,0x7f32,0x7f32,0x1082,0x1082,0x1082,0x1082,0x1082,
    0x0000,0x0000,0x0000,0x0000,0x0000,0x0000,0x0000,0x0000,0x0000,0x0000,0x0000,0x0000,0x0000,0x0000,0x0000,0x0000,
    0x0000,0x0000,0x0000,0x0000,0x0000,0x0000,0x0000,0x0000,0x0000,0x0000,0x0000,0x0000,0x0000,0x0000,0x0000,0x0000,
    0x0000,0x0000,0x0000,0x0000,0x0000,0x0000,0x0000,0x0000,0x0000,0x0000,0x0000,0x0000,0x0000,0x0000,0x0000,0x0000,
    0x0000,0x0000,0x0000,0x0000,0x0000,0x0000,0x0000,0x0000,0x0000,0x0000,0x0000,0x0000,0x0000,0x0000,0x1082,0x1082,
    0x1082,0x1082,0x1082,0x1082,0x1082,0x1082,0x7f32,0x7f32,0x7f32,0x7f32,0x7f32,0x1082,0x1082,0x1082,0x1082,0x1082,
    0x1082,0x1082,0x1082,0x0000,0x0000,0x0000,0x0000,0x0000,0x0000,0x0000,0x0000,0x0000,0x0000,0x0000,0x0000,0x0000,
    0x0000,0x0000,0x0000,0x0000,0x0000,0x0000,0x0000,0x0000,0x0000,0x0000,0x0000,0x0000,0x0000,0x0000,0x0000,0x0000,
    0x0000,0x0000,0x0000,0x0000,0x0000,0x0000,0x0000,0x0000,0x0000,0x0000,0x0000,0x0000,0x0000,0x0000,0x0000,0x0000,
    0x0000,0x0000,0x0000,0x0000,0x0000,0x0000,0x0000,0x0000,0x0000,0x0000,0x0000,0x1082,0x1082,0x1082,0x1082,0x1082,
    0x1082,0xfe00,0xfe00,0xfe00,0xfe00,0x1082,0x7f32,0x7f32,0x7f32,0x7f32,0x7f32,0x1082,0xfe00,0xfe00,0xfe00,0xfe00,
    0x1082,0x1082,0x1082,0x1082,0x1082,0x1082,0x0000,0x0000,0x0000,0x0000,0x0000,0x0000,0x0000,0x0000,0x0000,0x0000,
    0x0000,0x0000,0x0000,0x0000,0x0000,0x0000,0x0000,0x0000,0x0000,0x0000,0x0000,0x0000,0x0000,0x0000,0x0000,0x0000,
    0x0000,0x0000,0x0000,0x0000,0x0000,0x0000,0x0000,0x0000,0x0000,0x0000,0x0000,0x0000,0x0000,0x0000,0x0000,0x0000,
    0x0000,0x0000,0x0000,0x0000,0x0000,0x0000,0x0000,0x0000,0x0000,0x1082,0x1082,0x1082,0x1082,0x1082,0xfe00,0xfe00,
    0xfe00,0xfe00,0xfe00,0xfe00,0xfe00,0x1082,0x7f32,0x7f32,0x7f32,0x7f32,0x7f32,0x1082,0xfe00,0xfe00,0xfe00,0xfe00,
    0xfe00,0xfe00,0xfe00,0x1082,0x1082,0x1082,0x1082,0x1082,0x0000,0x0000,0x0000,0x0000,0x0000,0x0000,0x0000,0x0000,
    0x0000,0x0000,0x0000,0x0000,0x0000,0x0000,0x0000,0x0000,0x0000,0x0000,0x0000,0x0000,0x0000,0x0000,0x0000,0x0000,
    0x0000,0x0000,0x0000,0x0000,0x0000,0x0000,0x0000,0x0000,0x0000,0x0000,0x0000,0x0000,0x0000,0x0000,0x0000,0x0000,
    0x0000,0x0000,0x0000,0x0000,0x0000,0x0000,0x0000,0x0000,0x1082,0x1082,0x1082,0x1082,0xfe00,0xfe00,0xfe00,0xfe00,
    0xfe00,0xfe00,0xfe00,0xfe00,0xfe00,0x1082,0x7f32,0x7f32,0x7f32,0x7f32,0x7f32,0x1082,0xfe00,0xfe00,0xfe00,0xfe00,
    0xfe00,0xfe00,0xfe00,0xfe00,0xfe00,0x1082,0x1082,0x1082,0x1082,0x0000,0x0000,0x0000,0x0000,0x0000,0x0000,0x0000,
    0x0000,0x0000,0x0000,0x0000,0x0000,0x0000,0x0000,0x0000,0x0000,0x0000,0x0000,0x0000,0x0000,0x0000,0x0000,0x0000,
    0x0000,0x0000,0x0000,0x0000,0x0000,0x0000,0x0000,0x0000,0x0000,0x0000,0x0000,0x0000,0x0000,0x0000,0x0000,0x0000,
    0x0000,0x0000,0x0000,0x0000,0x0000,0x0000,0x1082,0x1082,0x1082,0x1082,0xfe00,0xfe00,0xfe00,0xfe00,0xfe00,0xfe00,
    0xfe00,0xfe00,0xfe00,0xfe00,0xfe00,0x1082,0x1082,0x1082,0xfe00,0x1082,0x1082,0x1082,0xfe00,0xfe00,0xfe00,0xfe00,
    0xfe00,0xfe00,0xfe00,0xfe00,0xfe00,0xfe00,0xfe00,0x1082,0x1082,0x1082,0x1082,0x0000,0x0000,0x0000,0x0000,0x0000,
    0x0000,0x0000,0x0000,0x0000,0x0000,0x0000,0x0000,0x0000,0x0000,0x0000,0x0000,0x0000,0x0000,0x0000,0x0000,0x0000,
    0x0000,0x0000,0x0000,0x0000,0x0000,0x0000,0x0000,0x0000,0x0000,0x0000,0x0000,0x0000,0x0000,0x0000,0x0000,0x0000,
    0x0000,0x0000,0x0000,0x0000,0x0000,0x1082,0x1082,0x1082,0x1082,0x1082,0x1082,0x1082,0x1082,0xfe00,0xfe00,0xfe00,
    0xfe00,0xfe00,0xfe00,0xfe00,0xfe00,0xfe00,0xfe00,0xfe00,0xfe00,0xfe00,0xfe00,0xfe00,0xfe00,0xfe00,0xfe00,0xfe00,
    0xfe00,0xfe00,0xfe00,0xfe00,0x1082,0x1082,0x1082,0x1082,0x1082,0x1082,0x1082,0x1082,0x0000,0x0000,0x0000,0x0000,
    0x0000,0x0000,0x0000,0x0000,0x0000,0x0000,0x0000,0x0000,0x0000,0x0000,0x0000,0x0000,0x0000,0x0000,0x0000,0x0000,
    0x0000,0x0000,0x0000,0x0000,0x0000,0x0000,0x0000,0x0000,0x0000,0x0000,0x0000,0x0000,0x0000,0x0000,0x0000,0x0000,
    0x0000,0x0000,0x0000,0x0000,0x1082,0x1082,0x1082,0x1082,0x1082,0x1082,0x1082,0x1082,0x1082,0x1082,0xfe00,0xfe00,
    0xfe00,0xfe00,0xfe00,0xfe00,0xfe00,0xfe00,0xfe00,0xfe00,0xfe00,0xfe00,0xfe00,0xfe00,0xfe00,0xfe00,0xfe00,0xfe00,
    0xfe00,0xfe00,0xfe00,0x1082,0x1082,0x1082,0x1082,0x1082,0x1082,0x1082,0x1082,0x1082,0x1082,0x0000,0x0000,0x0000,
    0x0000,0x0000,0x0000,0x0000,0x0000,0x0000,0x0000,0x0000,0x0000,0x0000,0x0000,0x0000,0x0000,0x0000,0x0000,0x0000,
    0x0000,0x0000,0x0000,0x0000,0x0000,0x0000,0x0000,0x0000,0x0000,0x0000,0x0000,0x0000,0x0000,0x0000,0x0000,0x0000,
    0x0000,0x0000,0x0000,0x1082,0x1082,0x1082,0x1082,0x1082,0x1082,0x7f32,0x1082,0x1082,0x1082,0x1082,0x1082,0xfe00,
    0xfe00,0xfe00,0xfe00,0xfe00,0xfe00,0xfe00,0xfe00,0xfe00,0xfe00,0xfe00,0xfe00,0xfe00,0xfe00,0xfe00,0xfe00,0xfe00,
    0xfe00,0xfe00,0x1082,0x1082,0x1082,0x1082,0x1082,0x7f32,0x1082,0x1082,0x1082,0x1082,0x1082,0x1082,0x0000,0x0000,
    0x0000,0x0000,0x0000,0x0000,0x0000,0x0000,0x0000,0x0000,0x0000,0x0000,0x0000,0x0000,0x0000,0x0000,0x0000,0x0000,
    0x0000,0x0000,0x0000,0x0000,0x0000,0x0000,0x0000,0x0000,0x0000,0x0000,0x0000,0x0000,0x0000,0x0000,0x0000,0x0000,
    0x0000,0x0000,0x1082,0x1082,0x1082,0x1082,0x1082,0x7f32,0x7f32,0x7f32,0x7f32,0x7f32,0x1082,0x1082,0x1082,0x1082,
    0xfe00,0xfe00,0xfe00,0xfe00,0xfe00,0xfe00,0xfe00,0xfe00,0xfe00,0xfe00,0xfe00,0xfe00,0xfe00,0xfe00,0xfe00,0xfe00,
    0xfe00,0x1082,0x1082,0x1082,0x1082,0x7f32,0x7f32,0x7f32,0x7f32,0x7f32,0x1082,0x1082,0x1082,0x1082,0x1082,0x0000,
    0x0000,0x0000,0x0000,0x0000,0x0000,0x0000,0x0000,0x0000,0x0000,0x0000,0x0000,0x0000,0x0000,0x0000,0x0000,0x0000,
    0x0000,0x0000,0x0000,0x0000,0x0000,0x0000,0x0000,0x0000,0x0000,0x0000,0x0000,0x0000,0x0000,0x0000,0x0000,0x0000,
    0x0000,0x1082,0x1082,0x1082,0x1082,0x1082,0x7f32,0x7f32,0x7f32,0x7f32,0x7f32,0x7f32,0x7f32,0x1082,0x1082,0x1082,
    0xfe00,0xfe00,0xfe00,0xfe00,0xfe00,0xfe00,0xfe00,0xfe00,0xfe00,0xfe00,0xfe00,0xfe00,0xfe00,0xfe00,0xfe00,0xfe00,
    0xfe00,0x1082,0x1082,0x1082,0x7f32,0x7f32,0x7f32,0x7f32,0x7f32,0x7f32,0x7f32,0x1082,0x1082,0x1082,0x1082,0x1082,
    0x0000,0x0000,0x0000,0x0000,0x0000,0x0000,0x0000,0x0000,0x0000,0x0000,0x0000,0x0000,0x0000,0x0000,0x0000,0x0000,
    0x0000,0x0000,0x0000,0x0000,0x0000,0x0000,0x0000,0x0000,0x0000,0x0000,0x0000,0x0000,0x0000,0x0000,0x0000,0x0000,
    0x1082,0x1082,0x1082,0x1082,0x1082,0x1082,0x7f32,0x7f32,0x7f32,0x7f32,0x7f32,0x7f32,0x7f32,0x1082,0x1082,0x1082,
    0xfe00,0xfe00,0xfe00,0xfe00,0xfe00,0xfe00,0xfe00,0xfe00,0xfe00,0xfe00,0xfe00,0xfe00,0xfe00,0xfe00,0xfe00,0xfe00,
    0xfe00,0x1082,0x1082,0x1082,0x7f32,0x7f32,0x7f32,0x7f32,0x7f32,0x7f32,0x7f32,0x1082,0x1082,0x1082,0x1082,0x1082,
    0x1082,0x0000,0x0000,0x0000,0x0000,0x0000,0x0000,0x0000,0x0000,0x0000,0x0000,0x0000,0x0000,0x0000,0x0000,0x0000,
    0x0000,0x0000,0x0000,0x0000,0x0000,0x0000,0x0000,0x0000,0x0000,0x0000,0x0000,0x0000,0x0000,0x0000,0x0000,0x1082,
    0x1082,0x1082,0x1082,0x1082,0x1082,0x7f32,0x7f32,0x7f32,0x7f32,0x7f32,0x7f32,0x7f32,0x7f32,0x7f32,0x1082,0x1082,
    0x1082,0xfe00,0xfe00,0xfe00,0xfe00,0xfe00,0xfe00,0xfe00,0xfe00,0xfe00,0xfe00,0xfe00,0xfe00,0xfe00,0xfe00,0xfe00,
    0x1082,0x1082,0x1082,0x7f32,0x7f32,0x7f32,0x7f32,0x7f32,0x7f32,0x7f32,0x7f32,0x7f32,0x1082,0x1082,0x1082,0x1082,
    0x1082,0x1082,0x0000,0x0000,0x0000,0x0000,0x0000,0x0000,0x0000,0x0000,0x0000,0x0000,0x0000,0x0000,0x0000,0x0000,
    0x0000,0x0000,0x0000,0x0000,0x0000,0x0000,0x0000,0x0000,0x0000,0x0000,0x0000,0x0000,0x0000,0x0000,0x0000,0x1082,
    0x1082,0xfe00,0xfe00,0x1082,0x1082,0x1082,0x7f32,0x7f32,0x7f32,0x7f32,0x7f32,0x7f32,0x7f32,0x1082,0x1082,0x1082,
    0xfe00,0xfe00,0xfe00,0xfe00,0xfe00,0xfe00,0xfe00,0xfe00,0xfe00,0xfe00,0xfe00,0xfe00,0xfe00,0xfe00,0xfe00,0xfe00,
    0xfe00,0x1082,0x1082,0x1082,0x7f32,0x7f32,0x7f32,0x7f32,0x7f32,0x7f32,0x7f32,0x1082,0x1082,0x1082,0xfe00,0xfe00,
    0x1082,0x1082,0x0000,0x0000,0x0000,0x0000,0x0000,0x0000,0x0000,0x0000,0x0000,0x0000,0x0000,0x0000,0x0000,0x0000,
    0x0000,0x0000,0x0000,0x0000,0x0000,0x0000,0x0000,0x0000,0x0000,0x0000,0x0000,0x0000,0x0000,0x0000,0x1082,0x1082,
    0xfe00,0xfe00,0xfe00,0x1082,0x1082,0x1082,0x7f32,0x7f32,0x7f32,0x7f32,0x7f32,0x7f32,0x7f32,0x1082,0x1082,0x1082,
    0xfe00,0xfe00,0xfe00,0xfe00,0xfe00,0xfe00,0xfe00,0xfe00,0xfe00,0xfe00,0xfe00,0xfe00,0xfe00,0xfe00,0xfe00,0xfe00,
    0xfe00,0x1082,0x1082,0x1082,0x7f32,0x7f32,0x7f32,0x7f32,0x7f32,0x7f32,0x7f32,0x1082,0x1082,0x1082,0xfe00,0xfe00,
    0xfe00,0x1082,0x1082,0x0000,0x0000,0x0000,0x0000,0x0000,0x0000,0x0000,0x0000,0x0000,0x0000,0x0000,0x0000,0x0000,
    0x0000,0x0000,0x0000,0x0000,0x0000,0x0000,0x0000,0x0000,0x0000,0x0000,0x0000,0x0000,0x0000,0x1082,0x1082,0x1082,
    0xfe00,0xfe00,0xfe00,0x1082,0x1082,0x1082,0x1082,0x7f32,0x7f32,0x7f32,0x7f32,0x7f32,0x1082,0x1082,0x1082,0x1082,
    0xfe00,0xfe00,0xfe00,0xfe00,0xfe00,0xfe00,0xfe00,0xfe00,0xfe00,0xfe00,0xfe00,0xfe00,0xfe00,0xfe00,0xfe00,0xfe00,
    0xfe00,0x1082,0x1082,0x1082,0x1082,0x7f32,0x7f32,0x7f32,0x7f32,0x7f32,0x1082,0x1082,0x1082,0x1082,0xfe00,0xfe00,
    0xfe00,0x1082,0x1082,0x1082,0x0000,0x0000,0x0000,0x0000,0x0000,0x0000,0x0000,0x0000,0x0000,0x0000,0x0000,0x0000,
    0x0000,0x0000,0x0000,0x0000,0x0000,0x0000,0x0000,0x0000,0x0000,0x0000,0x0000,0x0000,0x0000,0x1082,0x1082,0xfe00,
    0xfe00,0xfe00,0xfe00,0xfe00,0x1082,0x1082,0x1082,0x1082,0x1082,0x7f32,0x1082,0x1082,0x1082,0x1082,0x1082,0xfe00,
    0xfe00,0xfe00,0xfe00,0xfe00,0xfe00,0xfe00,0xfe00,0xfe00,0xfe00,0xfe00,0xfe00,0xfe00,0xfe00,0xfe00,0xfe00,0xfe00,
    0xfe00,0xfe00,0x1082,0x1082,0x1082,0x1082,0x1082,0x7f32,0x1082,0x1082,0x1082,0x1082,0x1082,0xfe00,0xfe00,0xfe00,
    0xfe00,0xfe00,0x1082,0x1082,0x0000,0x0000,0x0000,0x0000,0x0000,0x0000,0x0000,0x0000,0x0000,0x0000,0x0000,0x0000,
    0x0000,0x0000,0x0000,0x0000,0x0000,0x0000,0x0000,0x0000,0x0000,0x0000,0x0000,0x0000,0x1082,0x1082,0x1082,0xfe00,
    0xfe00,0xfe00,0xfe00,0xfe00,0xfe00,0x1082,0x1082,0x1082,0x1082,0x1082,0x1082,0x1082,0x1082,0x1082,0xfe00,0xfe00,
    0xfe00,0xfe00,0xfe00,0xfe00,0xfe00,0xfe00,0xfe00,0xfe00,0xfe00,0xfe00,0xfe00,0xfe00,0xfe00,0xfe00,0xfe00,0xfe00,
    0xfe00,0xfe00,0xfe00,0x1082,0x1082,0x1082,0x1082,0x1082,0x1082,0x1082,0x1082,0x1082,0xfe00,0xfe00,0xfe00,0xfe00,
    0xfe00,0xfe00,0x1082,0x1082,0x1082,0x0000,0x0000,0x0000,0x0000,0x0000,0x0000,0x0000,0x0000,0x0000,0x0000,0x0000,
    0x0000,0x0000,0x0000,0x0000,0x0000,0x0000,0x0000,0x0000,0x0000,0x0000,0x0000,0x0000,0x1082,0x1082,0xfe00,0xfe00,
    0xfe00,0xfe00,0xfe00,0xfe00,0xfe00,0xfe00,0x1082,0x1082,0x1082,0x1082,0x1082,0x1082,0x1082,0xfe00,0xfe00,0xfe00,
    0xfe00,0xfe00,0xfe00,0xfe00,0xfe00,0xfe00,0xfe00,0xfe00,0xfe00,0xfe00,0xfe00,0xfe00,0xfe00,0xfe00,0xfe00,0xfe00,
    0xfe00,0xfe00,0xfe00,0xfe00,0x1082,0x1082,0x1082,0x1082,0x1082,0x1082,0x1082,0xfe00,0xfe00,0xfe00,0xfe00,0xfe00,
    0xfe00,0xfe00,0xfe00,0x1082,0x1082,0x0000,0x0000,0x0000,0x0000,0x0000,0x0000,0x0000,0x0000,0x0000,0x0000,0x0000,
    0x0000,0x0000,0x0000,0x0000,0x0000,0x0000,0x0000,0x0000,0x0000,0x0000,0x0000,0x0000,0x1082,0x1082,0xfe00,0xfe00,
    0xfe00,0xfe00,0xfe00,0xfe00,0xfe00,0xfe00,0xfe00,0xfe00,0xfe00,0x1082,0xfe00,0xfe00,0xfe00,0xfe00,0xfe00,0xfe00,
    0xfe00,0xfe00,0xfe00,0xfe00,0xfe00,0xfe00,0xfe00,0xfe00,0xfe00,0xfe00,0xfe00,0xfe00,0xfe00,0xfe00,0xfe00,0xfe00,
    0xfe00,0xfe00,0xfe00,0xfe00,0xfe00,0xfe00,0xfe00,0x1082,0xfe00,0xfe00,0xfe00,0xfe00,0xfe00,0xfe00,0xfe00,0xfe00,
    0xfe00,0xfe00,0xfe00,0x1082,0x1082,0x0000,0x0000,0x0000,0x0000,0x0000,0x0000,0x0000,0x0000,0x0000,0x0000,0x0000,
    0x0000,0x0000,0x0000,0x0000,0x0000,0x0000,0x0000,0x0000,0x0000,0x0000,0x0000,0x1082,0x1082,0xfe00,0xfe00,0xfe00,
    0xfe00,0xfe00,0xfe00,0xfe00,0xfe00,0xfe00,0xfe00,0xfe00,0xfe00,0xfe00,0xfe00,0xfe00,0xfe00,0xfe00,0xfe00,0xfe00,
    0xfe00,0xfe00,0xfe00,0xfe00,0xfe00,0xfe00,0xfe00,0xfe00,0xfe00,0xfe00,0xfe00,0xfe00,0xfe00,0xfe00,0xfe00,0xfe00,
    0xfe00,0xfe00,0xfe00,0xfe00,0xfe00,0xfe00,0xfe00,0xfe00,0xfe00,0xfe00,0xfe00,0xfe00,0xfe00,0xfe00,0xfe00,0xfe00,
    0xfe00,0xfe00,0xfe00,0xfe00,0x1082,0x1082,0x0000,0x0000,0x0000,0x0000,0x0000,0x0000,0x0000,0x0000,0x0000,0x0000,
    0x0000,0x0000,0x0000,0x0000,0x0000,0x0000,0x0000,0x0000,0x0000,0x0000,0x0000,0x1082,0x1082,0xfe00,0xfe00,0xfe00,
    0xfe00,0xfe00,0xfe00,0xfe00,0xfe00,0xfe00,0xfe00,0xfe00,0xfe00,0xfe00,0xfe00,0xfe00,0xfe00,0xfe00,0xfe00,0xfe00,
    0xfe00,0xfe00,0xfe00,0xfe00,0xfe00,0xfe00,0xfe00,0xfe00,0xfe00,0xfe00,0xfe00,0xfe00,0xfe00,0xfe00,0xfe00,0xfe00,
    0xfe00,0xfe00,0xfe00,0xfe00,0xfe00,0xfe00,0xfe00,0xfe00,0xfe00,0xfe00,0xfe00,0xfe00,0xfe00,0xfe00,0xfe00,0xfe00,
    0xfe00,0xfe00,0xfe00,0xfe00,0x1082,0x1082,0x0000,0x0000,0x0000,0x0000,0x0000,0x0000,0x0000,0x0000,0x0000,0x0000,
    0x0000,0x0000,0x0000,0x0000,0x0000,0x0000,0x0000,0x0000,0x0000,0x0000,0x0000,0x1082,0x1082,0xfe00,0xfe00,0xfe00,
    0xfe00,0xfe00,0xfe00,0xfe00,0xfe00,0xfe00,0xfe00,0xfe00,0xfe00,0xfe00,0xfe00,0xfe00,0xfe00,0xfe00,0xfe00,0xfe00,
    0xfe00,0xfe00,0xfe00,0xfe00,0xfe00,0xfe00,0xfe00,0xfe00,0xfe00,0xfe00,0xfe00,0xfe00,0xfe00,0xfe00,0xfe00,0xfe00,
    0xfe00,0xfe00,0xfe00,0xfe00,0xfe00,0xfe00,0xfe00,0xfe00,0xfe00,0xfe00,0xfe00,0xfe00,0xfe00,0xfe00,0xfe00,0xfe00,
    0xfe00,0xfe00,0xfe00,0xfe00,0x1082,0x1082,0x0000,0x0000,0x0000,0x0000,0x0000,0x0000,0x0000,0x0000,0x0000,0x0000,
    0x0000,0x0000,0x0000,0x0000,0x0000,0x0000,0x0000,0x0000,0x0000,0x0000,0x1082,0x1082,0xfe00,0xfe00,0xfe00,0xfe00,
    0xfe00,0xfe00,0xfe00,0xfe00,0xfe00,0xfe00,0xfe00,0x0000,0x0000,0x0000,0x0000,0x0000,0x0000,0x0000,0x0000,0x0000,
    0x0000,0x0000,0xfe00,0xfe00,0xfe00,0xfe00,0xfe00,0xfe00,0xfe00,0xfe00,0xfe00,0xfe00,0xfe00,0xfe00,0xfe00,0x0000,
    0x0000,0x0000,0x0000,0x0000,0x0000,0x0000,0x0000,0x0000,0x0000,0x0000,0xfe00,0xfe00,0xfe00,0xfe00,0xfe00,0xfe00,
    0xfe00,0xfe00,0xfe00,0xfe00,0xfe00,0x1082,0x1082,0x0000,0x0000,0x0000,0x0000,0x0000,0x0000,0x0000,0x0000,0x0000,
    0x0000,0x0000,0x0000,0x0000,0x0000,0x0000,0x0000,0x0000,0x0000,0x0000,0x1082,0x1082,0xfe00,0xfe00,0xfe00,0xfe00,
    0xfe00,0xfe00,0xfe00,0xfe00,0xfe00,0xfe00,0xfe00,0x0000,0x0000,0x0000,0x0000,0x0000,0x0000,0x0000,0x0000,0x0000,
    0x0000,0x0000,0xfe00,0xfe00,0xfe00,0xfe00,0xfe00,0xfe00,0xfe00,0xfe00,0xfe00,0xfe00,0xfe00,0xfe00,0xfe00,0x0000,
    0x0000,0x0000,0x0000,0x0000,0x0000,0x0000,0x0000,0x0000,0x0000,0x0000,0xfe00,0xfe00,0xfe00,0xfe00,0xfe00,0xfe00,
    0xfe00,0xfe00,0xfe00,0xfe00,0xfe00,0x1082,0x1082,0x0000,0x0000,0x0000,0x0000,0x0000,0x0000,0x0000,0x0000,0x0000,
    0x0000,0x0000,0x0000,0x0000,0x0000,0x0000,0x0000,0x0000,0x0000,0x0000,0x1082,0x1082,0xfe00,0xfe00,0xfe00,0xfe00,
    0xfe00,0xfe00,0xfe00,0xfe00,0xfe00,0xfe00,0xfe00,0x0000,0x0000,0x0000,0x0000,0x0000,0x0000,0x0000,0x0000,0x0000,
    0x0000,0x0000,0xfe00,0xfe00,0xfe00,0xfe00,0xfe00,0xfe00,0xfe00,0xfe00,0xfe00,0xfe00,0xfe00,0xfe00,0xfe00,0x0000,
    0x0000,0x0000,0x0000,0x0000,0x0000,0x0000,0x0000,0x0000,0x0000,0x0000,0xfe00,0xfe00,0xfe00,0xfe00,0xfe00,0xfe00,
    0xfe00,0xfe00,0xfe00,0xfe00,0xfe00,0x1082,0x1082,0x0000,0x0000,0x0000,0x0000,0x0000,0x0000,0x0000,0x0000,0x0000,
    0x0000,0x0000,0x0000,0x0000,0x0000,0x0000,0x0000,0x0000,0x0000,0x0000,0x1082,0x1082,0xfe00,0xfe00,0xfe00,0xfe00,
    0xfe00,0xfe00,0xfe00,0xfe00,0xfe00,0xfe00,0xfe00,0xfe00,0xfe00,0xfe00,0xfe00,0xfe00,0xfe00,0xfe00,0xfe00,0xfe00,
    0xfe00,0xfe00,0xfe00,0xfe00,0xfe00,0xfe00,0xfe00,0xfe00,0xfe00,0xfe00,0xfe00,0xfe00,0xfe00,0xfe00,0xfe00,0xfe00,
    0xfe00,0xfe00,0xfe00,0xfe00,0xfe00,0xfe00,0xfe00,0xfe00,0xfe00,0xfe00,0xfe00,0xfe00,0xfe00,0xfe00,0xfe00,0xfe00,
    0xfe00,0xfe00,0xfe00,0xfe00,0xfe00,0x1082,0x1082,0x0000,0x0000,0x0000,0x0000,0x0000,0x0000,0x0000,0x0000,0x0000,
    0x0000,0x0000,0x0000,0x0000,0x0000,0x0000,0x0000,0x0000,0x0000,0x0000,0x1082,0x1082,0xfe00,0xfe00,0xfe00,0xfe00,
    0xfe00,0xfe00,0xfe00,0xfe00,0xfe00,0xfe00,0xfe00,0xfe00,0xfe00,0xfe00,0xfe00,0xfe00,0xfe00,0xfe00,0xfe00,0xfe00,
    0xfe00,0xfe00,0xfe00,0xfe00,0xfe00,0xfe00,0xfe00,0xfe00,0xfe00,0xfe00,0xfe00,0xfe00,0xfe00,0xfe00,0xfe00,0xfe00,
    0xfe00,0xfe00,0xfe00,0xfe00,0xfe00,0xfe00,0xfe00,0xfe00,0xfe00,0xfe00,0xfe00,0xfe00,0xfe00,0xfe00,0xfe00,0xfe00,
    0xfe00,0xfe00,0xfe00,0xfe00,0xfe00,0x1082,0x1082,0x0000,0x0000,0x0000,0x0000,0x0000,0x0000,0x0000,0x0000,0x0000,
    0x0000,0x0000,0x0000,0x0000,0x0000,0x0000,0x0000,0x0000,0x0000,0x0000,0x1082,0x1082,0xfe00,0xfe00,0xfe00,0xfe00,
    0xfe00,0xfe00,0xfe00,0xfe00,0xfe00,0xfe00,0xfe00,0xfe00,0xfe00,0xfe00,0xfe00,0xfe00,0xfe00,0xfe00,0xfe00,0xfe00,
    0xfe00,0xfe00,0xfe00,0xfe00,0xfe00,0xfe00,0xfe00,0xfe00,0xfe00,0xfe00,0xfe00,0xfe00,0xfe00,0xfe00,0xfe00,0xfe00,
    0xfe00,0xfe00,0xfe00,0xfe00,0xfe00,0xfe00,0xfe00,0xfe00,0xfe00,0xfe00,0xfe00,0xfe00,0xfe00,0xfe00,0xfe00,0xfe00,
    0xfe00,0xfe00,0xfe00,0xfe00,0xfe00,0x1082,0x1082,0x0000,0x0000,0x0000,0x0000,0x0000,0x0000,0x0000,0x0000,0x0000,
    0x0000,0x0000,0x0000,0x0000,0x0000,0x0000,0x0000,0x0000,0x0000,0x0000,0x1082,0x1082,0xfe00,0xfe00,0xfe00,0xfe00,
    0xfe00,0xfe00,0xfe00,0xfe00,0xfe00,0xfe00,0xfe00,0xfe00,0xfe00,0xfe00,0xfe00,0xfe00,0xfe00,0xfe00,0xfe00,0xfe00,
    0xfe00,0xfe00,0xfe00,0xfe00,0xfe00,0xfe00,0xfe00,0xfe00,0xfe00,0xfe00,0xfe00,0xfe00,0xfe00,0xfe00,0xfe00,0xfe00,
    0xfe00,0xfe00,0xfe00,0xfe00,0xfe00,0xfe00,0xfe00,0xfe00,0xfe00,0xfe00,0xfe00,0xfe00,0xfe00,0xfe00,0xfe00,0xfe00,
    0xfe00,0xfe00,0xfe00,0xfe00,0xfe00,0x1082,0x1082,0x0000,0x0000,0x0000,0x0000,0x0000,0x0000,0x0000,0x0000,0x0000,
    0x0000,0x0000,0x0000,0x0000,0x0000,0x0000,0x0000,0x0000,0x0000,0x1082,0x1082,0xfe00,0xfe00,0xfe00,0xfe00,0xfe00,
    0xfe00,0xfe00,0xfe00,0xfe00,0xfe00,0xfe00,0xfe00,0xfe00,0xfe00,0xfe00,0xfe00,0xfe00,0xfe00,0xfe00,0xfe00,0xfe00,
    0xfe00,0xfe00,0xfe00,0xfe00,0xfe00,0xfe00,0xfe00,0xfe00,0xfe00,0xfe00,0xfe00,0xfe00,0xfe00,0xfe00,0xfe00,0xfe00,
    0xfe00,0xfe00,0xfe00,0xfe00,0xfe00,0xfe00,0xfe00,0xfe00,0xfe00,0xfe00,0xfe00,0xfe00,0xfe00,0xfe00,0xfe00,0xfe00,
    0xfe00,0xfe00,0xfe00,0xfe00,0xfe00,0xfe00,0x1082,0x1082,0x0000,0x0000,0x0000,0x0000,0x0000,0x0000,0x0000,0x0000,
    0x0000,0x0000,0x0000,0x0000,0x0000,0x0000,0x0000,0x0000,0x0000,0x0000,0x1082,0x1082,0xfe00,0xfe00,0xfe00,0xfe00,
    0xfe00,0xfe00,0xfe00,0xfe00,0xfe00,0xfe00,0xfe00,0xfe00,0xfe00,0xfe00,0xfe00,0xfe00,0xfe00,0xfe00,0xfe00,0xfe00,
    0xfe00,0xfe00,0xfe00,0xfe00,0xfe00,0xfe00,0xfe00,0xfe00,0xfe00,0xfe00,0xfe00,0xfe00,0xfe00,0xfe00,0xfe00,0xfe00,
    0xfe00,0xfe00,0xfe00,0xfe00,0xfe00,0xfe00,0xfe00,0xfe00,0xfe00,0xfe00,0xfe00,0xfe00,0xfe00,0xfe00,0xfe00,0xfe00,
    0xfe00,0xfe00,0xfe00,0xfe00,0xfe00,0x1082,0x1082,0x0000,0x0000,0x0000,0x0000,0x0000,0x0000,0x0000,0x0000,0x0000,
    0x0000,0x0000,0x0000,0x0000,0x0000,0x0000,0x0000,0x0000,0x0000,0x0000,0x1082,0x1082,0xfe00,0xfe00,0xfe00,0xfe00,
    0xfe00,0xfe00,0xfe00,0xfe00,0xfe00,0xfe00,0xfe00,0xfe00,0xfe00,0xfe00,0xfe00,0xfe00,0xfe00,0xfe00,0xfe00,0xfe00,
    0xfe00,0xfe00,0xfe00,0xfe00,0xfe00,0xfe00,0xfe00,0xfe00,0x1082,0xfe00,0xfe00,0xfe00,0xfe00,0xfe00,0xfe00,0xfe00,
    0xfe00,0xfe00,0xfe00,0xfe00,0xfe00,0xfe00,0xfe00,0xfe00,0xfe00,0xfe00,0xfe00,0xfe00,0xfe00,0xfe00,0xfe00,0xfe00,
    0xfe00,0xfe00,0xfe00,0xfe00,0xfe00,0x1082,0x1082,0x0000,0x0000,0x0000,0x0000,0x0000,0x0000,0x0000,0x0000,0x0000,
    0x0000,0x0000,0x0000,0x0000,0x0000,0x0000,0x0000,0x0000,0x0000,0x0000,0x1082,0x1082,0xfe00,0xfe00,0xfe00,0xfe00,
    0xfe00,0xfe00,0xfe00,0xfe00,0xfe00,0xfe00,0xfd14,0xfe00,0xfe00,0xfe00,0xfe00,0xfe00,0xfe00,0xfe00,0xfe00,0xfe00,
    0xfe00,0xfe00,0xfe00,0x1082,0x1082,0x1082,0x1082,0x1082,0x1082,0x1082,0x1082,0x1082,0x1082,0x1082,0xfe00,0xfe00,
    0xfe00,0xfe00,0xfe00,0xfe00,0xfe00,0xfe00,0xfe00,0xfe00,0xfe00,0xfe00,0xfd14,0xfe00,0xfe00,0xfe00,0xfe00,0xfe00,
    0xfe00,0xfe00,0xfe00,0xfe00,0xfe00,0x1082,0x1082,0x0000,0x0000,0x0000,0x0000,0x0000,0x0000,0x0000,0x0000,0x0000,
    0x0000,0x0000,0x0000,0x0000,0x0000,0x0000,0x0000,0x0000,0x0000,0x0000,0x1082,0x1082,0xfe00,0xfe00,0x1082,0x1082,
    0x1082,0xfe00,0xfe00,0xfe00,0xfd14,0xfd14,0xfd14,0xfd14,0xfd14,0xfe00,0xfe00,0xfe00,0xfe00,0xfe00,0xfe00,0xfe00,
    0x1082,0x1082,0x1082,0x1082,0x1082,0x1082,0x1082,0x1082,0xff34,0x1082,0x1082,0x1082,0x1082,0x1082,0x1082,0x1082,
    0x1082,0xfe00,0xfe00,0xfe00,0xfe00,0xfe00,0xfe00,0xfe00,0xfd14,0xfd14,0xfd14,0xfd14,0xfd14,0xfe00,0xfe00,0xfe00,
    0x1082,0x1082,0x1082,0xfe00,0xfe00,0x1082,0x1082,0x1082,0x0000,0x0000,0x0000,0x0000,0x0000,0x0000,0x0000,0x0000,
    0x0000,0x0000,0x0000,0x0000,0x0000,0x0000,0x0000,0x0000,0x0000,0x0000,0x1082,0x1082,0xfe00,0x1082,0x1082,0x1082,
    0x1082,0xfe00,0xfe00,0xfe00,0xfd14,0xfd14,0xfd14,0xfd14,0xfd14,0xfe00,0xfe00,0xfe00,0xfe00,0xfe00,0xfe00,0x1082,
    0x1082,0x1082,0x1082,0xff34,0xff34,0xff34,0xff34,0xff34,0xff34,0xff34,0xff34,0xff34,0xff34,0xff34,0x1082,0x1082,
    0x1082,0x1082,0xfe00,0xfe00,0xfe00,0xfe00,0xfe00,0xfe00,0xfd14,0xfd14,0xfd14,0xfd14,0xfd14,0xfe00,0xfe00,0xfe00,
    0x1082,0x1082,0x1082,0x1082,0xfe00,0x1082,0x1082,0x1082,0x1082,0x1082,0x0000,0x0000,0x0000,0x0000,0x0000,0x0000,
    0x0000,0x0000,0x0000,0x0000,0x0000,0x0000,0x0000,0x0000,0x0000,0x0000,0x1082,0x1082,0x1082,0x1082,0x1082,0x1082,
    0x1082,0xfe00,0xfe00,0xfd14,0xfd14,0xfd14,0xfd14,0xfd14,0xfd14,0xfd14,0xfe00,0xfe00,0xfe00,0x1082,0x1082,0x0000,
    0x0000,0x0000,0x0000,0xff34,0xff34,0xff34,0xff34,0xff34,0xff34,0xff34,0xff34,0xff34,0xff34,0xff34,0x0000,0x0000,
    0x0000,0x0000,0x1082,0x1082,0xfe00,0xfe00,0xfe00,0xfd14,0xfd14,0xfd14,0xfd14,0xfd14,0xfd14,0xfd14,0xfe00,0xfe00,
    0x1082,0x1082,0x1082,0x1082,0x1082,0x1082,0x1082,0x1082,0x1082,0x1082,0x1082,0x1082,0x0000,0x0000,0x0000,0x0000,
    0x0000,0x0000,0x0000,0x0000,0x0000,0x0000,0x0000,0x0000,0x0000,0x0000,0x1082,0x1082,0x1082,0x1082,0x1082,0x1082,
    0xfe00,0xfe00,0xfe00,0xfe00,0xfd14,0xfd14,0xfd14,0xfd14,0xfd14,0xfe00,0xfe00,0xfe00,0x1082,0x1082,0x1082,0x0000,
    0x0000,0x0000,0x0000,0xff34,0xff34,0xff34,0xff34,0xff34,0xff34,0xff34,0xff34,0xff34,0xff34,0xff34,0x0000,0x0000,
    0x0000,0x0000,0x1082,0x1082,0x1082,0xfe00,0xfe00,0xfe00,0xfd14,0xfd14,0xfd14,0xfd14,0xfd14,0xfe00,0xfe00,0xfe00,
    0xfe00,0x1082,0x1082,0x1082,0x1082,0x1082,0x1082,0x7f32,0x1082,0x1082,0x1082,0x1082,0x0000,0x0000,0x0000,0x0000,
    0x0000,0x0000,0x0000,0x0000,0x0000,0x0000,0x0000,0x0000,0x0000,0x0000,0x1082,0x1082,0x1082,0x1082,0x1082,0xfe00,
    0xfe00,0xfe00,0xfe00,0xfe00,0xfd14,0xfd14,0xfd14,0xfd14,0xfd14,0xfe00,0xfe00,0xfe00,0x1082,0x1082,0x1082,0x0000,
    0x0000,0x0000,0x0000,0x0000,0xff34,0xff34,0xff34,0xff34,0xff34,0xff34,0xff34,0xff34,0xff34,0x0000,0x0000,0x0000,
    0x0000,0x0000,0x1082,0x1082,0x1082,0xfe00,0xfe00,0xfe00,0xfd14,0xfd14,0xfd14,0xfd14,0xfd14,0xfe00,0xfe00,0xfe00,
    0xfe00,0xfe00,0x1082,0x1082,0x1082,0x1082,0x1082,0x7f32,0x7f32,0x1082,0x1082,0x1082,0x1082,0x0000,0x0000,0x0000,
    0x0000,0x0000,0x0000,0x0000,0x0000,0x0000,0x0000,0x0000,0x0000,0x1082,0x7f32,0x1082,0x1082,0x1082,0xfe00,0xfe00,
    0xfe00,0xfe00,0xfe00,0xfe00,0xfe00,0xfe00,0xfd14,0xfe00,0xfe00,0xfe00,0xfe00,0x1082,0x1082,0x1082,0xff34,0xff34,
    0x0000,0x0000,0x0000,0x0000,0x0000,0xff34,0xff34,0xff34,0xff34,0xff34,0xff34,0xff34,0x0000,0x0000,0x0000,0x0000,
    0x0000,0xff34,0xff34,0x1082,0x1082,0x1082,0xfe00,0xfe00,0xfe00,0xfe00,0xfd14,0xfe00,0xfe00,0xfe00,0xfe00,0xfe00,
    0xfe00,0xfe00,0xfe00,0x1082,0x1082,0x1082,0x7f32,0x1082,0x7f32,0x1082,0x1082,0x1082,0x1082,0x0000,0x0000,0x0000,
    0x0000,0x0000,0x0000,0x0000,0x0000,0x0000,0x0000,0x0000,0x7f32,0x7f32,0x7f32,0x7f32,0x7f32,0xfe00,0xfe00,0xfe00,
    0xfe00,0xfe00,0xfe00,0xfe00,0xfe00,0xfe00,0xfe00,0xfe00,0xfe00,0xfe00,0x1082,0x1082,0x1082,0xff34,0xff34,0xff34,
    0x0000,0x0000,0x0000,0x0000,0x0000,0x0000,0x0000,0xff34,0xff34,0xff34,0x0000,0x0000,0x0000,0x0000,0x0000,0x0000,
    0x0000,0xff34,0xff34,0xff34,0x1082,0x1082,0x1082,0xfe00,0xfe00,0xfe00,0xfe00,0xfe00,0xfe00,0xfe00,0xfe00,0xfe00,
    0xfe00,0xfe00,0xfe00,0xfe00,0x7f32,0x7f32,0x7f32,0x7f32,0x7f32,0x7f32,0x1082,0x1082,0x1082,0x1082,0x0000,0x0000,
    0x0000,0x0000,0x0000,0x0000,0x0000,0x0000,0x0000,0x0000,0x7f32,0x7f32,0x7f32,0x7f32,0x7f32,0x1082,0xfe00,0xfe00,
    0xfe00,0xfe00,0xfe00,0xfe00,0xfe00,0xfe00,0xfe00,0xfe00,0xfe00,0xfe00,0x1082,0x1082,0x1082,0xff34,0xff34,0xff34,
    0xff34,0x0000,0x0000,0x0000,0x0000,0x0000,0x0000,0x0000,0x0000,0x0000,0x0000,0x0000,0x0000,0x0000,0x0000,0x0000,
    0xff34,0xff34,0xff34,0xff34,0x1082,0x1082,0x1082,0xfe00,0xfe00,0xfe00,0xfe00,0xfe00,0xfe00,0xfe00,0xfe00,0xfe00,
    0xfe00,0xfe00,0xfe00,0x1082,0x7f32,0x7f32,0x7f32,0x7f32,0x7f32,0x1082,0x1082,0x1082,0x1082,0x0000,0x0000,0x0000,
    0x0000,0x0000,0x0000,0x0000,0x0000,0x0000,0x0000,0x7f32,0x7f32,0x7f32,0x7f32,0x7f32,0x7f32,0x7f32,0xfe00,0xfe00,
    0xfe00,0xfe00,0xfe00,0xfe00,0xfe00,0xfe00,0xfe00,0xfe00,0xfe00,0xfe00,0x1082,0x1082,0x1082,0xff34,0xff34,0xff34,
    0xff34,0xff34,0x0000,0x0000,0x0000,0x0000,0x0000,0x0000,0x0000,0x0000,0x0000,0x0000,0x0000,0x0000,0x0000,0xff34,
    0xff34,0xff34,0xff34,0xff34,0x1082,0x1082,0x1082,0xfe00,0xfe00,0xfe00,0xfe00,0xfe00,0xfe00,0xfe00,0xfe00,0xfe00,
    0xfe00,0xfe00,0xfe00,0x7f32,0x7f32,0x7f32,0x7f32,0x7f32,0x7f32,0x7f32,0x1082,0x1082,0x1082,0x0000,0x0000,0x0000,
    0x0000,0x0000,0x0000,0x0000,0x0000,0x0000,0x0000,0x0000,0x7f32,0x7f32,0x7f32,0x7f32,0x7f32,0x1082,0x1082,0xfe00,
    0xfe00,0xfe00,0xfe00,0xfe00,0xfe00,0xfe00,0xfe00,0xfe00,0xfe00,0xfe00,0x1082,0x1082,0xff34,0xff34,0xff34,0xff34,
    0xff34,0xff34,0xff34,0xff34,0x0000,0x0000,0x0000,0x0000,0x0000,0x0000,0x0000,0x0000,0x0000,0xff34,0xff34,0xff34,
    0xff34,0xff34,0xff34,0xff34,0xff34,0x1082,0x1082,0xfe00,0xfe00,0xfe00,0xfe00,0xfe00,0xfe00,0xfe00,0xfe00,0xfe00,
    0xfe00,0xfe00,0x1082,0x1082,0x7f32,0x7f32,0x7f32,0x7f32,0x7f32,0x1082,0x1082,0x1082,0x0000,0x0000,0x0000,0x0000,
    0x0000,0x0000,0x0000,0x0000,0x0000,0x0000,0x0000,0x0000,0x7f32,0x7f32,0x7f32,0x7f32,0x7f32,0x1082,0x1082,0xfe00,
    0xfe00,0xfe00,0xfe00,0xfe00,0xfe00,0xfe00,0xfe00,0xfe00,0xfe00,0x1082,0x1082,0x1082,0x1082,0xff34,0xff34,0xff34,
    0xff34,0xff34,0xff34,0xff34,0xff34,0xff34,0xff34,0xff34,0xff34,0xff34,0xff34,0xff34,0xff34,0xff34,0xff34,0xff34,
    0xff34,0xff34,0xff34,0xff34,0x1082,0x1082,0x1082,0x1082,0xfe00,0xfe00,0xfe00,0xfe00,0xfe00,0xfe00,0xfe00,0xfe00,
    0xfe00,0xfe00,0x1082,0x1082,0x7f32,0x7f32,0x7f32,0x7f32,0x7f32,0x1082,0x1082,0x1082,0x0000,0x0000,0x0000,0x0000,
    0x0000,0x0000,0x0000,0x0000,0x0000,0x0000,0x0000,0x0000,0x0000,0x0000,0x7f32,0x0000,0x0000,0x1082,0x1082,0x1082,
    0xfe00,0xfe00,0xfe00,0xfe00,0xfe00,0xfe00,0xfe00,0xfe00,0xfe00,0xfe00,0x1082,0x1082,0x1082,0xff34,0xff34,0xff34,
    0xff34,0xff34,0xff34,0xff34,0xff34,0xff34,0xff34,0xff34,0xff34,0xff34,0xff34,0xff34,0xff34,0xff34,0xff34,0xff34,
    0xff34,0xff34,0xff34,0xff34,0x1082,0x1082,0x1082,0xfe00,0xfe00,0xfe00,0xfe00,0xfe00,0xfe00,0xfe00,0xfe00,0xfe00,
    0xfe00,0x1082,0x1082,0x1082,0x1082,0x1082,0x7f32,0x1082,0x1082,0x1082,0x0000,0x0000,0x0000,0x0000,0x0000,0x0000,
    0x0000,0x0000,0x0000,0x0000,0x0000,0x0000,0x0000,0x0000,0x0000,0x0000,0x0000,0x0000,0x0000,0x0000,0x1082,0x1082,
    0xfe00,0xfe00,0xfe00,0xfe00,0xfe00,0xfe00,0xfe00,0xfe00,0xfe00,0xfe00,0x1082,0x1082,0x1082,0xff34,0xff34,0xff34,
    0xff34,0xff34,0xff34,0xff34,0xff34,0xff34,0xff34,0xff34,0xff34,0xff34,0xff34,0xff34,0xff34,0xff34,0xff34,0xff34,
    0xff34,0xff34,0xff34,0xff34,0x1082,0x1082,0x1082,0xfe00,0xfe00,0xfe00,0xfe00,0xfe00,0xfe00,0xfe00,0xfe00,0xfe00,
    0xfe00,0x1082,0x1082,0x1082,0x1082,0x1082,0x1082,0x1082,0x0000,0x0000,0x0000,0x0000,0x0000,0x0000,0x0000,0x0000,
    0x0000,0x0000,0x0000,0x0000,0x0000,0x0000,0x0000,0x0000,0x0000,0x0000,0x0000,0x0000,0x0000,0x0000,0x0000,0x1082,
    0x1082,0xfe00,0xfe00,0xfe00,0xfe00,0xfe00,0xfe00,0xfe00,0xfe00,0xfe00,0x1082,0x1082,0x1082,0x1082,0xff34,0xff34,
    0xff34,0xff34,0xff34,0xff34,0xff34,0xff34,0xff34,0xff34,0xff34,0xff34,0xff34,0xff34,0xff34,0xff34,0xff34,0xff34,
    0xff34,0xff34,0xff34,0x1082,0x1082,0x1082,0x1082,0xfe00,0xfe00,0xfe00,0xfe00,0xfe00,0xfe00,0xfe00,0xfe00,0xfe00,
    0x1082,0x1082,0x1082,0x0000,0x0000,0x0000,0x0000,0x0000,0x0000,0x0000,0x0000,0x0000,0x0000,0x0000,0x0000,0x0000,
    0x0000,0x0000,0x0000,0x0000,0x0000,0x0000,0x0000,0x0000,0x0000,0x0000,0x0000,0x0000,0x0000,0x0000,0x0000,0x1082,
    0x1082,0x1082,0xfe00,0xfe00,0xfe00,0xfe00,0xfe00,0xfe00,0xfe00,0xfe00,0x1082,0x1082,0x1082,0x1082,0x1082,0xff34,
    0xff34,0xff34,0xff34,0xff34,0xff34,0xff34,0xff34,0xff34,0xff34,0xff34,0xff34,0xff34,0xff34,0xff34,0xff34,0xff34,
    0xff34,0xff34,0x1082,0x1082,0x1082,0x1082,0x1082,0xfe00,0xfe00,0xfe00,0xfe00,0xfe00,0xfe00,0xfe00,0xfe00,0x1082,
    0x1082,0x1082,0x0000,0x0000,0x0000,0x0000,0x0000,0x0000,0x0000,0x0000,0x0000,0x0000,0x0000,0x0000,0x0000,0x0000,
    0x0000,0x0000,0x0000,0x0000,0x0000,0x0000,0x0000,0x0000,0x0000,0x0000,0x0000,0x0000,0x0000,0x0000,0x0000,0x0000,
    0x1082,0x1082,0x1082,0xfe00,0xfe00,0xfe00,0xfe00,0xfe00,0xfe00,0xfe00,0xfe00,0x1082,0x1082,0x1082,0x1082,0x1082,
    0xff34,0xff34,0xff34,0xff34,0xff34,0xff34,0xff34,0xff34,0xff34,0xff34,0xff34,0xff34,0xff34,0xff34,0xff34,0xff34,
    0xff34,0x1082,0x1082,0x1082,0x1082,0x1082,0xfe00,0xfe00,0xfe00,0xfe00,0xfe00,0xfe00,0xfe00,0xfe00,0x1082,0x1082,
    0x1082,0x0000,0x0000,0x0000,0x0000,0x0000,0x0000,0x0000,0x0000,0x0000,0x0000,0x0000,0x0000,0x0000,0x0000,0x0000,
    0x0000,0x0000,0x0000,0x0000,0x0000,0x0000,0x0000,0x0000,0x0000,0x0000,0x0000,0x0000,0x0000,0x0000,0x0000,0x0000,
    0x0000,0x1082,0x1082,0xfe00,0xfe00,0xfe00,0xfe00,0xfe00,0xfe00,0xfe00,0xfe00,0xfe00,0x1082,0x1082,0x1082,0x1082,
    0x1082,0xff34,0xff34,0xff34,0xff34,0xff34,0xff34,0xff34,0xff34,0xff34,0xff34,0xff34,0xff34,0xff34,0xff34,0xff34,
    0x1082,0x1082,0x1082,0x1082,0x1082,0xfe00,0xfe00,0xfe00,0xfe00,0xfe00,0xfe00,0xfe00,0xfe00,0xfe00,0x1082,0x1082,
    0x0000,0x0000,0x0000,0x0000,0x0000,0x0000,0x0000,0x0000,0x0000,0x0000,0x0000,0x0000,0x0000,0x0000,0x0000,0x0000,
    0x0000,0x0000,0x0000,0x0000,0x0000,0x0000,0x0000,0x0000,0x0000,0x0000,0x0000,0x0000,0x0000,0x0000,0x0000,0x0000,
    0x0000,0x0000,0x1082,0x1082,0xfe00,0xfe00,0xfe00,0xfe00,0xfe00,0xfe00,0xfe00,0xfe00,0x1082,0x1082,0x1082,0x1082,
    0x1082,0x1082,0x1082,0xff34,0xff34,0xff34,0xff34,0xff34,0xff34,0xff34,0xff34,0xff34,0xff34,0xff34,0x1082,0x1082,
    0x1082,0x1082,0x1082,0x1082,0x1082,0xfe00,0xfe00,0xfe00,0xfe00,0xfe00,0xfe00,0xfe00,0xfe00,0x1082,0x1082,0x0000,
    0x0000,0x0000,0x0000,0x0000,0x0000,0x0000,0x0000,0x0000,0x0000,0x0000,0x0000,0x0000,0x0000,0x0000,0x0000,0x0000,
    0x0000,0x0000,0x0000,0x0000,0x0000,0x0000,0x0000,0x0000,0x0000,0x0000,0x0000,0x0000,0x0000,0x0000,0x0000,0x0000,
    0x0000,0x0000,0x0000,0x1082,0x1082,0x1082,0xfe00,0xfe00,0xfe00,0xfe00,0xfe00,0xfe00,0xfe00,0x1082,0x1082,0x1082,
    0x1082,0x1082,0x1082,0x1082,0x1082,0x1082,0x1082,0x1082,0xff34,0x1082,0x1082,0x1082,0x1082,0x1082,0x1082,0x1082,
    0x1082,0x1082,0x1082,0x1082,0xfe00,0xfe00,0xfe00,0xfe00,0xfe00,0xfe00,0xfe00,0x1082,0x1082,0x1082,0x0000,0x0000,
    0x0000,0x0000,0x0000,0x0000,0x0000,0x0000,0x0000,0x0000,0x0000,0x0000,0x0000,0x0000,0x0000,0x0000,0x0000,0x0000,
    0x0000,0x0000,0x0000,0x0000,0x0000,0x0000,0x0000,0x0000,0x0000,0x0000,0x0000,0x0000,0x0000,0x0000,0x0000,0x0000,
    0x0000,0x0000,0x0000,0x0000,0x1082,0x1082,0x1082,0xfe00,0xfe00,0xfe00,0xfe00,0xfe00,0xfe00,0xfe00,0xfe00,0x1082,
    0x1082,0x1082,0x1082,0x1082,0x1082,0x1082,0x1082,0x1082,0x1082,0x1082,0x1082,0x1082,0x1082,0x1082,0x1082,0x1082,
    0x1082,0x1082,0xfe00,0xfe00,0xfe00,0xfe00,0xfe00,0xfe00,0xfe00,0xfe00,0x1082,0x1082,0x1082,0x0000,0x0000,0x0000,
    0x0000,0x0000,0x0000,0x0000,0x0000,0x0000,0x0000,0x0000,0x0000,0x0000,0x0000,0x0000,0x0000,0x0000,0x0000,0x0000,
    0x0000,0x0000,0x0000,0x0000,0x0000,0x0000,0x0000,0x0000,0x0000,0x0000,0x0000,0x0000,0x0000,0x0000,0x0000,0x0000,
    0x0000,0x0000,0x0000,0x0000,0x1082,0x1082,0x1082,0x1082,0xfe00,0xfe00,0xfe00,0xfe00,0xfe00,0xfe00,0xfe00,0xfe00,
    0x1082,0x1082,0x1082,0x1082,0x1082,0x1082,0x1082,0x1082,0x1082,0x1082,0x1082,0x1082,0x1082,0x1082,0x1082,0x1082,
    0x1082,0xfe00,0xfe00,0xfe00,0xfe00,0xfe00,0xfe00,0xfe00,0xfe00,0x1082,0x1082,0x1082,0x1082,0x0000,0x0000,0x0000,
    0x0000,0x0000,0x0000,0x0000,0x0000,0x0000,0x0000,0x0000,0x0000,0x0000,0x0000,0x0000,0x0000,0x0000,0x0000,0x0000,
    0x0000,0x0000,0x0000,0x0000,0x0000,0x0000,0x0000,0x0000,0x0000,0x0000,0x0000,0x0000,0x0000,0x0000,0x0000,0x0000,
    0x0000,0x0000,0x0000,0x1082,0x1082,0x59c4,0x1082,0x1082,0x1082,0x1082,0xfe00,0xfe00,0xfe00,0xfe00,0xfe00,0xfe00,
    0xfe00,0xfe00,0xfe00,0x1082,0x1082,0x1082,0x1082,0x1082,0x1082,0x1082,0x1082,0x1082,0x1082,0x1082,0xfe00,0xfe00,
    0xfe00,0xfe00,0xfe00,0xfe00,0xfe00,0xfe00,0xfe00,0x1082,0x1082,0x1082,0x1082,0x59c4,0x1082,0x1082,0x0000,0x0000,
    0x0000,0x0000,0x0000,0x0000,0x0000,0x0000,0x0000,0x0000,0x0000,0x0000,0x0000,0x0000,0x0000,0x0000,0x0000,0x0000,
    0x0000,0x0000,0x0000,0x0000,0x0000,0x0000,0x0000,0x0000,0x0000,0x0000,0x0000,0x0000,0x0000,0x0000,0x0000,0x0000,
    0x0000,0x0000,0x0000,0x1082,0x59c4,0x59c4,0x59c4,0x59c4,0x1082,0x1082,0x1082,0x1082,0xfe00,0xfe00,0xfe00,0xfe00,
    0xfe00,0xfe00,0xfe00,0xfe00,0xfe00,0xfe00,0xfe00,0xfe00,0x1082,0xfe00,0xfe00,0xfe00,0xfe00,0xfe00,0xfe00,0xfe00,
    0xfe00,0xfe00,0xfe00,0xfe00,0xfe00,0x1082,0x1082,0x1082,0x1082,0x59c4,0x59c4,0x59c4,0x59c4,0x1082,0x0000,0x0000,
    0x0000,0x0000,0x0000,0x0000,0x0000,0x0000,0x0000,0x0000,0x0000,0x0000,0x0000,0x0000,0x0000,0x0000,0x0000,0x0000,
    0x0000,0x0000,0x0000,0x0000,0x0000,0x0000,0x0000,0x0000,0x0000,0x0000,0x0000,0x0000,0x0000,0x0000,0x0000,0x0000,
    0x0000,0x0000,0x1082,0x1082,0x1082,0x59c4,0x59c4,0x59c4,0x59c4,0x1082,0x1082,0x1082,0x1082,0x1082,0xfe00,0xfe00,
    0xfe00,0xfe00,0xfe00,0xfe00,0xfe00,0xfe00,0xfe00,0xfe00,0xfe00,0xfe00,0xfe00,0xfe00,0xfe00,0xfe00,0xfe00,0xfe00,
    0xfe00,0xfe00,0xfe00,0x1082,0x1082,0x1082,0x1082,0x1082,0x59c4,0x59c4,0x59c4,0x59c4,0x1082,0x1082,0x1082,0x0000,
    0x0000,0x0000,0x0000,0x0000,0x0000,0x0000,0x0000,0x0000,0x0000,0x0000,0x0000,0x0000,0x0000,0x0000,0x0000,0x0000,
    0x0000,0x0000,0x0000,0x0000,0x0000,0x0000,0x0000,0x0000,0x0000,0x0000,0x0000,0x0000,0x0000,0x0000,0x0000,0x0000,
    0x0000,0x0000,0x0000,0x1082,0x1082,0x59c4,0x59c4,0x59c4,0x59c4,0x59c4,0x59c4,0x1082,0x1082,0x1082,0x1082,0x1082,
    0x1082,0xfe00,0xfe00,0xfe00,0xfe00,0xfe00,0xfe00,0xfe00,0xfe00,0xfe00,0xfe00,0xfe00,0xfe00,0xfe00,0xfe00,0xfe00,
    0x1082,0x1082,0x1082,0x1082,0x1082,0x1082,0x59c4,0x59c4,0x59c4,0x59c4,0x59c4,0x59c4,0x1082,0x1082,0x0000,0x0000,
    0x0000,0x0000,0x0000,0x0000,0x0000,0x0000,0x0000,0x0000,0x0000,0x0000,0x0000,0x0000,0x0000,0x0000,0x0000,0x0000,
    0x0000,0x0000,0x0000,0x0000,0x0000,0x0000,0x0000,0x0000,0x0000,0x0000,0x0000,0x0000,0x0000,0x0000,0x0000,0x0000,
    0x0000,0x0000,0x0000,0x1082,0x1082,0x1082,0x1082,0x59c4,0x59c4,0x59c4,0x59c4,0x59c4,0x59c4,0x59c4,0x1082,0x1082,
    0x1082,0x1082,0x1082,0x1082,0x1082,0x1082,0x1082,0x1082,0xfe00,0x1082,0x1082,0x1082,0x1082,0x1082,0x1082,0x1082,
    0x1082,0x1082,0x1082,0x59c4,0x59c4,0x59c4,0x59c4,0x59c4,0x59c4,0x59c4,0x1082,0x1082,0x1082,0x1082,0x0000,0x0000,
    0x0000,0x0000,0x0000,0x0000,0x0000,0x0000,0x0000,0x0000,0x0000,0x0000,0x0000,0x0000,0x0000,0x0000,0x0000,0x0000,
    0x0000,0x0000,0x0000,0x0000,0x0000,0x0000,0x0000,0x0000,0x0000,0x0000,0x0000,0x0000,0x0000,0x0000,0x0000,0x0000,
    0x0000,0x0000,0x0000,0x0000,0x1082,0x1082,0x1082,0x1082,0x1082,0x1082,0x1082,0x59c4,0x1082,0x1082,0x1082,0x1082,
    0x1082,0x1082,0x1082,0x1082,0x1082,0x1082,0x1082,0x1082,0x1082,0x1082,0x1082,0x1082,0x1082,0x1082,0x1082,0x1082,
    0x1082,0x1082,0x1082,0x1082,0x1082,0x59c4,0x1082,0x1082,0x1082,0x1082,0x1082,0x1082,0x1082,0x0000,0x0000,0x0000,
    0x0000,0x0000,0x0000,0x0000,0x0000,0x0000,0x0000,0x0000,0x0000,0x0000,0x0000,0x0000,0x0000,0x0000,0x0000,0x0000,
    0x0000,0x0000,0x0000,0x0000,0x0000,0x0000,0x0000,0x0000,0x0000,0x0000,0x0000,0x0000,0x0000,0x0000,0x0000,0x0000,
    0x0000,0x0000,0x0000,0x0000,0x0000,0x0000,0x1082,0x1082,0x1082,0x1082,0x1082,0x1082,0x1082,0x1082,0x1082,0x1082,
    0x1082,0x0000,0x0000,0x0000,0x0000,0x0000,0x0000,0x0000,0x1082,0x0000,0x0000,0x0000,0x0000,0x0000,0x0000,0x0000,
    0x1082,0x1082,0x1082,0x1082,0x1082,0x1082,0x1082,0x1082,0x1082,0x1082,0x1082,0x0000,0x0000,0x0000,0x0000,0x0000,
    0x0000,0x0000,0x0000,0x0000,0x0000,0x0000,0x0000,0x0000,0x0000,0x0000,0x0000,0x0000,0x0000,0x0000,0x0000,0x0000,
    0x0000,0x0000,0x0000,0x0000,0x0000,0x0000,0x0000,0x0000,0x0000,0x0000,0x0000,0x0000,0x0000,0x0000,0x0000,0x0000,
    0x0000,0x0000,0x0000,0x0000,0x0000,0x0000,0x0000,0x0000,0x0000,0x0000,0x0000,0x1082,0x0000,0x0000,0x0000,0x0000,
    0x0000,0x0000,0x0000,0x0000,0x0000,0x0000,0x0000,0x0000,0x0000,0x0000,0x0000,0x0000,0x0000,0x0000,0x0000,0x0000,
    0x0000,0x0000,0x0000,0x0000,0x0000,0x1082,0x0000,0x0000,0x0000,0x0000,0x0000,0x0000,0x0000,0x0000,0x0000,0x0000,
    0x0000,0x0000,0x0000,0x0000,0x0000,0x0000,0x0000,0x0000,0x0000,0x0000,0x0000,0x0000,0x0000,0x0000,0x0000,0x0000,
    0x0000,0x0000,0x0000,0x0000,0x0000,0x0000,0x0000,0x0000,0x0000,0x0000,0x0000,0x0000,0x0000,0x0000,0x0000,0x0000,
    0x0000,0x0000,0x0000,0x0000,0x0000,0x0000,0x0000,0x0000,0x0000,0x0000,0x0000,0x0000,0x0000,0x0000,0x0000,0x0000,
    0x0000,0x0000,0x0000,0x0000,0x0000,0x0000,0x0000,0x0000,0x0000,0x0000,0x0000,0x0000,0x0000,0x0000,0x0000,0x0000,
    0x0000,0x0000,0x0000,0x0000,0x0000,0x0000,0x0000,0x0000,0x0000,0x0000,0x0000,0x0000,0x0000,0x0000,0x0000,0x0000,
    0x0000,0x0000,0x0000,0x0000,0x0000,0x0000,0x0000,0x0000,0x0000,0x0000,0x0000,0x0000,0x0000,0x0000,0x0000,0x0000,
    0x0000,0x0000,0x0000,0x0000,0x0000,0x0000,0x0000,0x0000,0x0000,0x0000,0x0000,0x0000,0x0000,0x0000,0x0000,0x0000,
    0x0000,0x0000,0x0000,0x0000,0x0000,0x0000,0x0000,0x0000,0x0000,0x0000,0x0000,0x0000,0x0000,0x0000,0x0000,0x0000,
    0x0000,0x0000,0x0000,0x0000,0x0000,0x0000,0x0000,0x0000,0x0000,0x0000,0x0000,0x0000,0x0000,0x0000,0x0000,0x0000,
    0x0000,0x0000,0x0000,0x0000,0x0000,0x0000,0x0000,0x0000,0x0000,0x0000,0x0000,0x0000,0x0000,0x0000,0x0000,0x0000,
    0x0000,0x0000,0x0000,0x0000,0x0000,0x0000,0x0000,0x0000,0x0000,0x0000,0x0000,0x0000,0x0000,0x0000,0x0000,0x0000,
    0x0000,0x0000,0x0000,0x0000,0x0000,0x0000,0x0000,0x0000,0x0000,0x0000,0x0000,0x0000,0x0000,0x0000,0x0000,0x0000,
    0x0000,0x0000,0x0000,0x0000,0x0000,0x0000,0x0000,0x0000,0x0000,0x0000,0x0000,0x0000,0x0000,0x0000,0x0000,0x0000,
    0x0000,0x0000,0x0000,0x0000,0x0000,0x0000,0x0000,0x0000,0x0000,0x0000,0x0000,0x0000,0x0000,0x0000,0x0000,0x0000,
    0x0000,0x0000,0x0000,0x0000,0x0000,0x0000,0x0000,0x0000,0x0000,0x0000,0x0000,0x0000,0x0000,0x0000,0x0000,0x0000,
    0x0000,0x0000,0x0000,0x0000,0x0000,0x0000,0x0000,0x0000,0x0000,0x0000,0x0000,0x0000,0x0000,0x0000,0x0000,0x0000,
    0x0000,0x0000,0x0000,0x0000,0x0000,0x0000,0x0000,0x0000,0x0000,0x0000,0x0000,0x0000,0x0000,0x0000,0x0000,0x0000,
    0x0000,0x0000,0x0000,0x0000,0x0000,0x0000,0x0000,0x0000,0x0000,0x0000,0x0000,0x0000,0x0000,0x0000,0x0000,0x0000,
    0x0000,0x0000,0x0000,0x0000,0x0000,0x0000,0x0000,0x0000,0x0000,0x0000,0x0000,0x0000,0x0000,0x0000,0x0000,0x0000,
    0x0000,0x0000,0x0000,0x0000,0x0000,0x0000,0x0000,0x0000,0x0000,0x0000,0x0000,0x0000,0x0000,0x0000,0x0000,0x0000,
    0x0000,0x0000,0x0000,0x0000,0x0000,0x0000,0x0000,0x0000,0x0000,0x0000,0x0000,0x0000,0x0000,0x0000,0x0000,0x0000,
    0x0000,0x0000,0x0000,0x0000,0x0000,0x0000,0x0000,0x0000,0x0000,0x0000,0x0000,0x0000,0x0000,0x0000,0x0000,0x0000,
    0x0000,0x0000,0x0000,0x0000,0x0000,0x0000,0x0000,0x0000,0x0000,0x0000,0x0000,0x0000,0x0000,0x0000,0x0000,0x0000,
    0x0000,0x0000,0x0000,0x0000,0x0000,0x0000,0x0000,0x0000,0x0000,0x0000,0x0000,0x0000,0x0000,0x0000,0x0000,0x0000,
    0x0000,0x0000,0x0000,0x0000,0x0000,0x0000,0x0000,0x0000,0x0000,0x0000,0x0000,0x0000,0x0000,0x0000,0x0000,0x0000,
    0x0000,0x0000,0x0000,0x0000,0x0000,0x0000,0x0000,0x0000,0x0000,0x0000,0x0000,0x0000,0x0000,0x0000,0x0000,0x0000,
    0x0000,0x0000,0x0000,0x0000,0x0000,0x0000,0x0000,0x0000,0x0000,0x0000,0x0000,0x0000,0x0000,0x0000,0x0000,0x0000,
    0x0000,0x0000,0x0000,0x0000,0x0000,0x0000,0x0000,0x0000,0x0000,0x0000,0x0000,0x0000,0x0000,0x0000,0x0000,0x0000,
    0x0000,0x0000,0x0000,0x0000,0x0000,0x0000,0x0000,0x0000,0x0000,0x0000,0x0000,0x0000,0x0000,0x0000,0x0000,0x0000,
    0x0000,0x0000,0x0000,0x0000,0x0000,0x0000,0x0000,0x0000,0x0000,0x0000,0x0000,0x0000,0x0000,0x0000,0x0000,0x0000,
    0x0000,0x0000,0x0000,0x0000,0x0000,0x0000,0x0000,0x0000,0x0000,0x0000,0x0000,0x0000,0x0000,0x0000,0x0000,0x0000,
    0x0000,0x0000,0x0000,0x0000,0x0000,0x0000,0x0000,0x0000,0x0000,0x0000,0x0000,0x0000,0x0000,0x0000,0x0000,0x0000,
    0x0000,0x0000,0x0000,0x0000,0x0000,0x0000,0x0000,0x0000,0x0000,0x0000,0x0000,0x0000,0x0000,0x0000,0x0000,0x0000,
    0x0000,0x0000,0x0000,0x0000,0x0000,0x0000,0x0000,0x0000,0x0000,0x0000,0x0000,0x0000,0x0000,0x0000,0x0000,0x0000,
    0x0000,0x0000,0x0000,0x0000,0x0000,0x0000,0x0000,0x0000,0x0000,0x0000,0x0000,0x0000,0x0000,0x0000,0x0000,0x0000,
    0x0000,0x0000,0x0000,0x0000,0x0000,0x0000,0x0000,0x0000,0x0000,0x0000,0x0000,0x0000,0x0000,0x0000,0x0000,0x0000,
  },
  // happy frame 3
  {
    0x0000,0x0000,0x0000,0x0000,0x0000,0x0000,0x0000,0x0000,0x0000,0x0000,0x0000,0x0000,0x0000,0x0000,0x0000,0x0000,
    0x0000,0x0000,0x0000,0x0000,0x0000,0x0000,0x0000,0x0000,0x0000,0x0000,0x0000,0x0000,0x0000,0x0000,0x0000,0x0000,
    0x0000,0x0000,0x0000,0x0000,0x0000,0x0000,0x0000,0x0000,0x0000,0x0000,0x0000,0x0000,0x0000,0x0000,0x0000,0x0000,
    0x0000,0x0000,0x0000,0x0000,0x0000,0x0000,0x0000,0x0000,0x0000,0x0000,0x0000,0x0000,0x0000,0x0000,0x0000,0x0000,
    0x0000,0x0000,0x0000,0x0000,0x0000,0x0000,0x0000,0x0000,0x0000,0x0000,0x0000,0x0000,0x0000,0x0000,0x0000,0x0000,
    0x0000,0x0000,0x0000,0x0000,0x0000,0x0000,0x0000,0x0000,0x0000,0x0000,0x0000,0x0000,0x0000,0x0000,0x0000,0x0000,
    0x0000,0x0000,0x0000,0x0000,0x0000,0x0000,0x0000,0x0000,0x0000,0x0000,0x0000,0x0000,0x0000,0x0000,0x0000,0x0000,
    0x0000,0x0000,0x0000,0x0000,0x0000,0x0000,0x0000,0x0000,0x0000,0x0000,0x0000,0x0000,0x0000,0x0000,0x0000,0x0000,
    0x0000,0x0000,0x0000,0x0000,0x0000,0x0000,0x0000,0x0000,0x0000,0x0000,0x0000,0x0000,0x0000,0x0000,0x0000,0x0000,
    0x0000,0x0000,0x0000,0x0000,0x0000,0x0000,0x0000,0x0000,0x0000,0x0000,0x0000,0x0000,0x0000,0x0000,0x0000,0x0000,
    0x0000,0x0000,0x0000,0x0000,0x0000,0x0000,0x0000,0x0000,0x0000,0x0000,0x0000,0x0000,0x0000,0x0000,0x0000,0x0000,
    0x0000,0x0000,0x0000,0x0000,0x0000,0x0000,0x0000,0x0000,0x0000,0x0000,0x0000,0x0000,0x0000,0x0000,0x0000,0x0000,
    0x0000,0x0000,0x0000,0x0000,0x0000,0x0000,0x0000,0x0000,0x0000,0x0000,0x0000,0x0000,0x0000,0x0000,0x0000,0x0000,
    0x0000,0x0000,0x0000,0x0000,0x0000,0x0000,0x0000,0x0000,0x0000,0x0000,0x0000,0x0000,0x0000,0x0000,0x0000,0x0000,
    0x0000,0x0000,0x0000,0x0000,0x0000,0x0000,0x0000,0x0000,0x0000,0x0000,0x0000,0x0000,0x0000,0x0000,0x0000,0x0000,
    0x0000,0x0000,0x0000,0x0000,0x0000,0x0000,0x0000,0x0000,0x0000,0x0000,0x0000,0x0000,0x0000,0x0000,0x0000,0x0000,
    0x0000,0x0000,0x0000,0x0000,0x0000,0x0000,0x0000,0x0000,0x0000,0x0000,0x0000,0x0000,0x0000,0x0000,0x0000,0x0000,
    0x0000,0x0000,0x0000,0x0000,0x0000,0x0000,0x0000,0x0000,0x0000,0x0000,0x0000,0x0000,0x0000,0x0000,0x0000,0x0000,
    0x0000,0x0000,0x0000,0x0000,0x0000,0x0000,0x0000,0x0000,0x0000,0x0000,0x0000,0x0000,0x0000,0x0000,0x0000,0x0000,
    0x0000,0x0000,0x0000,0x0000,0x0000,0x0000,0x0000,0x0000,0x0000,0x0000,0x0000,0x0000,0x0000,0x0000,0x0000,0x0000,
    0x0000,0x0000,0x0000,0x0000,0x0000,0x0000,0x0000,0x0000,0x0000,0x0000,0x0000,0x0000,0x0000,0x0000,0x0000,0x0000,
    0x0000,0x0000,0x0000,0x0000,0x0000,0x0000,0x0000,0x0000,0x0000,0x0000,0x0000,0x0000,0x0000,0x0000,0x0000,0x0000,
    0x0000,0x0000,0x0000,0x0000,0x0000,0x0000,0x0000,0x0000,0x0000,0x0000,0x0000,0x0000,0x0000,0x0000,0x0000,0x0000,
    0x0000,0x0000,0x0000,0x0000,0x0000,0x0000,0x0000,0x0000,0x0000,0x0000,0x0000,0x0000,0x0000,0x0000,0x0000,0x0000,
    0x0000,0x0000,0x0000,0x0000,0x0000,0x0000,0x0000,0x0000,0x0000,0x0000,0x0000,0x0000,0x0000,0x0000,0x0000,0x0000,
    0x0000,0x0000,0x0000,0x0000,0x0000,0x0000,0x0000,0x0000,0x0000,0x0000,0x0000,0x0000,0x0000,0x0000,0x0000,0x0000,
    0x0000,0x0000,0x0000,0x0000,0x0000,0x0000,0x0000,0x0000,0x0000,0x0000,0x0000,0x0000,0x0000,0x0000,0x0000,0x0000,
    0x0000,0x0000,0x0000,0x0000,0x0000,0x0000,0x0000,0x0000,0x0000,0x0000,0x0000,0x0000,0x0000,0x0000,0x0000,0x0000,
    0x0000,0x0000,0x0000,0x0000,0x0000,0x0000,0x0000,0x0000,0x0000,0x0000,0x0000,0x0000,0x0000,0x0000,0x0000,0x0000,
    0x0000,0x0000,0x0000,0x0000,0x0000,0x0000,0x0000,0x0000,0x0000,0x0000,0x0000,0x0000,0x0000,0x0000,0x0000,0x0000,
    0x0000,0x0000,0x0000,0x0000,0x0000,0x0000,0x0000,0x0000,0x0000,0x0000,0x0000,0x0000,0x0000,0x0000,0x0000,0x0000,
    0x0000,0x0000,0x0000,0x0000,0x0000,0x0000,0x0000,0x0000,0x0000,0x0000,0x0000,0x0000,0x0000,0x0000,0x0000,0x0000,
    0x0000,0x0000,0x0000,0x0000,0x0000,0x0000,0x0000,0x1082,0x1082,0x1082,0x0000,0x0000,0x0000,0x0000,0x0000,0x0000,
    0x0000,0x0000,0x0000,0x0000,0x0000,0x0000,0x0000,0x0000,0x0000,0x0000,0x0000,0x0000,0x0000,0x0000,0x0000,0x0000,
    0x0000,0x0000,0x0000,0x0000,0x0000,0x0000,0x0000,0x0000,0x0000,0x0000,0x0000,0x0000,0x0000,0x0000,0x0000,0x0000,
    0x0000,0x0000,0x0000,0x0000,0x0000,0x0000,0x0000,0x0000,0x0000,0x0000,0x0000,0x0000,0x0000,0x0000,0x0000,0x0000,
    0x0000,0x0000,0x0000,0x0000,0x0000,0x0000,0x0000,0x0000,0x0000,0x0000,0x0000,0x0000,0x0000,0x0000,0x0000,0x0000,
    0x0000,0x0000,0x0000,0x0000,0x0000,0x0000,0x0000,0x7f32,0x7f32,0x7f32,0x0000,0x0000,0x0000,0x0000,0x0000,0x0000,
    0x0000,0x0000,0x0000,0x0000,0x0000,0x0000,0x0000,0x0000,0x0000,0x0000,0x0000,0x0000,0x0000,0x0000,0x0000,0x0000,
    0x0000,0x0000,0x0000,0x0000,0x0000,0x0000,0x0000,0x0000,0x0000,0x0000,0x0000,0x0000,0x0000,0x0000,0x0000,0x0000,
    0x0000,0x0000,0x0000,0x0000,0x0000,0x0000,0x0000,0x0000,0x0000,0x0000,0x0000,0x0000,0x0000,0x0000,0x0000,0x0000,
    0x0000,0x0000,0x0000,0x0000,0x0000,0x0000,0x0000,0x0000,0x0000,0x0000,0x0000,0x0000,0x0000,0x0000,0x0000,0x0000,
    0x0000,0x0000,0x0000,0x0000,0x0000,0x0000,0x1082,0x7f32,0x7f32,0x7f32,0x1082,0x0000,0x0000,0x0000,0x0000,0x0000,
    0x0000,0x0000,0x0000,0x0000,0x0000,0x0000,0x0000,0x0000,0x0000,0x0000,0x0000,0x0000,0x0000,0x0000,0x0000,0x0000,
    0x0000,0x0000,0x0000,0x0000,0x0000,0x0000,0x0000,0x0000,0x0000,0x0000,0x0000,0x0000,0x0000,0x0000,0x0000,0x0000,
    0x0000,0x0000,0x0000,0x0000,0x0000,0x0000,0x0000,0x0000,0x0000,0x0000,0x0000,0x0000,0x0000,0x0000,0x0000,0x0000,
    0x0000,0x0000,0x0000,0x0000,0x0000,0x0000,0x0000,0x0000,0x0000,0x0000,0x0000,0x0000,0x0000,0x0000,0x0000,0x0000,
    0x0000,0x0000,0x0000,0x0000,0x0000,0x0000,0x1082,0x7f32,0x7f32,0x7f32,0x1082,0x0000,0x0000,0x0000,0x0000,0x0000,
    0x0000,0x0000,0x0000,0x0000,0x0000,0x0000,0x0000,0x0000,0x0000,0x0000,0x0000,0x0000,0x0000,0x0000,0x0000,0x0000,
    0x0000,0x0000,0x0000,0x0000,0x0000,0x0000,0x0000,0x0000,0x0000,0x0000,0x0000,0x0000,0x0000,0x0000,0x0000,0x0000,
    0x0000,0x0000,0x0000,0x0000,0x0000,0x0000,0x0000,0x0000,0x0000,0x0000,0x0000,0x0000,0x0000,0x0000,0x0000,0x0000,
    0x0000,0x0000,0x0000,0x0000,0x0000,0x0000,0x0000,0x0000,0x0000,0x0000,0x0000,0x0000,0x0000,0x0000,0x0000,0x0000,
    0x0000,0x1082,0x1082,0x1082,0x1082,0x1082,0x7f32,0x7f32,0x7f32,0x7f32,0x7f32,0x1082,0x1082,0x1082,0x1082,0x1082,
    0x0000,0x0000,0x0000,0x0000,0x0000,0x0000,0x0000,0x0000,0x0000,0x0000,0x0000,0x0000,0x0000,0x0000,0x0000,0x0000,
    0x0000,0x0000,0x0000,0x0000,0x0000,0x0000,0x0000,0x0000,0x0000,0x0000,0x0000,0x0000,0x0000,0x0000,0x0000,0x0000,
    0x0000,0x0000,0x0000,0x0000,0x0000,0x0000,0x0000,0x0000,0x0000,0x0000,0x0000,0x0000,0x0000,0x0000,0x0000,0x0000,
    0x0000,0x0000,0x0000,0x0000,0x0000,0x0000,0x0000,0x0000,0x0000,0x0000,0x0000,0x0000,0x0000,0x0000,0x1082,0x1082,
    0x1082,0x1082,0x1082,0x1082,0x1082,0x1082,0x7f32,0x7f32,0x7f32,0x7f32,0x7f32,0x1082,0x1082,0x1082,0x1082,0x1082,
    0x1082,0x1082,0x1082,0x0000,0x0000,0x0000,0x0000,0x0000,0x0000,0x0000,0x0000,0x0000,0x0000,0x0000,0x0000,0x0000,
    0x0000,0x0000,0x0000,0x0000,0x0000,0x0000,0x0000,0x0000,0x0000,0x0000,0x0000,0x0000,0x0000,0x0000,0x0000,0x0000,
    0x0000,0x0000,0x0000,0x0000,0x0000,0x0000,0x0000,0x0000,0x0000,0x0000,0x0000,0x0000,0x0000,0x0000,0x0000,0x0000,
    0x0000,0x0000,0x0000,0x0000,0x0000,0x0000,0x0000,0x0000,0x0000,0x0000,0x0000,0x1082,0x1082,0x1082,0x1082,0x1082,
    0x1082,0xfe00,0xfe00,0xfe00,0xfe00,0x1082,0x7f32,0x7f32,0x7f32,0x7f32,0x7f32,0x1082,0xfe00,0xfe00,0xfe00,0xfe00,
    0x1082,0x1082,0x1082,0x1082,0x1082,0x1082,0x0000,0x0000,0x0000,0x0000,0x0000,0x0000,0x0000,0x0000,0x0000,0x0000,
    0x0000,0x0000,0x0000,0x0000,0x0000,0x0000,0x0000,0x0000,0x0000,0x0000,0x0000,0x0000,0x0000,0x0000,0x0000,0x0000,
    0x0000,0x0000,0x0000,0x0000,0x0000,0x0000,0x0000,0x0000,0x0000,0x0000,0x0000,0x0000,0x0000,0x0000,0x0000,0x0000,
    0x0000,0x0000,0x0000,0x0000,0x0000,0x0000,0x0000,0x0000,0x0000,0x1082,0x1082,0x1082,0x1082,0x1082,0xfe00,0xfe00,
    0xfe00,0xfe00,0xfe00,0xfe00,0xfe00,0x1082,0x7f32,0x7f32,0x7f32,0x7f32,0x7f32,0x1082,0xfe00,0xfe00,0xfe00,0xfe00,
    0xfe00,0xfe00,0xfe00,0x1082,0x1082,0x1082,0x1082,0x1082,0x0000,0x0000,0x0000,0x0000,0x0000,0x0000,0x0000,0x0000,
    0x0000,0x0000,0x0000,0x0000,0x0000,0x0000,0x0000,0x0000,0x0000,0x0000,0x0000,0x0000,0x0000,0x0000,0x0000,0x0000,
    0x0000,0x0000,0x0000,0x0000,0x0000,0x0000,0x0000,0x0000,0x0000,0x0000,0x0000,0x0000,0x0000,0x0000,0x0000,0x0000,
    0x0000,0x0000,0x0000,0x0000,0x0000,0x0000,0x0000,0x0000,0x1082,0x1082,0x1082,0x1082,0xfe00,0xfe00,0xfe00,0xfe00,
    0xfe00,0xfe00,0xfe00,0xfe00,0xfe00,0x1082,0x7f32,0x7f32,0x7f32,0x7f32,0x7f32,0x1082,0xfe00,0xfe00,0xfe00,0xfe00,
    0xfe00,0xfe00,0xfe00,0xfe00,0xfe00,0x1082,0x1082,0x1082,0x1082,0x0000,0x0000,0x0000,0x0000,0x0000,0x0000,0x0000,
    0x0000,0x0000,0x0000,0x0000,0x0000,0x0000,0x0000,0x0000,0x0000,0x0000,0x0000,0x0000,0x0000,0x0000,0x0000,0x0000,
    0x0000,0x0000,0x0000,0x0000,0x0000,0x0000,0x0000,0x0000,0x0000,0x0000,0x0000,0x0000,0x0000,0x0000,0x0000,0x0000,
    0x0000,0x0000,0x0000,0x0000,0x0000,0x0000,0x1082,0x1082,0x1082,0x1082,0xfe00,0xfe00,0xfe00,0xfe00,0xfe00,0xfe00,
    0xfe00,0xfe00,0xfe00,0xfe00,0xfe00,0x1082,0x1082,0x1082,0xfe00,0x1082,0x1082,0x1082,0xfe00,0xfe00,0xfe00,0xfe00,
    0xfe00,0xfe00,0xfe00,0xfe00,0xfe00,0xfe00,0xfe00,0x1082,0x1082,0x1082,0x1082,0x0000,0x0000,0x0000,0x0000,0x0000,
    0x0000,0x0000,0x0000,0x0000,0x0000,0x0000,0x0000,0x0000,0x0000,0x0000,0x0000,0x0000,0x0000,0x0000,0x0000,0x0000,
    0x0000,0x0000,0x0000,0x0000,0x0000,0x0000,0x0000,0x0000,0x0000,0x0000,0x0000,0x0000,0x0000,0x0000,0x0000,0x0000,
    0x0000,0x0000,0x0000,0x0000,0x0000,0x1082,0x1082,0x1082,0x1082,0x1082,0x1082,0x1082,0x1082,0xfe00,0xfe00,0xfe00,
    0xfe00,0xfe00,0xfe00,0xfe00,0xfe00,0xfe00,0xfe00,0xfe00,0xfe00,0xfe00,0xfe00,0xfe00,0xfe00,0xfe00,0xfe00,0xfe00,
    0xfe00,0xfe00,0xfe00,0xfe00,0x1082,0x1082,0x1082,0x1082,0x1082,0x1082,0x1082,0x1082,0x0000,0x0000,0x0000,0x0000,
    0x0000,0x0000,0x0000,0x0000,0x0000,0x0000,0x0000,0x0000,0x0000,0x0000,0x0000,0x0000,0x0000,0x0000,0x0000,0x0000,
    0x0000,0x0000,0x0000,0x0000,0x0000,0x0000,0x0000,0x0000,0x0000,0x0000,0x0000,0x0000,0x0000,0x0000,0x0000,0x0000,
    0x0000,0x0000,0x0000,0x0000,0x1082,0x1082,0x1082,0x1082,0x1082,0x1082,0x1082,0x1082,0x1082,0x1082,0xfe00,0xfe00,
    0xfe00,0xfe00,0xfe00,0xfe00,0xfe00,0xfe00,0xfe00,0xfe00,0xfe00,0xfe00,0xfe00,0xfe00,0xfe00,0xfe00,0xfe00,0xfe00,
    0xfe00,0xfe00,0xfe00,0x1082,0x1082,0x1082,0x1082,0x1082,0x1082,0x1082,0x1082,0x1082,0x1082,0x0000,0x0000,0x0000,
    0x0000,0x0000,0x0000,0x0000,0x0000,0x0000,0x0000,0x0000,0x0000,0x0000,0x0000,0x0000,0x0000,0x0000,0x0000,0x0000,
    0x0000,0x0000,0x0000,0x0000,0x0000,0x0000,0x0000,0x0000,0x0000,0x0000,0x0000,0x0000,0x0000,0x0000,0x0000,0x0000,
    0x0000,0x0000,0x0000,0x1082,0x1082,0x1082,0x1082,0x1082,0x1082,0x7f32,0x1082,0x1082,0x1082,0x1082,0x1082,0xfe00,
    0xfe00,0xfe00,0xfe00,0xfe00,0xfe00,0xfe00,0xfe00,0xfe00,0xfe00,0xfe00,0xfe00,0xfe00,0xfe00,0xfe00,0xfe00,0xfe00,
    0xfe00,0xfe00,0x1082,0x1082,0x1082,0x1082,0x1082,0x7f32,0x1082,0x1082,0x1082,0x1082,0x1082,0x1082,0x0000,0x0000,
    0x0000,0x0000,0x0000,0x0000,0x0000,0x0000,0x0000,0x0000,0x0000,0x0000,0x0000,0x0000,0x0000,0x0000,0x0000,0x0000,
    0x0000,0x0000,0x0000,0x0000,0x0000,0x0000,0x0000,0x0000,0x0000,0x0000,0x0000,0x0000,0x0000,0x0000,0x0000,0x0000,
    0x0000,0x0000,0x1082,0x1082,0x1082,0x1082,0x1082,0x7f32,0x7f32,0x7f32,0x7f32,0x7f32,0x1082,0x1082,0x1082,0x1082,
    0xfe00,0xfe00,0xfe00,0xfe00,0xfe00,0xfe00,0xfe00,0xfe00,0xfe00,0xfe00,0xfe00,0xfe00,0xfe00,0xfe00,0xfe00,0xfe00,
    0xfe00,0x1082,0x1082,0x1082,0x1082,0x7f32,0x7f32,0x7f32,0x7f32,0x7f32,0x1082,0x1082,0x1082,0x1082,0x1082,0x0000,
    0x0000,0x0000,0x0000,0x0000,0x0000,0x0000,0x0000,0x0000,0x0000,0x0000,0x0000,0x0000,0x0000,0x0000,0x0000,0x0000,
    0x0000,0x0000,0x0000,0x0000,0x0000,0x0000,0x0000,0x0000,0x0000,0x0000,0x0000,0x0000,0x0000,0x0000,0x0000,0x0000,
    0x0000,0x1082,0x1082,0x1082,0x1082,0x1082,0x7f32,0x7f32,0x7f32,0x7f32,0x7f32,0x7f32,0x7f32,0x1082,0x1082,0x1082,
    0xfe00,0xfe00,0xfe00,0xfe00,0xfe00,0xfe00,0xfe00,0xfe00,0xfe00,0xfe00,0xfe00,0xfe00,0xfe00,0xfe00,0xfe00,0xfe00,
    0xfe00,0x1082,0x1082,0x1082,0x7f32,0x7f32,0x7f32,0x7f32,0x7f32,0x7f32,0x7f32,0x1082,0x1082,0x1082,0x1082,0x1082,
    0x0000,0x0000,0x0000,0x0000,0x0000,0x0000,0x0000,0x0000,0x0000,0x0000,0x0000,0x0000,0x0000,0x0000,0x0000,0x0000,
    0x0000,0x0000,0x0000,0x0000,0x0000,0x0000,0x0000,0x0000,0x0000,0x0000,0x0000,0x0000,0x0000,0x0000,0x0000,0x0000,
    0x1082,0x1082,0x1082,0x1082,0x1082,0x1082,0x7f32,0x7f32,0x7f32,0x7f32,0x7f32,0x7f32,0x7f32,0x1082,0x1082,0x1082,
    0xfe00,0xfe00,0xfe00,0xfe00,0xfe00,0xfe00,0xfe00,0xfe00,0xfe00,0xfe00,0xfe00,0xfe00,0xfe00,0xfe00,0xfe00,0xfe00,
    0xfe00,0x1082,0x1082,0x1082,0x7f32,0x7f32,0x7f32,0x7f32,0x7f32,0x7f32,0x7f32,0x1082,0x1082,0x1082,0x1082,0x1082,
    0x1082,0x0000,0x0000,0x0000,0x0000,0x0000,0x0000,0x0000,0x0000,0x0000,0x0000,0x0000,0x0000,0x0000,0x0000,0x0000,
    0x0000,0x0000,0x0000,0x0000,0x0000,0x0000,0x0000,0x0000,0x0000,0x0000,0x0000,0x0000,0x0000,0x0000,0x0000,0x1082,
    0x1082,0x1082,0x1082,0x1082,0x1082,0x7f32,0x7f32,0x7f32,0x7f32,0x7f32,0x7f32,0x7f32,0x7f32,0x7f32,0x1082,0x1082,
    0x1082,0xfe00,0xfe00,0xfe00,0xfe00,0xfe00,0xfe00,0xfe00,0xfe00,0xfe00,0xfe00,0xfe00,0xfe00,0xfe00,0xfe00,0xfe00,
    0x1082,0x1082,0x1082,0x7f32,0x7f32,0x7f32,0x7f32,0x7f32,0x7f32,0x7f32,0x7f32,0x7f32,0x1082,0x1082,0x1082,0x1082,
    0x1082,0x1082,0x0000,0x0000,0x0000,0x0000,0x0000,0x0000,0x0000,0x0000,0x0000,0x0000,0x0000,0x0000,0x0000,0x0000,
    0x0000,0x0000,0x0000,0x0000,0x0000,0x0000,0x0000,0x0000,0x0000,0x0000,0x0000,0x0000,0x0000,0x0000,0x0000,0x1082,
    0x1082,0xfe00,0xfe00,0x1082,0x1082,0x1082,0x7f32,0x7f32,0x7f32,0x7f32,0x7f32,0x7f32,0x7f32,0x1082,0x1082,0x1082,
    0xfe00,0xfe00,0xfe00,0xfe00,0xfe00,0xfe00,0xfe00,0xfe00,0xfe00,0xfe00,0xfe00,0xfe00,0xfe00,0xfe00,0xfe00,0xfe00,
    0xfe00,0x1082,0x1082,0x1082,0x7f32,0x7f32,0x7f32,0x7f32,0x7f32,0x7f32,0x7f32,0x1082,0x1082,0x1082,0xfe00,0xfe00,
    0x1082,0x1082,0x0000,0x0000,0x0000,0x0000,0x0000,0x0000,0x0000,0x0000,0x0000,0x0000,0x0000,0x0000,0x0000,0x0000,
    0x0000,0x0000,0x0000,0x0000,0x0000,0x0000,0x0000,0x0000,0x0000,0x0000,0x0000,0x0000,0x0000,0x0000,0x1082,0x1082,
    0xfe00,0xfe00,0xfe00,0x1082,0x1082,0x1082,0x7f32,0x7f32,0x7f32,0x7f32,0x7f32,0x7f32,0x7f32,0x1082,0x1082,0x1082,
    0xfe00,0xfe00,0xfe00,0xfe00,0xfe00,0xfe00,0xfe00,0xfe00,0xfe00,0xfe00,0xfe00,0xfe00,0xfe00,0xfe00,0xfe00,0xfe00,
    0xfe00,0x1082,0x1082,0x1082,0x7f32,0x7f32,0x7f32,0x7f32,0x7f32,0x7f32,0x7f32,0x1082,0x1082,0x1082,0xfe00,0xfe00,
    0xfe00,0x1082,0x1082,0x0000,0x0000,0x0000,0x0000,0x0000,0x0000,0x0000,0x0000,0x0000,0x0000,0x0000,0x0000,0x0000,
    0x0000,0x0000,0x0000,0x0000,0x0000,0x0000,0x0000,0x0000,0x0000,0x0000,0x0000,0x0000,0x0000,0x1082,0x1082,0x1082,
    0xfe00,0xfe00,0xfe00,0x1082,0x1082,0x1082,0x1082,0x7f32,0x7f32,0x7f32,0x7f32,0x7f32,0x1082,0x1082,0x1082,0x1082,
    0xfe00,0xfe00,0xfe00,0xfe00,0xfe00,0xfe00,0xfe00,0xfe00,0xfe00,0xfe00,0xfe00,0xfe00,0xfe00,0xfe00,0xfe00,0xfe00,
    0xfe00,0x1082,0x1082,0x1082,0x1082,0x7f32,0x7f32,0x7f32,0x7f32,0x7f32,0x1082,0x1082,0x1082,0x1082,0xfe00,0xfe00,
    0xfe00,0x1082,0x1082,0x1082,0x0000,0x0000,0x0000,0x0000,0x0000,0x0000,0x0000,0x0000,0x0000,0x0000,0x0000,0x0000,
    0x0000,0x0000,0x0000,0x0000,0x0000,0x0000,0x0000,0x0000,0x0000,0x0000,0x0000,0x0000,0x0000,0x1082,0x1082,0xfe00,
    0xfe00,0xfe00,0xfe00,0xfe00,0x1082,0x1082,0x1082,0x1082,0x1082,0x7f32,0x1082,0x1082,0x1082,0x1082,0x1082,0xfe00,
    0xfe00,0xfe00,0xfe00,0xfe00,0xfe00,0xfe00,0xfe00,0xfe00,0xfe00,0xfe00,0xfe00,0xfe00,0xfe00,0xfe00,0xfe00,0xfe00,
    0xfe00,0xfe00,0x1082,0x1082,0x1082,0x1082,0x1082,0x7f32,0x1082,0x1082,0x1082,0x1082,0x1082,0xfe00,0xfe00,0xfe00,
    0xfe00,0xfe00,0x1082,0x1082,0x0000,0x0000,0x0000,0x0000,0x0000,0x0000,0x0000,0x0000,0x0000,0x0000,0x0000,0x0000,
    0x0000,0x0000,0x0000,0x0000,0x0000,0x0000,0x0000,0x0000,0x0000,0x0000,0x0000,0x0000,0x1082,0x1082,0x1082,0xfe00,
    0xfe00,0xfe00,0xfe00,0xfe00,0xfe00,0x1082,0x1082,0x1082,0x1082,0x1082,0x1082,0x1082,0x1082,0x1082,0xfe00,0xfe00,
    0xfe00,0xfe00,0xfe00,0xfe00,0xfe00,0xfe00,0xfe00,0xfe00,0xfe00,0xfe00,0xfe00,0xfe00,0xfe00,0xfe00,0xfe00,0xfe00,
    0xfe00,0xfe00,0xfe00,0x1082,0x1082,0x1082,0x1082,0x1082,0x1082,0x1082,0x1082,0x1082,0xfe00,0xfe00,0xfe00,0xfe00,
    0xfe00,0xfe00,0x1082,0x1082,0x1082,0x0000,0x0000,0x0000,0x0000,0x0000,0x0000,0x0000,0x0000,0x0000,0x0000,0x0000,
    0x0000,0x0000,0x0000,0x0000,0x0000,0x0000,0x0000,0x0000,0x0000,0x0000,0x0000,0x0000,0x1082,0x1082,0xfe00,0xfe00,
    0xfe00,0xfe00,0xfe00,0xfe00,0xfe00,0xfe00,0x1082,0x1082,0x1082,0x1082,0x1082,0x1082,0x1082,0xfe00,0xfe00,0xfe00,
    0xfe00,0xfe00,0xfe00,0xfe00,0xfe00,0xfe00,0xfe00,0xfe00,0xfe00,0xfe00,0xfe00,0xfe00,0xfe00,0xfe00,0xfe00,0xfe00,
    0xfe00,0xfe00,0xfe00,0xfe00,0x1082,0x1082,0x1082,0x1082,0x1082,0x1082,0x1082,0xfe00,0xfe00,0xfe00,0xfe00,0xfe00,
    0xfe00,0xfe00,0xfe00,0x1082,0x1082,0x0000,0x0000,0x0000,0x0000,0x0000,0x0000,0x0000,0x0000,0x0000,0x0000,0x0000,
    0x0000,0x0000,0x0000,0x0000,0x0000,0x0000,0x0000,0x0000,0x0000,0x0000,0x0000,0x0000,0x1082,0x1082,0xfe00,0xfe00,
    0xfe00,0xfe00,0xfe00,0xfe00,0xfe00,0xfe00,0xfe00,0xfe00,0xfe00,0x1082,0xfe00,0xfe00,0xffff,0xfe00,0xfe00,0xfe00,
    0xfe00,0xfe00,0xfe00,0xfe00,0xfe00,0xfe00,0xfe00,0xfe00,0xfe00,0xfe00,0xfe00,0xfe00,0xfe00,0xfe00,0xfe00,0xfe00,
    0xfe00,0xfe00,0xfe00,0xfe00,0xffff,0xfe00,0xfe00,0x1082,0xfe00,0xfe00,0xfe00,0xfe00,0xfe00,0xfe00,0xfe00,0xfe00,
    0xfe00,0xfe00,0xfe00,0x1082,0x1082,0x0000,0x0000,0x0000,0x0000,0x0000,0x0000,0x0000,0x0000,0x0000,0x0000,0x0000,
    0x0000,0x0000,0x0000,0x0000,0x0000,0x0000,0x0000,0x0000,0x0000,0x0000,0x0000,0x1082,0x1082,0xfe00,0xfe00,0xfe00,
    0xfe00,0xfe00,0xfe00,0xfe00,0xfe00,0xfe00,0xfe00,0xfe00,0xfe00,0xffff,0xffff,0xffff,0xffff,0xffff,0xffff,0xffff,
    0xfe00,0xfe00,0xfe00,0xfe00,0xfe00,0xfe00,0xfe00,0xfe00,0xfe00,0xfe00,0xfe00,0xfe00,0xfe00,0xfe00,0xfe00,0xfe00,
    0xfe00,0xffff,0xffff,0xffff,0xffff,0xffff,0xffff,0xffff,0xfe00,0xfe00,0xfe00,0xfe00,0xfe00,0xfe00,0xfe00,0xfe00,
    0xfe00,0xfe00,0xfe00,0xfe00,0x1082,0x1082,0x0000,0x0000,0x0000,0x0000,0x0000,0x0000,0x0000,0x0000,0x0000,0x0000,
    0x0000,0x0000,0x0000,0x0000,0x0000,0x0000,0x0000,0x0000,0x0000,0x0000,0x0000,0x1082,0x1082,0xfe00,0xfe00,0xfe00,
    0xfe00,0xfe00,0xfe00,0xfe00,0xfe00,0xfe00,0xfe00,0xfe00,0xffff,0xffff,0xffff,0xffff,0xffff,0xffff,0xffff,0xffff,
    0xffff,0xfe00,0xfe00,0xfe00,0xfe00,0xfe00,0xfe00,0xfe00,0xfe00,0xfe00,0xfe00,0xfe00,0xfe00,0xfe00,0xfe00,0xfe00,
    0xffff,0xffff,0xffff,0xffff,0xffff,0xffff,0xffff,0xffff,0xffff,0xfe00,0xfe00,0xfe00,0xfe00,0xfe00,0xfe00,0xfe00,
    0xfe00,0xfe00,0xfe00,0xfe00,0x1082,0x1082,0x0000,0x0000,0x0000,0x0000,0x0000,0x0000,0x0000,0x0000,0x0000,0x0000,
    0x0000,0x0000,0x0000,0x0000,0x0000,0x0000,0x0000,0x0000,0x0000,0x0000,0x0000,0x1082,0x1082,0xfe00,0xfe00,0xfe00,
    0xfe00,0xfe00,0xfe00,0xfe00,0xfe00,0xfe00,0xfe00,0xfe00,0xffff,0xffff,0xffff,0xffff,0xffff,0x0000,0xffff,0xffff,
    0xffff,0xfe00,0xfe00,0xfe00,0xfe00,0xfe00,0xfe00,0xfe00,0xfe00,0xfe00,0xfe00,0xfe00,0xfe00,0xfe00,0xfe00,0xfe00,
    0xffff,0xffff,0xffff,0xffff,0xffff,0x0000,0xffff,0xffff,0xffff,0xfe00,0xfe00,0xfe00,0xfe00,0xfe00,0xfe00,0xfe00,
    0xfe00,0xfe00,0xfe00,0xfe00,0x1082,0x1082,0x0000,0x0000,0x0000,0x0000,0x0000,0x0000,0x0000,0x0000,0x0000,0x0000,
    0x0000,0x0000,0x0000,0x0000,0x0000,0x0000,0x0000,0x0000,0x0000,0x0000,0x1082,0x1082,0xfe00,0xfe00,0xfe00,0xfe00,
    0xfe00,0xfe00,0xfe00,0xfe00,0xfe00,0xfe00,0xfe00,0xfe00,0xffff,0xffff,0xffff,0xffff,0x0000,0x0000,0x0000,0x0000,
    0xffff,0xfe00,0xfe00,0xfe00,0xfe00,0xfe00,0xfe00,0xfe00,0xfe00,0xfe00,0xfe00,0xfe00,0xfe00,0xfe00,0xfe00,0xfe00,
    0xffff,0xffff,0xffff,0xffff,0x0000,0x0000,0x0000,0x0000,0xffff,0xfe00,0xfe00,0xfe00,0xfe00,0xfe00,0xfe00,0xfe00,
    0xfe00,0xfe00,0xfe00,0xfe00,0xfe00,0x1082,0x1082,0x0000,0x0000,0x0000,0x0000,0x0000,0x0000,0x0000,0x0000,0x0000,
    0x0000,0x0000,0x0000,0x0000,0x0000,0x0000,0x0000,0x0000,0x0000,0x0000,0x1082,0x1082,0xfe00,0xfe00,0xfe00,0xfe00,
    0xfe00,0xfe00,0xfe00,0xfe00,0xfe00,0xfe00,0xfe00,0xffff,0xffff,0xffff,0xffff,0x0000,0x0000,0x0000,0x0000,0x0000,
    0xffff,0xffff,0xfe00,0xfe00,0xfe00,0xfe00,0xfe00,0xfe00,0xfe00,0xfe00,0xfe00,0xfe00,0xfe00,0xfe00,0xfe00,0xffff,
    0xffff,0xffff,0xffff,0x0000,0x0000,0x0000,0x0000,0x0000,0xffff,0xffff,0xfe00,0xfe00,0xfe00,0xfe00,0xfe00,0xfe00,
    0xfe00,0xfe00,0xfe00,0xfe00,0xfe00,0x1082,0x1082,0x0000,0x0000,0x0000,0x0000,0x0000,0x0000,0x0000,0x0000,0x0000,
    0x0000,0x0000,0x0000,0x0000,0x0000,0x0000,0x0000,0x0000,0x0000,0x0000,0x1082,0x1082,0xfe00,0xfe00,0xfe00,0xfe00,
    0xfe00,0xfe00,0xfe00,0xfe00,0xfe00,0xfe00,0xfe00,0xfe00,0xffff,0xffff,0x0000,0x0000,0x0000,0x0000,0x0000,0x0000,
    0x0000,0xfe00,0xfe00,0xfe00,0xfe00,0xfe00,0xfe00,0xfe00,0xfe00,0xfe00,0xfe00,0xfe00,0xfe00,0xfe00,0xfe00,0xfe00,
    0xffff,0xffff,0x0000,0x0000,0x0000,0x0000,0x0000,0x0000,0x0000,0xfe00,0xfe00,0xfe00,0xfe00,0xfe00,0xfe00,0xfe00,
    0xfe00,0xfe00,0xfe00,0xfe00,0xfe00,0x1082,0x1082,0x0000,0x0000,0x0000,0x0000,0x0000,0x0000,0x0000,0x0000,0x0000,
    0x0000,0x0000,0x0000,0x0000,0x0000,0x0000,0x0000,0x0000,0x0000,0x0000,0x1082,0x1082,0xfe00,0xfe00,0xfe00,0xfe00,
    0xfe00,0xfe00,0xfe00,0xfe00,0xfe00,0xfe00,0xfe00,0xfe00,0xffff,0xffff,0xffff,0x0000,0x0000,0x0000,0x0000,0x0000,
    0xffff,0xfe00,0xfe00,0xfe00,0xfe00,0xfe00,0xfe00,0xfe00,0xfe00,0xfe00,0xfe00,0xfe00,0xfe00,0xfe00,0xfe00,0xfe00,
    0xffff,0xffff,0xffff,0x0000,0x0000,0x0000,0x0000,0x0000,0xffff,0xfe00,0xfe00,0xfe00,0xfe00,0xfe00,0xfe00,0xfe00,
    0xfe00,0xfe00,0xfe00,0xfe00,0xfe00,0x1082,0x1082,0x0000,0x0000,0x0000,0x0000,0x0000,0x0000,0x0000,0x0000,0x0000,
    0x0000,0x0000,0x0000,0x0000,0x0000,0x0000,0x0000,0x0000,0x0000,0x0000,0x1082,0x1082,0xfe00,0xfe00,0xfe00,0xfe00,
    0xfe00,0xfe00,0xfe00,0xfe00,0xfe00,0xfe00,0xfe00,0xfe00,0xffff,0xffff,0xffff,0x0000,0x0000,0x0000,0x0000,0x0000,
    0xffff,0xfe00,0xfe00,0xfe00,0xfe00,0xfe00,0xfe00,0xfe00,0xfe00,0xfe00,0xfe00,0xfe00,0xfe00,0xfe00,0xfe00,0xfe00,
    0xffff,0xffff,0xffff,0x0000,0x0000,0x0000,0x0000,0x0000,0xffff,0xfe00,0xfe00,0xfe00,0xfe00,0xfe00,0xfe00,0xfe00,
    0xfe00,0xfe00,0xfe00,0xfe00,0xfe00,0x1082,0x1082,0x0000,0x0000,0x0000,0x0000,0x0000,0x0000,0x0000,0x0000,0x0000,
    0x0000,0x0000,0x0000,0x0000,0x0000,0x0000,0x0000,0x0000,0x0000,0x0000,0x1082,0x1082,0xfe00,0xfe00,0xfe00,0xfe00,
    0xfe00,0xfe00,0xfe00,0xfe00,0xfe00,0xfe00,0xfe00,0xfe00,0xfe00,0xffff,0xffff,0xffff,0xffff,0x0000,0xffff,0xffff,
    0xfe00,0xfe00,0xfe00,0xfe00,0xfe00,0xfe00,0xfe00,0xfe00,0xfe00,0xfe00,0xfe00,0xfe00,0xfe00,0xfe00,0xfe00,0xfe00,
    0xfe00,0xffff,0xffff,0xffff,0xffff,0x0000,0xffff,0xffff,0xfe00,0xfe00,0xfe00,0xfe00,0xfe00,0xfe00,0xfe00,0xfe00,
    0xfe00,0xfe00,0xfe00,0xfe00,0xfe00,0x1082,0x1082,0x0000,0x0000,0x0000,0x0000,0x0000,0x0000,0x0000,0x0000,0x0000,
    0x0000,0x0000,0x0000,0x0000,0x0000,0x0000,0x0000,0x0000,0x0000,0x0000,0x1082,0x1082,0xfe00,0xfe00,0xfe00,0xfe00,
    0xfe00,0xfe00,0xfe00,0xfe00,0xfe00,0xfe00,0xfe00,0xfe00,0xfe00,0xfe00,0xfe00,0xfe00,0xffff,0xfe00,0xfe00,0xfe00,
    0xfe00,0xfe00,0xfe00,0xfe00,0xfe00,0xfe00,0xfe00,0xfe00,0xfe00,0xfe00,0xfe00,0xfe00,0xfe00,0xfe00,0xfe00,0xfe00,
    0xfe00,0xfe00,0xfe00,0xfe00,0xffff,0xfe00,0xfe00,0xfe00,0xfe00,0xfe00,0xfe00,0xfe00,0xfe00,0xfe00,0xfe00,0xfe00,
    0xfe00,0xfe00,0xfe00,0xfe00,0xfe00,0x1082,0x1082,0x0000,0x0000,0x0000,0x0000,0x0000,0x0000,0x0000,0x0000,0x0000,
    0x0000,0x0000,0x0000,0x0000,0x0000,0x0000,0x0000,0x0000,0x0000,0x1082,0x1082,0xfe00,0xfe00,0xfe00,0xfe00,0xfe00,
    0xfe00,0xfe00,0xfe00,0xfe00,0xfe00,0xfe00,0xfe00,0xfe00,0xfe00,0xfe00,0xfe00,0xfe00,0xfe00,0xfe00,0xfe00,0xfe00,
    0xfe00,0xfe00,0xfe00,0xfe00,0xfe00,0xfe00,0xfe00,0xfe00,0xfe00,0xfe00,0xfe00,0xfe00,0xfe00,0xfe00,0xfe00,0xfe00,
    0xfe00,0xfe00,0xfe00,0xfe00,0xfe00,0xfe00,0xfe00,0xfe00,0xfe00,0xfe00,0xfe00,0xfe00,0xfe00,0xfe00,0xfe00,0xfe00,
    0xfe00,0xfe00,0xfe00,0xfe00,0xfe00,0xfe00,0x1082,0x1082,0x0000,0x0000,0x0000,0x0000,0x0000,0x0000,0x0000,0x0000,
    0x0000,0x0000,0x0000,0x0000,0x0000,0x0000,0x0000,0x0000,0x0000,0x0000,0x1082,0x1082,0xfe00,0xfe00,0xfe00,0xfe00,
    0xfe00,0xfe00,0xfe00,0xfe00,0xfe00,0xfe00,0xfe00,0xfe00,0xfe00,0xfe00,0xfe00,0xfe00,0xfe00,0xfe00,0xfe00,0xfe00,
    0xfe00,0xfe00,0xfe00,0xfe00,0xfe00,0xfe00,0xfe00,0xfe00,0xfe00,0xfe00,0xfe00,0xfe00,0xfe00,0xfe00,0xfe00,0xfe00,
    0xfe00,0xfe00,0xfe00,0xfe00,0xfe00,0xfe00,0xfe00,0xfe00,0xfe00,0xfe00,0xfe00,0xfe00,0xfe00,0xfe00,0xfe00,0xfe00,
    0xfe00,0xfe00,0xfe00,0xfe00,0xfe00,0x1082,0x1082,0x0000,0x0000,0x0000,0x0000,0x0000,0x0000,0x0000,0x0000,0x0000,
    0x0000,0x0000,0x0000,0x0000,0x0000,0x0000,0x0000,0x0000,0x0000,0x0000,0x1082,0x1082,0xfe00,0xfe00,0xfe00,0xfe00,
    0xfe00,0xfe00,0xfe00,0xfe00,0xfe00,0xfe00,0xfe00,0xfe00,0xfe00,0xfe00,0xfe00,0xfe00,0xfe00,0xfe00,0xfe00,0xfe00,
    0xfe00,0xfe00,0xfe00,0xfe00,0xfe00,0xfe00,0xfe00,0xfe00,0x1082,0xfe00,0xfe00,0xfe00,0xfe00,0xfe00,0xfe00,0xfe00,
    0xfe00,0xfe00,0xfe00,0xfe00,0xfe00,0xfe00,0xfe00,0xfe00,0xfe00,0xfe00,0xfe00,0xfe00,0xfe00,0xfe00,0xfe00,0xfe00,
    0xfe00,0xfe00,0xfe00,0xfe00,0xfe00,0x1082,0x1082,0x1082,0x0000,0x0000,0x0000,0x0000,0x0000,0x0000,0x0000,0x0000,
    0x0000,0x0000,0x0000,0x0000,0x0000,0x0000,0x0000,0x0000,0x0000,0x0000,0x1082,0x1082,0xfe00,0xfe00,0xfe00,0xfe00,
    0xfe00,0xfe00,0xfe00,0xfe00,0xfe00,0xfe00,0xfd14,0xfe00,0xfe00,0xfe00,0xfe00,0xfe00,0xfe00,0xfe00,0xfe00,0xfe00,
    0xfe00,0xfe00,0xfe00,0x1082,0x1082,0x1082,0x1082,0x1082,0x1082,0x1082,0x1082,0x1082,0x1082,0x1082,0xfe00,0xfe00,
    0xfe00,0xfe00,0xfe00,0xfe00,0xfe00,0xfe00,0xfe00,0xfe00,0xfe00,0xfe00,0xfd14,0xfe00,0xfe00,0xfe00,0xfe00,0xfe00,
    0xfe00,0xfe00,0xfe00,0xfe00,0xfe00,0x1082,0x1082,0x1082,0x1082,0x1082,0x0000,0x0000,0x0000,0x0000,0x0000,0x0000,
    0x0000,0x0000,0x0000,0x0000,0x0000,0x0000,0x0000,0x0000,0x0000,0x0000,0x1082,0x1082,0xfe00,0xfe00,0x1082,0x1082,
    0x1082,0xfe00,0xfe00,0xfe00,0xfd14,0xfd14,0xfd14,0xfd14,0xfd14,0xfe00,0xfe00,0xfe00,0xfe00,0xfe00,0xfe00,0xfe00,
    0x1082,0x1082,0x1082,0x1082,0x1082,0x1082,0x1082,0x1082,0xff34,0x1082,0x1082,0x1082,0x1082,0x1082,0x1082,0x1082,
    0x1082,0xfe00,0xfe00,0xfe00,0xfe00,0xfe00,0xfe00,0xfe00,0xfd14,0xfd14,0xfd14,0xfd14,0xfd14,0xfe00,0xfe00,0xfe00,
    0x1082,0x1082,0x1082,0xfe00,0xfe00,0x1082,0x1082,0x1082,0x1082,0x1082,0x1082,0x1082,0x0000,0x0000,0x0000,0x0000,
    0x0000,0x0000,0x0000,0x0000,0x0000,0x0000,0x0000,0x0000,0x0000,0x0000,0x1082,0x1082,0xfe00,0x1082,0x1082,0x1082,
    0x1082,0xfe00,0xfe00,0xfe00,0xfd14,0xfd14,0xfd14,0xfd14,0xfd14,0xfe00,0xfe00,0xfe00,0xfe00,0xfe00,0xfe00,0x1082,
    0x1082,0x1082,0x1082,0xff34,0xff34,0xff34,0xff34,0xff34,0xff34,0xff34,0xff34,0xff34,0xff34,0xff34,0x1082,0x1082,
    0x1082,0x1082,0xfe00,0xfe00,0xfe00,0xfe00,0xfe00,0xfe00,0xfd14,0xfd14,0xfd14,0xfd14,0xfd14,0xfe00,0xfe00,0xfe00,
    0x1082,0x1082,0x1082,0x1082,0xfe00,0x1082,0x1082,0x7f32,0x1082,0x1082,0x1082,0x1082,0x0000,0x0000,0x0000,0x0000,
    0x0000,0x0000,0x0000,0x0000,0x0000,0x0000,0x0000,0x0000,0x0000,0x0000,0x1082,0x1082,0x1082,0x1082,0x1082,0x1082,
    0x1082,0xfe00,0xfe00,0xfd14,0xfd14,0xfd14,0xfd14,0xfd14,0xfd14,0xfd14,0xfe00,0xfe00,0xfe00,0x1082,0x1082,0x0000,
    0x0000,0x0000,0x0000,0xff34,0xff34,0xff34,0xff34,0xff34,0xff34,0xff34,0xff34,0xff34,0xff34,0xff34,0x0000,0x0000,
    0x0000,0x0000,0x1082,0x1082,0xfe00,0xfe00,0xfe00,0xfd14,0xfd14,0xfd14,0xfd14,0xfd14,0xfd14,0xfd14,0xfe00,0xfe00,
    0x1082,0x1082,0x1082,0x1082,0x1082,0x1082,0x1082,0x7f32,0x7f32,0x1082,0x1082,0x1082,0x1082,0x0000,0x0000,0x0000,
    0x0000,0x0000,0x0000,0x0000,0x0000,0x0000,0x0000,0x0000,0x0000,0x0000,0x1082,0x1082,0x1082,0x1082,0x1082,0x1082,
    0xfe00,0xfe00,0xfe00,0xfe00,0xfd14,0xfd14,0xfd14,0xfd14,0xfd14,0xfe00,0xfe00,0xfe00,0x1082,0x1082,0x1082,0x0000,
    0x0000,0x0000,0x0000,0xff34,0xff34,0xff34,0xff34,0xff34,0xff34,0xff34,0xff34,0xff34,0xff34,0xff34,0x0000,0x0000,
    0x0000,0x0000,0x1082,0x1082,0x1082,0xfe00,0xfe00,0xfe00,0xfd14,0xfd14,0xfd14,0xfd14,0xfd14,0xfe00,0xfe00,0xfe00,
    0xfe00,0x1082,0x1082,0x1082,0x1082,0x1082,0x1082,0x7f32,0x7f32,0x1082,0x1082,0x1082,0x1082,0x0000,0x0000,0x0000,
    0x0000,0x0000,0x0000,0x0000,0x0000,0x0000,0x0000,0x0000,0x0000,0x0000,0x1082,0x1082,0x1082,0x1082,0x1082,0xfe00,
    0xfe00,0xfe00,0xfe00,0xfe00,0xfd14,0xfd14,0xfd14,0xfd14,0xfd14,0xfe00,0xfe00,0xfe00,0x1082,0x1082,0x1082,0x0000,
    0x0000,0x0000,0x0000,0x0000,0xff34,0xff34,0xff34,0xff34,0xff34,0xff34,0xff34,0xff34,0xff34,0x0000,0x0000,0x0000,
    0x0000,0x0000,0x1082,0x1082,0x1082,0xfe00,0xfe00,0xfe00,0xfd14,0xfd14,0xfd14,0xfd14,0xfd14,0xfe00,0xfe00,0xfe00,
    0xfe00,0xfe00,0x1082,0x1082,0x1082,0x1082,0x1082,0x7f32,0x7f32,0x7f32,0x1082,0x1082,0x1082,0x1082,0x0000,0x0000,
    0x0000,0x0000,0x0000,0x0000,0x0000,0x0000,0x0000,0x0000,0x0000,0x1082,0x7f32,0x1082,0x1082,0x1082,0xfe00,0xfe00,
    0xfe00,0xfe00,0xfe00,0xfe00,0xfe00,0xfe00,0xfd14,0xfe00,0xfe00,0xfe00,0xfe00,0x1082,0x1082,0x1082,0xff34,0xff34,
    0x0000,0x0000,0x0000,0x0000,0x0000,0xff34,0xff34,0xff34,0xff34,0xff34,0xff34,0xff34,0x0000,0x0000,0x0000,0x0000,
    0x0000,0xff34,0xff34,0x1082,0x1082,0x1082,0xfe00,0xfe00,0xfe00,0xfe00,0xfd14,0xfe00,0xfe00,0xfe00,0xfe00,0xfe00,
    0xfe00,0xfe00,0xfe00,0x1082,0x1082,0x1082,0x7f32,0x1082,0x7f32,0x1082,0x1082,0x1082,0x1082,0x0000,0x0000,0x0000,
    0x0000,0x0000,0x0000,0x0000,0x0000,0x0000,0x0000,0x0000,0x7f32,0x7f32,0x7f32,0x7f32,0x7f32,0xfe00,0xfe00,0xfe00,
    0xfe00,0xfe00,0xfe00,0xfe00,0xfe00,0xfe00,0xfe00,0xfe00,0xfe00,0xfe00,0x1082,0x1082,0x1082,0xff34,0xff34,0xff34,
    0x0000,0x0000,0x0000,0x0000,0x0000,0x0000,0x0000,0xff34,0xff34,0xff34,0x0000,0x0000,0x0000,0x0000,0x0000,0x0000,
    0x0000,0xff34,0xff34,0xff34,0x1082,0x1082,0x1082,0xfe00,0xfe00,0xfe00,0xfe00,0xfe00,0xfe00,0xfe00,0xfe00,0xfe00,
    0xfe00,0xfe00,0xfe00,0xfe00,0x7f32,0x7f32,0x7f32,0x7f32,0x7f32,0x1082,0x1082,0x1082,0x1082,0x0000,0x0000,0x0000,
    0x0000,0x0000,0x0000,0x0000,0x0000,0x0000,0x0000,0x0000,0x7f32,0x7f32,0x7f32,0x7f32,0x7f32,0x1082,0xfe00,0xfe00,
    0xfe00,0xfe00,0xfe00,0xfe00,0xfe00,0xfe00,0xfe00,0xfe00,0xfe00,0xfe00,0x1082,0x1082,0x1082,0xff34,0xff34,0xff34,
    0xff34,0x0000,0x0000,0x0000,0x0000,0x0000,0x0000,0x0000,0x0000,0x0000,0x0000,0x0000,0x0000,0x0000,0x0000,0x0000,
    0xff34,0xff34,0xff34,0xff34,0x1082,0x1082,0x1082,0xfe00,0xfe00,0xfe00,0xfe00,0xfe00,0xfe00,0xfe00,0xfe00,0xfe00,
    0xfe00,0xfe00,0xfe00,0x1082,0x7f32,0x7f32,0x7f32,0x7f32,0x7f32,0x1082,0x1082,0x1082,0x0000,0x0000,0x0000,0x0000,
    0x0000,0x0000,0x0000,0x0000,0x0000,0x0000,0x0000,0x7f32,0x7f32,0x7f32,0x7f32,0x7f32,0x7f32,0x7f32,0xfe00,0xfe00,
    0xfe00,0xfe00,0xfe00,0xfe00,0xfe00,0xfe00,0xfe00,0xfe00,0xfe00,0xfe00,0x1082,0x1082,0x1082,0xff34,0xff34,0xff34,
    0xff34,0xff34,0x0000,0x0000,0x0000,0x0000,0x0000,0x0000,0x0000,0x0000,0x0000,0x0000,0x0000,0x0000,0x0000,0xff34,
    0xff34,0xff34,0xff34,0xff34,0x1082,0x1082,0x1082,0xfe00,0xfe00,0xfe00,0xfe00,0xfe00,0xfe00,0xfe00,0xfe00,0xfe00,
    0xfe00,0xfe00,0xfe00,0x7f32,0x7f32,0x7f32,0x7f32,0x7f32,0x7f32,0x7f32,0x1082,0x1082,0x0000,0x0000,0x0000,0x0000,
    0x0000,0x0000,0x0000,0x0000,0x0000,0x0000,0x0000,0x0000,0x7f32,0x7f32,0x7f32,0x7f32,0x7f32,0x1082,0x1082,0xfe00,
    0xfe00,0xfe00,0xfe00,0xfe00,0xfe00,0xfe00,0xfe00,0xfe00,0xfe00,0xfe00,0x1082,0x1082,0xff34,0xff34,0xff34,0xff34,
    0xff34,0xff34,0xff34,0xff34,0x0000,0x0000,0x0000,0x0000,0x0000,0x0000,0x0000,0x0000,0x0000,0xff34,0xff34,0xff34,
    0xff34,0xff34,0xff34,0xff34,0xff34,0x1082,0x1082,0xfe00,0xfe00,0xfe00,0xfe00,0xfe00,0xfe00,0xfe00,0xfe00,0xfe00,
    0xfe00,0xfe00,0x1082,0x1082,0x7f32,0x7f32,0x7f32,0x7f32,0x7f32,0x1082,0x0000,0x0000,0x0000,0x0000,0x0000,0x0000,
    0x0000,0x0000,0x0000,0x0000,0x0000,0x0000,0x0000,0x0000,0x7f32,0x7f32,0x7f32,0x7f32,0x7f32,0x1082,0x1082,0xfe00,
    0xfe00,0xfe00,0xfe00,0xfe00,0xfe00,0xfe00,0xfe00,0xfe00,0xfe00,0x1082,0x1082,0x1082,0x1082,0xff34,0xff34,0xff34,
    0xff34,0xff34,0xff34,0xff34,0xff34,0xff34,0xff34,0xff34,0xff34,0xff34,0xff34,0xff34,0xff34,0xff34,0xff34,0xff34,
    0xff34,0xff34,0xff34,0xff34,0x1082,0x1082,0x1082,0x1082,0xfe00,0xfe00,0xfe00,0xfe00,0xfe00,0xfe00,0xfe00,0xfe00,
    0xfe00,0xfe00,0x1082,0x1082,0x7f32,0x7f32,0x7f32,0x7f32,0x7f32,0x0000,0x0000,0x0000,0x0000,0x0000,0x0000,0x0000,
    0x0000,0x0000,0x0000,0x0000,0x0000,0x0000,0x0000,0x0000,0x0000,0x0000,0x7f32,0x0000,0x0000,0x1082,0x1082,0x1082,
    0xfe00,0xfe00,0xfe00,0xfe00,0xfe00,0xfe00,0xfe00,0xfe00,0xfe00,0xfe00,0x1082,0x1082,0x1082,0xff34,0xff34,0xff34,
    0xff34,0xff34,0xff34,0xff34,0xff34,0xff34,0xff34,0xff34,0xff34,0xff34,0xff34,0xff34,0xff34,0xff34,0xff34,0xff34,
    0xff34,0xff34,0xff34,0xff34,0x1082,0x1082,0x1082,0xfe00,0xfe00,0xfe00,0xfe00,0xfe00,0xfe00,0xfe00,0xfe00,0xfe00,
    0xfe00,0x1082,0x1082,0x1082,0x0000,0x0000,0x7f32,0x0000,0x0000,0x0000,0x0000,0x0000,0x0000,0x0000,0x0000,0x0000,
    0x0000,0x0000,0x0000,0x0000,0x0000,0x0000,0x0000,0x0000,0x0000,0x0000,0x0000,0x0000,0x0000,0x0000,0x1082,0x1082,
    0xfe00,0xfe00,0xfe00,0xfe00,0xfe00,0xfe00,0xfe00,0xfe00,0xfe00,0xfe00,0x1082,0x1082,0x1082,0xff34,0xff34,0xff34,
    0xff34,0xff34,0xff34,0xff34,0xff34,0xff34,0xff34,0xff34,0xff34,0xff34,0xff34,0xff34,0xff34,0xff34,0xff34,0xff34,
    0xff34,0xff34,0xff34,0xff34,0x1082,0x1082,0x1082,0xfe00,0xfe00,0xfe00,0xfe00,0xfe00,0xfe00,0xfe00,0xfe00,0xfe00,
    0xfe00,0x1082,0x1082,0x0000,0x0000,0x0000,0x0000,0x0000,0x0000,0x0000,0x0000,0x0000,0x0000,0x0000,0x0000,0x0000,
    0x0000,0x0000,0x0000,0x0000,0x0000,0x0000,0x0000,0x0000,0x0000,0x0000,0x0000,0x0000,0x0000,0x0000,0x0000,0x1082,
    0x1082,0xfe00,0xfe00,0xfe00,0xfe00,0xfe00,0xfe00,0xfe00,0xfe00,0xfe00,0x1082,0x1082,0x1082,0x1082,0xff34,0xff34,
    0xff34,0xff34,0xff34,0xff34,0xff34,0xff34,0xff34,0xff34,0xff34,0xff34,0xff34,0xff34,0xff34,0xff34,0xff34,0xff34,
    0xff34,0xff34,0xff34,0x1082,0x1082,0x1082,0x1082,0xfe00,0xfe00,0xfe00,0xfe00,0xfe00,0xfe00,0xfe00,0xfe00,0xfe00,
    0x1082,0x1082,0x0000,0x0000,0x0000,0x0000,0x0000,0x0000,0x0000,0x0000,0x0000,0x0000,0x0000,0x0000,0x0000,0x0000,
    0x0000,0x0000,0x0000,0x0000,0x0000,0x0000,0x0000,0x0000,0x0000,0x0000,0x0000,0x0000,0x0000,0x0000,0x0000,0x1082,
    0x1082,0x1082,0xfe00,0xfe00,0xfe00,0xfe00,0xfe00,0xfe00,0xfe00,0xfe00,0x1082,0x1082,0x1082,0x1082,0x1082,0xff34,
    0xff34,0xff34,0xff34,0xff34,0xff34,0xff34,0xff34,0xff34,0xff34,0xff34,0xff34,0xff34,0xff34,0xff34,0xff34,0xff34,
    0xff34,0xff34,0x1082,0x1082,0x1082,0x1082,0x1082,0xfe00,0xfe00,0xfe00,0xfe00,0xfe00,0xfe00,0xfe00,0xfe00,0x1082,
    0x1082,0x1082,0x0000,0x0000,0x0000,0x0000,0x0000,0x0000,0x0000,0x0000,0x0000,0x0000,0x0000,0x0000,0x0000,0x0000,
    0x0000,0x0000,0x0000,0x0000,0x0000,0x0000,0x0000,0x0000,0x0000,0x0000,0x0000,0x0000,0x0000,0x0000,0x0000,0x0000,
    0x1082,0x1082,0x1082,0xfe00,0xfe00,0xfe00,0xfe00,0xfe00,0xfe00,0xfe00,0xfe00,0x1082,0x1082,0x1082,0x1082,0x1082,
    0xff34,0xff34,0xff34,0xff34,0xff34,0xff34,0xff34,0xff34,0xff34,0xff34,0xff34,0xff34,0xff34,0xff34,0xff34,0xff34,
    0xff34,0x1082,0x1082,0x1082,0x1082,0x1082,0xfe00,0xfe00,0xfe00,0xfe00,0xfe00,0xfe00,0xfe00,0xfe00,0x1082,0x1082,
    0x1082,0x0000,0x0000,0x0000,0x0000,0x0000,0x0000,0x0000,0x0000,0x0000,0x0000,0x0000,0x0000,0x0000,0x0000,0x0000,
    0x0000,0x0000,0x0000,0x0000,0x0000,0x0000,0x0000,0x0000,0x0000,0x0000,0x0000,0x0000,0x0000,0x0000,0x0000,0x0000,
    0x0000,0x1082,0x1082,0xfe00,0xfe00,0xfe00,0xfe00,0xfe00,0xfe00,0xfe00,0xfe00,0xfe00,0x1082,0x1082,0x1082,0x1082,
    0x1082,0xff34,0xff34,0xff34,0xff34,0xff34,0xff34,0xff34,0xff34,0xff34,0xff34,0xff34,0xff34,0xff34,0xff34,0xff34,
    0x1082,0x1082,0x1082,0x1082,0x1082,0xfe00,0xfe00,0xfe00,0xfe00,0xfe00,0xfe00,0xfe00,0xfe00,0xfe00,0x1082,0x1082,
    0x0000,0x0000,0x0000,0x0000,0x0000,0x0000,0x0000,0x0000,0x0000,0x0000,0x0000,0x0000,0x0000,0x0000,0x0000,0x0000,
    0x0000,0x0000,0x0000,0x0000,0x0000,0x0000,0x0000,0x0000,0x0000,0x0000,0x0000,0x0000,0x0000,0x0000,0x0000,0x0000,
    0x0000,0x0000,0x1082,0x1082,0xfe00,0xfe00,0xfe00,0xfe00,0xfe00,0xfe00,0xfe00,0xfe00,0x1082,0x1082,0x1082,0x1082,
    0x1082,0x1082,0x1082,0xff34,0xff34,0xff34,0xff34,0xff34,0xff34,0xff34,0xff34,0xff34,0xff34,0xff34,0x1082,0x1082,
    0x1082,0x1082,0x1082,0x1082,0x1082,0xfe00,0xfe00,0xfe00,0xfe00,0xfe00,0xfe00,0xfe00,0xfe00,0x1082,0x1082,0x0000,
    0x0000,0x0000,0x0000,0x0000,0x0000,0x0000,0x0000,0x0000,0x0000,0x0000,0x0000,0x0000,0x0000,0x0000,0x0000,0x0000,
    0x0000,0x0000,0x0000,0x0000,0x0000,0x0000,0x0000,0x0000,0x0000,0x0000,0x0000,0x0000,0x0000,0x0000,0x0000,0x0000,
    0x0000,0x0000,0x0000,0x1082,0x1082,0x1082,0xfe00,0xfe00,0xfe00,0xfe00,0xfe00,0xfe00,0xfe00,0x1082,0x1082,0x1082,
    0x1082,0x1082,0x1082,0x1082,0x1082,0x1082,0x1082,0x1082,0xff34,0x1082,0x1082,0x1082,0x1082,0x1082,0x1082,0x1082,
    0x1082,0x1082,0x1082,0x1082,0xfe00,0xfe00,0xfe00,0xfe00,0xfe00,0xfe00,0xfe00,0x1082,0x1082,0x1082,0x0000,0x0000,
    0x0000,0x0000,0x0000,0x0000,0x0000,0x0000,0x0000,0x0000,0x0000,0x0000,0x0000,0x0000,0x0000,0x0000,0x0000,0x0000,
    0x0000,0x0000,0x0000,0x0000,0x0000,0x0000,0x0000,0x0000,0x0000,0x0000,0x0000,0x0000,0x0000,0x0000,0x0000,0x0000,
    0x0000,0x0000,0x0000,0x0000,0x1082,0x1082,0x1082,0xfe00,0xfe00,0xfe00,0xfe00,0xfe00,0xfe00,0xfe00,0xfe00,0x1082,
    0x1082,0x1082,0x1082,0x1082,0x1082,0x1082,0x1082,0x1082,0x1082,0x1082,0x1082,0x1082,0x1082,0x1082,0x1082,0x1082,
    0x1082,0x1082,0xfe00,0xfe00,0xfe00,0xfe00,0xfe00,0xfe00,0xfe00,0xfe00,0x1082,0x1082,0x1082,0x0000,0x0000,0x0000,
    0x0000,0x0000,0x0000,0x0000,0x0000,0x0000,0x0000,0x0000,0x0000,0x0000,0x0000,0x0000,0x0000,0x0000,0x0000,0x0000,
    0x0000,0x0000,0x0000,0x0000,0x0000,0x0000,0x0000,0x0000,0x0000,0x0000,0x0000,0x0000,0x0000,0x0000,0x0000,0x0000,
    0x0000,0x0000,0x0000,0x0000,0x1082,0x1082,0x1082,0x1082,0xfe00,0xfe00,0xfe00,0xfe00,0xfe00,0xfe00,0xfe00,0xfe00,
    0x1082,0x1082,0x1082,0x1082,0x1082,0x1082,0x1082,0x1082,0x1082,0x1082,0x1082,0x1082,0x1082,0x1082,0x1082,0x1082,
    0x1082,0xfe00,0xfe00,0xfe00,0xfe00,0xfe00,0xfe00,0xfe00,0xfe00,0x1082,0x1082,0x1082,0x1082,0x0000,0x0000,0x0000,
    0x0000,0x0000,0x0000,0x0000,0x0000,0x0000,0x0000,0x0000,0x0000,0x0000,0x0000,0x0000,0x0000,0x0000,0x0000,0x0000,
    0x0000,0x0000,0x0000,0x0000,0x0000,0x0000,0x0000,0x0000,0x0000,0x0000,0x0000,0x0000,0x0000,0x0000,0x0000,0x0000,
    0x0000,0x0000,0x0000,0x1082,0x1082,0x59c4,0x1082,0x1082,0x1082,0x1082,0xfe00,0xfe00,0xfe00,0xfe00,0xfe00,0xfe00,
    0xfe00,0xfe00,0xfe00,0x1082,0x1082,0x1082,0x1082,0x1082,0x1082,0x1082,0x1082,0x1082,0x1082,0x1082,0xfe00,0xfe00,
    0xfe00,0xfe00,0xfe00,0xfe00,0xfe00,0xfe00,0xfe00,0x1082,0x1082,0x1082,0x1082,0x59c4,0x1082,0x1082,0x0000,0x0000,
    0x0000,0x0000,0x0000,0x0000,0x0000,0x0000,0x0000,0x0000,0x0000,0x0000,0x0000,0x0000,0x0000,0x0000,0x0000,0x0000,
    0x0000,0x0000,0x0000,0x0000,0x0000,0x0000,0x0000,0x0000,0x0000,0x0000,0x0000,0x0000,0x0000,0x0000,0x0000,0x0000,
    0x0000,0x0000,0x0000,0x1082,0x59c4,0x59c4,0x59c4,0x59c4,0x1082,0x1082,0x1082,0x1082,0xfe00,0xfe00,0xfe00,0xfe00,
    0xfe00,0xfe00,0xfe00,0xfe00,0xfe00,0xfe00,0xfe00,0xfe00,0x1082,0xfe00,0xfe00,0xfe00,0xfe00,0xfe00,0xfe00,0xfe00,
    0xfe00,0xfe00,0xfe00,0xfe00,0xfe00,0x1082,0x1082,0x1082,0x1082,0x59c4,0x59c4,0x59c4,0x59c4,0x1082,0x0000,0x0000,
    0x0000,0x0000,0x0000,0x0000,0x0000,0x0000,0x0000,0x0000,0x0000,0x0000,0x0000,0x0000,0x0000,0x0000,0x0000,0x0000,
    0x0000,0x0000,0x0000,0x0000,0x0000,0x0000,0x0000,0x0000,0x0000,0x0000,0x0000,0x0000,0x0000,0x0000,0x0000,0x0000,
    0x0000,0x0000,0x1082,0x1082,0x1082,0x59c4,0x59c4,0x59c4,0x59c4,0x1082,0x1082,0x1082,0x1082,0x1082,0xfe00,0xfe00,
    0xfe00,0xfe00,0xfe00,0xfe00,0xfe00,0xfe00,0xfe00,0xfe00,0xfe00,0xfe00,0xfe00,0xfe00,0xfe00,0xfe00,0xfe00,0xfe00,
    0xfe00,0xfe00,0xfe00,0x1082,0x1082,0x1082,0x1082,0x1082,0x59c4,0x59c4,0x59c4,0x59c4,0x1082,0x1082,0x1082,0x0000,
    0x0000,0x0000,0x0000,0x0000,0x0000,0x0000,0x0000,0x0000,0x0000,0x0000,0x0000,0x0000,0x0000,0x0000,0x0000,0x0000,
    0x0000,0x0000,0x0000,0x0000,0x0000,0x0000,0x0000,0x0000,0x0000,0x0000,0x0000,0x0000,0x0000,0x0000,0x0000,0x0000,
    0x0000,0x0000,0x0000,0x1082,0x1082,0x59c4,0x59c4,0x59c4,0x59c4,0x59c4,0x59c4,0x1082,0x1082,0x1082,0x1082,0x1082,
    0x1082,0xfe00,0xfe00,0xfe00,0xfe00,0xfe00,0xfe00,0xfe00,0xfe00,0xfe00,0xfe00,0xfe00,0xfe00,0xfe00,0xfe00,0xfe00,
    0x1082,0x1082,0x1082,0x1082,0x1082,0x1082,0x59c4,0x59c4,0x59c4,0x59c4,0x59c4,0x59c4,0x1082,0x1082,0x0000,0x0000,
    0x0000,0x0000,0x0000,0x0000,0x0000,0x0000,0x0000,0x0000,0x0000,0x0000,0x0000,0x0000,0x0000,0x0000,0x0000,0x0000,
    0x0000,0x0000,0x0000,0x0000,0x0000,0x0000,0x0000,0x0000,0x0000,0x0000,0x0000,0x0000,0x0000,0x0000,0x0000,0x0000,
    0x0000,0x0000,0x0000,0x1082,0x1082,0x1082,0x1082,0x59c4,0x59c4,0x59c4,0x59c4,0x59c4,0x59c4,0x59c4,0x1082,0x1082,
    0x1082,0x1082,0x1082,0x1082,0x1082,0x1082,0x1082,0x1082,0xfe00,0x1082,0x1082,0x1082,0x1082,0x1082,0x1082,0x1082,
    0x1082,0x1082,0x1082,0x59c4,0x59c4,0x59c4,0x59c4,0x59c4,0x59c4,0x59c4,0x1082,0x1082,0x1082,0x1082,0x0000,0x0000,
    0x0000,0x0000,0x0000,0x0000,0x0000,0x0000,0x0000,0x0000,0x0000,0x0000,0x0000,0x0000,0x0000,0x0000,0x0000,0x0000,
    0x0000,0x0000,0x0000,0x0000,0x0000,0x0000,0x0000,0x0000,0x0000,0x0000,0x0000,0x0000,0x0000,0x0000,0x0000,0x0000,
    0x0000,0x0000,0x0000,0x0000,0x1082,0x1082,0x1082,0x1082,0x1082,0x1082,0x1082,0x59c4,0x1082,0x1082,0x1082,0x1082,
    0x1082,0x1082,0x1082,0x1082,0x1082,0x1082,0x1082,0x1082,0x1082,0x1082,0x1082,0x1082,0x1082,0x1082,0x1082,0x1082,
    0x1082,0x1082,0x1082,0x1082,0x1082,0x59c4,0x1082,0x1082,0x1082,0x1082,0x1082,0x1082,0x1082,0x0000,0x0000,0x0000,
    0x0000,0x0000,0x0000,0x0000,0x0000,0x0000,0x0000,0x0000,0x0000,0x0000,0x0000,0x0000,0x0000,0x0000,0x0000,0x0000,
    0x0000,0x0000,0x0000,0x0000,0x0000,0x0000,0x0000,0x0000,0x0000,0x0000,0x0000,0x0000,0x0000,0x0000,0x0000,0x0000,
    0x0000,0x0000,0x0000,0x0000,0x0000,0x0000,0x1082,0x1082,0x1082,0x1082,0x1082,0x1082,0x1082,0x1082,0x1082,0x1082,
    0x1082,0x0000,0x0000,0x0000,0x0000,0x0000,0x0000,0x0000,0x1082,0x0000,0x0000,0x0000,0x0000,0x0000,0x0000,0x0000,
    0x1082,0x1082,0x1082,0x1082,0x1082,0x1082,0x1082,0x1082,0x1082,0x1082,0x1082,0x0000,0x0000,0x0000,0x0000,0x0000,
    0x0000,0x0000,0x0000,0x0000,0x0000,0x0000,0x0000,0x0000,0x0000,0x0000,0x0000,0x0000,0x0000,0x0000,0x0000,0x0000,
    0x0000,0x0000,0x0000,0x0000,0x0000,0x0000,0x0000,0x0000,0x0000,0x0000,0x0000,0x0000,0x0000,0x0000,0x0000,0x0000,
    0x0000,0x0000,0x0000,0x0000,0x0000,0x0000,0x0000,0x0000,0x0000,0x0000,0x0000,0x1082,0x0000,0x0000,0x0000,0x0000,
    0x0000,0x0000,0x0000,0x0000,0x0000,0x0000,0x0000,0x0000,0x0000,0x0000,0x0000,0x0000,0x0000,0x0000,0x0000,0x0000,
    0x0000,0x0000,0x0000,0x0000,0x0000,0x1082,0x0000,0x0000,0x0000,0x0000,0x0000,0x0000,0x0000,0x0000,0x0000,0x0000,
    0x0000,0x0000,0x0000,0x0000,0x0000,0x0000,0x0000,0x0000,0x0000,0x0000,0x0000,0x0000,0x0000,0x0000,0x0000,0x0000,
    0x0000,0x0000,0x0000,0x0000,0x0000,0x0000,0x0000,0x0000,0x0000,0x0000,0x0000,0x0000,0x0000,0x0000,0x0000,0x0000,
    0x0000,0x0000,0x0000,0x0000,0x0000,0x0000,0x0000,0x0000,0x0000,0x0000,0x0000,0x0000,0x0000,0x0000,0x0000,0x0000,
    0x0000,0x0000,0x0000,0x0000,0x0000,0x0000,0x0000,0x0000,0x0000,0x0000,0x0000,0x0000,0x0000,0x0000,0x0000,0x0000,
    0x0000,0x0000,0x0000,0x0000,0x0000,0x0000,0x0000,0x0000,0x0000,0x0000,0x0000,0x0000,0x0000,0x0000,0x0000,0x0000,
    0x0000,0x0000,0x0000,0x0000,0x0000,0x0000,0x0000,0x0000,0x0000,0x0000,0x0000,0x0000,0x0000,0x0000,0x0000,0x0000,
    0x0000,0x0000,0x0000,0x0000,0x0000,0x0000,0x0000,0x0000,0x0000,0x0000,0x0000,0x0000,0x0000,0x0000,0x0000,0x0000,
    0x0000,0x0000,0x0000,0x0000,0x0000,0x0000,0x0000,0x0000,0x0000,0x0000,0x0000,0x0000,0x0000,0x0000,0x0000,0x0000,
    0x0000,0x0000,0x0000,0x0000,0x0000,0x0000,0x0000,0x0000,0x0000,0x0000,0x0000,0x0000,0x0000,0x0000,0x0000,0x0000,
    0x0000,0x0000,0x0000,0x0000,0x0000,0x0000,0x0000,0x0000,0x0000,0x0000,0x0000,0x0000,0x0000,0x0000,0x0000,0x0000,
    0x0000,0x0000,0x0000,0x0000,0x0000,0x0000,0x0000,0x0000,0x0000,0x0000,0x0000,0x0000,0x0000,0x0000,0x0000,0x0000,
    0x0000,0x0000,0x0000,0x0000,0x0000,0x0000,0x0000,0x0000,0x0000,0x0000,0x0000,0x0000,0x0000,0x0000,0x0000,0x0000,
    0x0000,0x0000,0x0000,0x0000,0x0000,0x0000,0x0000,0x0000,0x0000,0x0000,0x0000,0x0000,0x0000,0x0000,0x0000,0x0000,
    0x0000,0x0000,0x0000,0x0000,0x0000,0x0000,0x0000,0x0000,0x0000,0x0000,0x0000,0x0000,0x0000,0x0000,0x0000,0x0000,
    0x0000,0x0000,0x0000,0x0000,0x0000,0x0000,0x0000,0x0000,0x0000,0x0000,0x0000,0x0000,0x0000,0x0000,0x0000,0x0000,
    0x0000,0x0000,0x0000,0x0000,0x0000,0x0000,0x0000,0x0000,0x0000,0x0000,0x0000,0x0000,0x0000,0x0000,0x0000,0x0000,
    0x0000,0x0000,0x0000,0x0000,0x0000,0x0000,0x0000,0x0000,0x0000,0x0000,0x0000,0x0000,0x0000,0x0000,0x0000,0x0000,
    0x0000,0x0000,0x0000,0x0000,0x0000,0x0000,0x0000,0x0000,0x0000,0x0000,0x0000,0x0000,0x0000,0x0000,0x0000,0x0000,
    0x0000,0x0000,0x0000,0x0000,0x0000,0x0000,0x0000,0x0000,0x0000,0x0000,0x0000,0x0000,0x0000,0x0000,0x0000,0x0000,
    0x0000,0x0000,0x0000,0x0000,0x0000,0x0000,0x0000,0x0000,0x0000,0x0000,0x0000,0x0000,0x0000,0x0000,0x0000,0x0000,
    0x0000,0x0000,0x0000,0x0000,0x0000,0x0000,0x0000,0x0000,0x0000,0x0000,0x0000,0x0000,0x0000,0x0000,0x0000,0x0000,
    0x0000,0x0000,0x0000,0x0000,0x0000,0x0000,0x0000,0x0000,0x0000,0x0000,0x0000,0x0000,0x0000,0x0000,0x0000,0x0000,
    0x0000,0x0000,0x0000,0x0000,0x0000,0x0000,0x0000,0x0000,0x0000,0x0000,0x0000,0x0000,0x0000,0x0000,0x0000,0x0000,
    0x0000,0x0000,0x0000,0x0000,0x0000,0x0000,0x0000,0x0000,0x0000,0x0000,0x0000,0x0000,0x0000,0x0000,0x0000,0x0000,
    0x0000,0x0000,0x0000,0x0000,0x0000,0x0000,0x0000,0x0000,0x0000,0x0000,0x0000,0x0000,0x0000,0x0000,0x0000,0x0000,
    0x0000,0x0000,0x0000,0x0000,0x0000,0x0000,0x0000,0x0000,0x0000,0x0000,0x0000,0x0000,0x0000,0x0000,0x0000,0x0000,
    0x0000,0x0000,0x0000,0x0000,0x0000,0x0000,0x0000,0x0000,0x0000,0x0000,0x0000,0x0000,0x0000,0x0000,0x0000,0x0000,
    0x0000,0x0000,0x0000,0x0000,0x0000,0x0000,0x0000,0x0000,0x0000,0x0000,0x0000,0x0000,0x0000,0x0000,0x0000,0x0000,
    0x0000,0x0000,0x0000,0x0000,0x0000,0x0000,0x0000,0x0000,0x0000,0x0000,0x0000,0x0000,0x0000,0x0000,0x0000,0x0000,
    0x0000,0x0000,0x0000,0x0000,0x0000,0x0000,0x0000,0x0000,0x0000,0x0000,0x0000,0x0000,0x0000,0x0000,0x0000,0x0000,
    0x0000,0x0000,0x0000,0x0000,0x0000,0x0000,0x0000,0x0000,0x0000,0x0000,0x0000,0x0000,0x0000,0x0000,0x0000,0x0000,
    0x0000,0x0000,0x0000,0x0000,0x0000,0x0000,0x0000,0x0000,0x0000,0x0000,0x0000,0x0000,0x0000,0x0000,0x0000,0x0000,
    0x0000,0x0000,0x0000,0x0000,0x0000,0x0000,0x0000,0x0000,0x0000,0x0000,0x0000,0x0000,0x0000,0x0000,0x0000,0x0000,
    0x0000,0x0000,0x0000,0x0000,0x0000,0x0000,0x0000,0x0000,0x0000,0x0000,0x0000,0x0000,0x0000,0x0000,0x0000,0x0000,
    0x0000,0x0000,0x0000,0x0000,0x0000,0x0000,0x0000,0x0000,0x0000,0x0000,0x0000,0x0000,0x0000,0x0000,0x0000,0x0000,
    0x0000,0x0000,0x0000,0x0000,0x0000,0x0000,0x0000,0x0000,0x0000,0x0000,0x0000,0x0000,0x0000,0x0000,0x0000,0x0000,
  },
  // hungry frame 0
  {
    0x0000,0x0000,0x0000,0x0000,0x0000,0x0000,0x0000,0x0000,0x0000,0x0000,0x0000,0x0000,0x0000,0x0000,0x0000,0x0000,
    0x0000,0x0000,0x0000,0x0000,0x0000,0x0000,0x0000,0x0000,0x0000,0x0000,0x0000,0x0000,0x0000,0x0000,0x0000,0x0000,
    0x0000,0x0000,0x0000,0x0000,0x0000,0x0000,0x0000,0x0000,0x0000,0x0000,0x0000,0x0000,0x0000,0x0000,0x0000,0x0000,
    0x0000,0x0000,0x0000,0x0000,0x0000,0x0000,0x0000,0x0000,0x0000,0x0000,0x0000,0x0000,0x0000,0x0000,0x0000,0x0000,
    0x0000,0x0000,0x0000,0x0000,0x0000,0x0000,0x0000,0x0000,0x0000,0x0000,0x0000,0x0000,0x0000,0x0000,0x0000,0x0000,
    0x0000,0x0000,0x0000,0x0000,0x0000,0x0000,0x0000,0x0000,0x0000,0x0000,0x0000,0x0000,0x0000,0x0000,0x0000,0x0000,
    0x0000,0x0000,0x0000,0x0000,0x0000,0x0000,0x0000,0x0000,0x0000,0x0000,0x0000,0x0000,0x0000,0x0000,0x0000,0x0000,
    0x0000,0x0000,0x0000,0x0000,0x0000,0x0000,0x0000,0x0000,0x0000,0x0000,0x0000,0x0000,0x0000,0x0000,0x0000,0x0000,
    0x0000,0x0000,0x0000,0x0000,0x0000,0x0000,0x0000,0x0000,0x0000,0x0000,0x0000,0x0000,0x0000,0x0000,0x0000,0x0000,
    0x0000,0x0000,0x0000,0x0000,0x0000,0x0000,0x0000,0x0000,0x0000,0x0000,0x0000,0x0000,0x0000,0x0000,0x0000,0x0000,
    0x0000,0x0000,0x0000,0x0000,0x0000,0x0000,0x0000,0x0000,0x0000,0x0000,0x0000,0x0000,0x0000,0x0000,0x0000,0x0000,
    0x0000,0x0000,0x0000,0x0000,0x0000,0x0000,0x0000,0x0000,0x0000,0x0000,0x0000,0x0000,0x0000,0x0000,0x0000,0x0000,
    0x0000,0x0000,0x0000,0x0000,0x0000,0x0000,0x0000,0x0000,0x0000,0x0000,0x0000,0x0000,0x0000,0x0000,0x0000,0x0000,
    0x0000,0x0000,0x0000,0x0000,0x0000,0x0000,0x0000,0x0000,0x0000,0x0000,0x0000,0x0000,0x0000,0x0000,0x0000,0x0000,
    0x0000,0x0000,0x0000,0x0000,0x0000,0x0000,0x0000,0x0000,0x0000,0x0000,0x0000,0x0000,0x0000,0x0000,0x0000,0x0000,
    0x0000,0x0000,0x0000,0x0000,0x0000,0x0000,0x0000,0x0000,0x0000,0x0000,0x0000,0x0000,0x0000,0x0000,0x0000,0x0000,
    0x0000,0x0000,0x0000,0x0000,0x0000,0x0000,0x0000,0x0000,0x0000,0x0000,0x0000,0x0000,0x0000,0x0000,0x0000,0x0000,
    0x0000,0x0000,0x0000,0x0000,0x0000,0x0000,0x0000,0x0000,0x0000,0x0000,0x0000,0x0000,0x0000,0x0000,0x0000,0x0000,
    0x0000,0x0000,0x0000,0x0000,0x0000,0x0000,0x0000,0x0000,0x0000,0x0000,0x0000,0x0000,0x0000,0x0000,0x0000,0x0000,
    0x0000,0x0000,0x0000,0x0000,0x0000,0x0000,0x0000,0x0000,0x0000,0x0000,0x0000,0x0000,0x0000,0x0000,0x0000,0x0000,
    0x0000,0x0000,0x0000,0x0000,0x0000,0x0000,0x0000,0x0000,0x0000,0x0000,0x0000,0x0000,0x0000,0x0000,0x0000,0x0000,
    0x0000,0x0000,0x0000,0x0000,0x0000,0x0000,0x0000,0x0000,0x0000,0x0000,0x0000,0x0000,0x0000,0x0000,0x0000,0x0000,
    0x0000,0x0000,0x0000,0x0000,0x0000,0x0000,0x0000,0x0000,0x0000,0x0000,0x0000,0x0000,0x0000,0x0000,0x0000,0x0000,
    0x0000,0x0000,0x0000,0x0000,0x0000,0x0000,0x0000,0x0000,0x0000,0x0000,0x0000,0x0000,0x0000,0x0000,0x0000,0x0000,
    0x0000,0x0000,0x0000,0x0000,0x0000,0x0000,0x0000,0x0000,0x0000,0x0000,0x0000,0x0000,0x0000,0x0000,0x0000,0x0000,
    0x0000,0x0000,0x0000,0x0000,0x0000,0x0000,0x0000,0x0000,0x0000,0x0000,0x0000,0x0000,0x0000,0x0000,0x0000,0x0000,
    0x0000,0x0000,0x0000,0x0000,0x0000,0x0000,0x0000,0x0000,0x0000,0x0000,0x0000,0x0000,0x0000,0x0000,0x0000,0x0000,
    0x0000,0x0000,0x0000,0x0000,0x0000,0x0000,0x0000,0x0000,0x0000,0x0000,0x0000,0x0000,0x0000,0x0000,0x0000,0x0000,
    0x0000,0x0000,0x0000,0x0000,0x0000,0x0000,0x0000,0x0000,0x0000,0x0000,0x0000,0x0000,0x0000,0x0000,0x0000,0x0000,
    0x0000,0x0000,0x0000,0x0000,0x0000,0x0000,0x0000,0x0000,0x0000,0x0000,0x0000,0x0000,0x0000,0x0000,0x0000,0x0000,
    0x0000,0x0000,0x0000,0x0000,0x0000,0x0000,0x0000,0x0000,0x0000,0x0000,0x0000,0x0000,0x0000,0x0000,0x0000,0x0000,
    0x0000,0x0000,0x0000,0x0000,0x0000,0x0000,0x0000,0x0000,0x0000,0x0000,0x0000,0x0000,0x0000,0x0000,0x0000,0x0000,
    0x0000,0x0000,0x0000,0x0000,0x0000,0x0000,0x0000,0x1082,0x1082,0x1082,0x0000,0x0000,0x0000,0x0000,0x0000,0x0000,
    0x0000,0x0000,0x0000,0x0000,0x0000,0x0000,0x0000,0x0000,0x0000,0x0000,0x0000,0x0000,0x0000,0x0000,0x0000,0x0000,
    0x0000,0x0000,0x0000,0x0000,0x0000,0x0000,0x0000,0x0000,0x0000,0x0000,0x0000,0x0000,0x0000,0x0000,0x0000,0x0000,
    0x0000,0x0000,0x0000,0x0000,0x0000,0x0000,0x0000,0x0000,0x0000,0x0000,0x0000,0x0000,0x0000,0x0000,0x0000,0x0000,
    0x0000,0x0000,0x0000,0x0000,0x0000,0x0000,0x0000,0x0000,0x0000,0x0000,0x0000,0x0000,0x0000,0x0000,0x0000,0x0000,
    0x0000,0x0000,0x0000,0x0000,0x0000,0x0000,0x0000,0xfac4,0xfac4,0xfac4,0x0000,0x0000,0x0000,0x0000,0x0000,0x0000,
    0x0000,0x0000,0x0000,0x0000,0x0000,0x0000,0x0000,0x0000,0x0000,0x0000,0x0000,0x0000,0x0000,0x0000,0x0000,0x0000,
    0x0000,0x0000,0x0000,0x0000,0x0000,0x0000,0x0000,0x0000,0x0000,0x0000,0x0000,0x0000,0x0000,0x0000,0x0000,0x0000,
    0x0000,0x0000,0x0000,0x0000,0x0000,0x0000,0x0000,0x0000,0x0000,0x0000,0x0000,0x0000,0x0000,0x0000,0x0000,0x0000,
    0x0000,0x0000,0x0000,0x0000,0x0000,0x0000,0x0000,0x0000,0x0000,0x0000,0x0000,0x0000,0x0000,0x0000,0x0000,0x0000,
    0x0000,0x0000,0x0000,0x0000,0x0000,0x0000,0x1082,0xfac4,0xfac4,0xfac4,0x1082,0x0000,0x0000,0x0000,0x0000,0x0000,
    0x0000,0x0000,0x0000,0x0000,0x0000,0x0000,0x0000,0x0000,0x0000,0x0000,0x0000,0x0000,0x0000,0x0000,0x0000,0x0000,
    0x0000,0x0000,0x0000,0x0000,0x0000,0x0000,0x0000,0x0000,0x0000,0x0000,0x0000,0x0000,0x0000,0x0000,0x0000,0x0000,
    0x0000,0x0000,0x0000,0x0000,0x0000,0x0000,0x0000,0x0000,0x0000,0x0000,0x0000,0x0000,0x0000,0x0000,0x0000,0x0000,
    0x0000,0x0000,0x0000,0x0000,0x0000,0x0000,0x0000,0x0000,0x0000,0x0000,0x0000,0x0000,0x0000,0x0000,0x0000,0x0000,
    0x0000,0x0000,0x0000,0x0000,0x0000,0x0000,0x1082,0xfac4,0xfac4,0xfac4,0x1082,0x0000,0x0000,0x0000,0x0000,0x0000,
    0x0000,0x0000,0x0000,0x0000,0x0000,0x0000,0x0000,0x0000,0x0000,0x0000,0x0000,0x0000,0x0000,0x0000,0x0000,0x0000,
    0x0000,0x0000,0x0000,0x0000,0x0000,0x0000,0x0000,0x0000,0x0000,0x0000,0x0000,0x0000,0x0000,0x0000,0x0000,0x0000,
    0x0000,0x0000,0x0000,0x0000,0x0000,0x0000,0x0000,0x0000,0x0000,0x0000,0x0000,0x0000,0x0000,0x0000,0x0000,0x0000,
    0x0000,0x0000,0x0000,0x0000,0x0000,0x0000,0x0000,0x0000,0x0000,0x0000,0x0000,0x0000,0x0000,0x0000,0x0000,0x0000,
    0x0000,0x1082,0x1082,0x1082,0x1082,0x1082,0xfac4,0xfac4,0xfac4,0xfac4,0xfac4,0x1082,0x1082,0x1082,0x1082,0x1082,
    0x0000,0x0000,0x0000,0x0000,0x0000,0x0000,0x0000,0x0000,0x0000,0x0000,0x0000,0x0000,0x0000,0x0000,0x0000,0x0000,
    0x0000,0x0000,0x0000,0x0000,0x0000,0x0000,0x0000,0x0000,0x0000,0x0000,0x0000,0x0000,0x0000,0x0000,0x0000,0x0000,
    0x0000,0x0000,0x0000,0x0000,0x0000,0x0000,0x0000,0x0000,0x0000,0x0000,0x0000,0x0000,0x0000,0x0000,0x0000,0x0000,
    0x0000,0x0000,0x0000,0x0000,0x0000,0x0000,0x0000,0x0000,0x0000,0x0000,0x0000,0x0000,0x0000,0x0000,0x1082,0x1082,
    0x1082,0x1082,0x1082,0x1082,0x1082,0x1082,0xfac4,0xfac4,0xfac4,0xfac4,0xfac4,0x1082,0x1082,0x1082,0x1082,0x1082,
    0x1082,0x1082,0x1082,0x0000,0x0000,0x0000,0x0000,0x0000,0x0000,0x0000,0x0000,0x0000,0x0000,0x0000,0x0000,0x0000,
    0x0000,0x0000,0x0000,0x0000,0x0000,0x0000,0x0000,0x0000,0x0000,0x0000,0x0000,0x0000,0x0000,0x0000,0x0000,0x0000,
    0x0000,0x0000,0x0000,0x0000,0x0000,0x0000,0x0000,0x0000,0x0000,0x0000,0x0000,0x0000,0x0000,0x0000,0x0000,0x0000,
    0x0000,0x0000,0x0000,0x0000,0x0000,0x0000,0x0000,0x0000,0x0000,0x0000,0x0000,0x1082,0x1082,0x1082,0x1082,0x1082,
    0x1082,0xfd00,0xfd00,0xfd00,0xfd00,0x1082,0xfac4,0xfac4,0xfac4,0xfac4,0xfac4,0x1082,0xfd00,0xfd00,0xfd00,0xfd00,
    0x1082,0x1082,0x1082,0x1082,0x1082,0x1082,0x0000,0x0000,0x0000,0x0000,0x0000,0x0000,0x0000,0x0000,0x0000,0x0000,
    0x0000,0x0000,0x0000,0x0000,0x0000,0x0000,0x0000,0x0000,0x0000,0x0000,0x0000,0x0000,0x0000,0x0000,0x0000,0x0000,
    0x0000,0x0000,0x0000,0x0000,0x0000,0x0000,0x0000,0x0000,0x0000,0x0000,0x0000,0x0000,0x0000,0x0000,0x0000,0x0000,
    0x0000,0x0000,0x0000,0x0000,0x0000,0x0000,0x0000,0x0000,0x0000,0x1082,0x1082,0x1082,0x1082,0x1082,0xfd00,0xfd00,
    0xfd00,0xfd00,0xfd00,0xfd00,0xfd00,0x1082,0xfac4,0xfac4,0xfac4,0xfac4,0xfac4,0x1082,0xfd00,0xfd00,0xfd00,0xfd00,
    0xfd00,0xfd00,0xfd00,0x1082,0x1082,0x1082,0x1082,0x1082,0x0000,0x0000,0x0000,0x0000,0x0000,0x0000,0x0000,0x0000,
    0x0000,0x0000,0x0000,0x0000,0x0000,0x0000,0x0000,0x0000,0x0000,0x0000,0x0000,0x0000,0x0000,0x0000,0x0000,0x0000,
    0x0000,0x0000,0x0000,0x0000,0x0000,0x0000,0x0000,0x0000,0x0000,0x0000,0x0000,0x0000,0x0000,0x0000,0x0000,0x0000,
    0x0000,0x0000,0x0000,0x0000,0x0000,0x0000,0x0000,0x0000,0x1082,0x1082,0x1082,0x1082,0xfd00,0xfd00,0xfd00,0xfd00,
    0xfd00,0xfd00,0xfd00,0xfd00,0xfd00,0x1082,0xfac4,0xfac4,0xfac4,0xfac4,0xfac4,0x1082,0xfd00,0xfd00,0xfd00,0xfd00,
    0xfd00,0xfd00,0xfd00,0xfd00,0xfd00,0x1082,0x1082,0x1082,0x1082,0x0000,0x0000,0x0000,0x0000,0x0000,0x0000,0x0000,
    0x0000,0x0000,0x0000,0x0000,0x0000,0x0000,0x0000,0x0000,0x0000,0x0000,0x0000,0x0000,0x0000,0x0000,0x0000,0x0000,
    0x0000,0x0000,0x0000,0x0000,0x0000,0x0000,0x0000,0x0000,0x0000,0x0000,0x0000,0x0000,0x0000,0x0000,0x0000,0x0000,
    0x0000,0x0000,0x0000,0x0000,0x0000,0x0000,0x1082,0x1082,0x1082,0x1082,0xfd00,0xfd00,0xfd00,0xfd00,0xfd00,0xfd00,
    0xfd00,0xfd00,0xfd00,0xfd00,0xfd00,0x1082,0x1082,0x1082,0xfd00,0x1082,0x1082,0x1082,0xfd00,0xfd00,0xfd00,0xfd00,
    0xfd00,0xfd00,0xfd00,0xfd00,0xfd00,0xfd00,0xfd00,0x1082,0x1082,0x1082,0x1082,0x0000,0x0000,0x0000,0x0000,0x0000,
    0x0000,0x0000,0x0000,0x0000,0x0000,0x0000,0x0000,0x0000,0x0000,0x0000,0x0000,0x0000,0x0000,0x0000,0x0000,0x0000,
    0x0000,0x0000,0x0000,0x0000,0x0000,0x0000,0x0000,0x0000,0x0000,0x0000,0x0000,0x0000,0x0000,0x0000,0x0000,0x0000,
    0x0000,0x0000,0x0000,0x0000,0x0000,0x1082,0x1082,0x1082,0x1082,0x1082,0x1082,0x1082,0x1082,0xfd00,0xfd00,0xfd00,
    0xfd00,0xfd00,0xfd00,0xfd00,0xfd00,0xfd00,0xfd00,0xfd00,0xfd00,0xfd00,0xfd00,0xfd00,0xfd00,0xfd00,0xfd00,0xfd00,
    0xfd00,0xfd00,0xfd00,0xfd00,0x1082,0x1082,0x1082,0x1082,0x1082,0x1082,0x1082,0x1082,0x0000,0x0000,0x0000,0x0000,
    0x0000,0x0000,0x0000,0x0000,0x0000,0x0000,0x0000,0x0000,0x0000,0x0000,0x0000,0x0000,0x0000,0x0000,0x0000,0x0000,
    0x0000,0x0000,0x0000,0x0000,0x0000,0x0000,0x0000,0x0000,0x0000,0x0000,0x0000,0x0000,0x0000,0x0000,0x0000,0x0000,
    0x0000,0x0000,0x0000,0x0000,0x1082,0x1082,0x1082,0x1082,0x1082,0x1082,0x1082,0x1082,0x1082,0x1082,0xfd00,0xfd00,
    0xfd00,0xfd00,0xfd00,0xfd00,0xfd00,0xfd00,0xfd00,0xfd00,0xfd00,0xfd00,0xfd00,0xfd00,0xfd00,0xfd00,0xfd00,0xfd00,
    0xfd00,0xfd00,0xfd00,0x1082,0x1082,0x1082,0x1082,0x1082,0x1082,0x1082,0x1082,0x1082,0x1082,0x0000,0x0000,0x0000,
    0x0000,0x0000,0x0000,0x0000,0x0000,0x0000,0x0000,0x0000,0x0000,0x0000,0x0000,0x0000,0x0000,0x0000,0x0000,0x0000,
    0x0000,0x0000,0x0000,0x0000,0x0000,0x0000,0x0000,0x0000,0x0000,0x0000,0x0000,0x0000,0x0000,0x0000,0x0000,0x0000,
    0x0000,0x0000,0x0000,0x1082,0x1082,0x1082,0x1082,0x1082,0x1082,0xfac4,0x1082,0x1082,0x1082,0x1082,0x1082,0xfd00,
    0xfd00,0xfd00,0xfd00,0xfd00,0xfd00,0xfd00,0xfd00,0xfd00,0xfd00,0xfd00,0xfd00,0xfd00,0xfd00,0xfd00,0xfd00,0xfd00,
    0xfd00,0xfd00,0x1082,0x1082,0x1082,0x1082,0x1082,0xfac4,0x1082,0x1082,0x1082,0x1082,0x1082,0x1082,0x0000,0x0000,
    0x0000,0x0000,0x0000,0x0000,0x0000,0x0000,0x0000,0x0000,0x0000,0x0000,0x0000,0x0000,0x0000,0x0000,0x0000,0x0000,
    0x0000,0x0000,0x0000,0x0000,0x0000,0x0000,0x0000,0x0000,0x0000,0x0000,0x0000,0x0000,0x0000,0x0000,0x0000,0x0000,
    0x0000,0x0000,0x1082,0x1082,0x1082,0x1082,0x1082,0xfac4,0xfac4,0xfac4,0xfac4,0xfac4,0x1082,0x1082,0x1082,0x1082,
    0xfd00,0xfd00,0xfd00,0xfd00,0xfd00,0xfd00,0xfd00,0xfd00,0xfd00,0xfd00,0xfd00,0xfd00,0xfd00,0xfd00,0xfd00,0xfd00,
    0xfd00,0x1082,0x1082,0x1082,0x1082,0xfac4,0xfac4,0xfac4,0xfac4,0xfac4,0x1082,0x1082,0x1082,0x1082,0x1082,0x0000,
    0x0000,0x0000,0x0000,0x0000,0x0000,0x0000,0x0000,0x0000,0x0000,0x0000,0x0000,0x0000,0x0000,0x0000,0x0000,0x0000,
    0x0000,0x0000,0x0000,0x0000,0x0000,0x0000,0x0000,0x0000,0x0000,0x0000,0x0000,0x0000,0x0000,0x0000,0x0000,0x0000,
    0x0000,0x1082,0x1082,0x1082,0x1082,0x1082,0xfac4,0xfac4,0xfac4,0xfac4,0xfac4,0xfac4,0xfac4,0x1082,0x1082,0x1082,
    0xfd00,0xfd00,0xfd00,0xfd00,0xfd00,0xfd00,0xfd00,0xfd00,0xfd00,0xfd00,0xfd00,0xfd00,0xfd00,0xfd00,0xfd00,0xfd00,
    0xfd00,0x1082,0x1082,0x1082,0xfac4,0xfac4,0xfac4,0xfac4,0xfac4,0xfac4,0xfac4,0x1082,0x1082,0x1082,0x1082,0x1082,
    0x0000,0x0000,0x0000,0x0000,0x0000,0x0000,0x0000,0x0000,0x0000,0x0000,0x0000,0x0000,0x0000,0x0000,0x0000,0x0000,
    0x0000,0x0000,0x0000,0x0000,0x0000,0x0000,0x0000,0x0000,0x0000,0x0000,0x0000,0x0000,0x0000,0x0000,0x0000,0x0000,
    0x1082,0x1082,0x1082,0x1082,0x1082,0x1082,0xfac4,0xfac4,0xfac4,0xfac4,0xfac4,0xfac4,0xfac4,0x1082,0x1082,0x1082,
    0xfd00,0xfd00,0xfd00,0xfd00,0xfd00,0xfd00,0xfd00,0xfd00,0xfd00,0xfd00,0xfd00,0xfd00,0xfd00,0xfd00,0xfd00,0xfd00,
    0xfd00,0x1082,0x1082,0x1082,0xfac4,0xfac4,0xfac4,0xfac4,0xfac4,0xfac4,0xfac4,0x1082,0x1082,0x1082,0x1082,0x1082,
    0x1082,0x0000,0x0000,0x0000,0x0000,0x0000,0x0000,0x0000,0x0000,0x0000,0x0000,0x0000,0x0000,0x0000,0x0000,0x0000,
    0x0000,0x0000,0x0000,0x0000,0x0000,0x0000,0x0000,0x0000,0x0000,0x0000,0x0000,0x0000,0x0000,0x0000,0x0000,0x1082,
    0x1082,0x1082,0x1082,0x1082,0x1082,0xfac4,0xfac4,0xfac4,0xfac4,0xfac4,0xfac4,0xfac4,0xfac4,0xfac4,0x1082,0x1082,
    0x1082,0xfd00,0xfd00,0xfd00,0xfd00,0xfd00,0xfd00,0xfd00,0xfd00,0xfd00,0xfd00,0xfd00,0xfd00,0xfd00,0xfd00,0xfd00,
    0x1082,0x1082,0x1082,0xfac4,0xfac4,0xfac4,0xfac4,0xfac4,0xfac4,0xfac4,0xfac4,0xfac4,0x1082,0x1082,0x1082,0x1082,
    0x1082,0x1082,0x0000,0x0000,0x0000,0x0000,0x0000,0x0000,0x0000,0x0000,0x0000,0x0000,0x0000,0x0000,0x0000,0x0000,
    0x0000,0x0000,0x0000,0x0000,0x0000,0x0000,0x0000,0x0000,0x0000,0x0000,0x0000,0x0000,0x0000,0x0000,0x0000,0x1082,
    0x1082,0xfd00,0xfd00,0x1082,0x1082,0x1082,0xfac4,0xfac4,0xfac4,0xfac4,0xfac4,0xfac4,0xfac4,0x1082,0x1082,0x1082,
    0xfd00,0xfd00,0xfd00,0xfd00,0xfd00,0xfd00,0xfd00,0xfd00,0xfd00,0xfd00,0xfd00,0xfd00,0xfd00,0xfd00,0xfd00,0xfd00,
    0xfd00,0x1082,0x1082,0x1082,0xfac4,0xfac4,0xfac4,0xfac4,0xfac4,0xfac4,0xfac4,0x1082,0x1082,0x1082,0xfd00,0xfd00,
    0x1082,0x1082,0x0000,0x0000,0x0000,0x0000,0x0000,0x0000,0x0000,0x0000,0x0000,0x0000,0x0000,0x0000,0x0000,0x0000,
    0x0000,0x0000,0x0000,0x0000,0x0000,0x0000,0x0000,0x0000,0x0000,0x0000,0x0000,0x0000,0x0000,0x0000,0x1082,0x1082,
    0xfd00,0xfd00,0xfd00,0x1082,0x1082,0x1082,0xfac4,0xfac4,0xfac4,0xfac4,0xfac4,0xfac4,0xfac4,0x1082,0x1082,0x1082,
    0xfd00,0xfd00,0xfd00,0xfd00,0xfd00,0xfd00,0xfd00,0xfd00,0xfd00,0xfd00,0xfd00,0xfd00,0xfd00,0xfd00,0xfd00,0xfd00,
    0xfd00,0x1082,0x1082,0x1082,0xfac4,0xfac4,0xfac4,0xfac4,0xfac4,0xfac4,0xfac4,0x1082,0x1082,0x1082,0xfd00,0xfd00,
    0xfd00,0x1082,0x1082,0x0000,0x0000,0x0000,0x0000,0x0000,0x0000,0x0000,0x0000,0x0000,0x0000,0x0000,0x0000,0x0000,
    0x0000,0x0000,0x0000,0x0000,0x0000,0x0000,0x0000,0x0000,0x0000,0x0000,0x0000,0x0000,0x0000,0x1082,0x1082,0x1082,
    0xfd00,0xfd00,0xfd00,0x1082,0x1082,0x1082,0x1082,0xfac4,0xfac4,0xfac4,0xfac4,0xfac4,0x1082,0x1082,0x1082,0x1082,
    0xfd00,0xfd00,0xfd00,0xfd00,0xfd00,0xfd00,0xfd00,0xfd00,0xfd00,0xfd00,0xfd00,0xfd00,0xfd00,0xfd00,0xfd00,0xfd00,
    0xfd00,0x1082,0x1082,0x1082,0x1082,0xfac4,0xfac4,0xfac4,0xfac4,0xfac4,0x1082,0x1082,0x1082,0x1082,0xfd00,0xfd00,
    0xfd00,0x1082,0x1082,0x1082,0x0000,0x0000,0x0000,0x0000,0x0000,0x0000,0x0000,0x0000,0x0000,0x0000,0x0000,0x0000,
    0x0000,0x0000,0x0000,0x0000,0x0000,0x0000,0x0000,0x0000,0x0000,0x0000,0x0000,0x0000,0x0000,0x1082,0x1082,0xfd00,
    0xfd00,0xfd00,0xfd00,0xfd00,0x1082,0x1082,0x1082,0x1082,0x1082,0xfac4,0x1082,0x1082,0x1082,0x1082,0x1082,0xfd00,
    0xfd00,0xfd00,0xfd00,0xfd00,0xfd00,0xfd00,0xfd00,0xfd00,0xfd00,0xfd00,0xfd00,0xfd00,0xfd00,0xfd00,0xfd00,0xfd00,
    0xfd00,0xfd00,0x1082,0x1082,0x1082,0x1082,0x1082,0xfac4,0x1082,0x1082,0x1082,0x1082,0x1082,0xfd00,0xfd00,0xfd00,
    0xfd00,0xfd00,0x1082,0x1082,0x0000,0x0000,0x0000,0x0000,0x0000,0x0000,0x0000,0x0000,0x0000,0x0000,0x0000,0x0000,
    0x0000,0x0000,0x0000,0x0000,0x0000,0x0000,0x0000,0x0000,0x0000,0x0000,0x0000,0x0000,0x1082,0x1082,0x1082,0xfd00,
    0xfd00,0xfd00,0xfd00,0xfd00,0xfd00,0x1082,0x1082,0x1082,0x1082,0x1082,0x1082,0x1082,0x1082,0x1082,0xfd00,0xfd00,
    0xfd00,0xfd00,0xfd00,0xfd00,0xfd00,0xfd00,0xfd00,0xfd00,0xfd00,0xfd00,0xfd00,0xfd00,0xfd00,0xfd00,0xfd00,0xfd00,
    0xfd00,0xfd00,0xfd00,0x1082,0x1082,0x1082,0x1082,0x1082,0x1082,0x1082,0x1082,0x1082,0xfd00,0xfd00,0xfd00,0xfd00,
    0xfd00,0xfd00,0x1082,0x1082,0x1082,0x0000,0x0000,0x0000,0x0000,0x0000,0x0000,0x0000,0x0000,0x0000,0x0000,0x0000,
    0x0000,0x0000,0x0000,0x0000,0x0000,0x0000,0x0000,0x0000,0x0000,0x0000,0x0000,0x0000,0x1082,0x1082,0xfd00,0xfd00,
    0xfd00,0xfd00,0xfd00,0xfd00,0xfd00,0xfd00,0x1082,0x1082,0x1082,0x1082,0x1082,0x1082,0x1082,0xfd00,0xfd00,0xfd00,
    0xfd00,0xfd00,0xfd00,0xfd00,0xfd00,0xfd00,0xfd00,0xfd00,0xfd00,0xfd00,0xfd00,0xfd00,0xfd00,0xfd00,0xfd00,0xfd00,
    0xfd00,0xfd00,0xfd00,0xfd00,0x1082,0x1082,0x1082,0x1082,0x1082,0x1082,0x1082,0xfd00,0xfd00,0xfd00,0xfd00,0xfd00,
    0xfd00,0xfd00,0xfd00,0x1082,0x1082,0x0000,0x0000,0x0000,0x0000,0x0000,0x0000,0x0000,0x0000,0x0000,0x0000,0x0000,
    0x0000,0x0000,0x0000,0x0000,0x0000,0x0000,0x0000,0x0000,0x0000,0x0000,0x0000,0x0000,0x1082,0x1082,0xfd00,0xfd00,
    0xfd00,0xfd00,0xfd00,0xfd00,0xfd00,0xfd00,0xfd00,0xfd00,0xfd00,0x1082,0xfd00,0xfd00,0xfd00,0xfd00,0xfd00,0xfd00,
    0xfd00,0xfd00,0xfd00,0xfd00,0xfd00,0xfd00,0xfd00,0xfd00,0xfd00,0xfd00,0xfd00,0xfd00,0xfd00,0xfd00,0xfd00,0xfd00,
    0xfd00,0xfd00,0xfd00,0xfd00,0xfd00,0xfd00,0xfd00,0x1082,0xfd00,0xfd00,0xfd00,0xfd00,0xfd00,0xfd00,0xfd00,0xfd00,
    0xfd00,0xfd00,0xfd00,0x1082,0x1082,0x0000,0x0000,0x0000,0x0000,0x0000,0x0000,0x0000,0x0000,0x0000,0x0000,0x0000,
    0x0000,0x0000,0x0000,0x0000,0x0000,0x0000,0x0000,0x0000,0x0000,0x0000,0x0000,0x1082,0x1082,0xfd00,0xfd00,0xfd00,
    0xfd00,0xfd00,0xfd00,0xfd00,0xfd00,0xfd00,0xfd00,0xfd00,0xfd00,0xfd00,0xfd00,0xfd00,0xfd00,0xfd00,0xfd00,0xfd00,
    0xfd00,0xfd00,0xfd00,0xfd00,0xfd00,0xfd00,0xfd00,0xfd00,0xfd00,0xfd00,0xfd00,0xfd00,0xfd00,0xfd00,0xfd00,0xfd00,
    0xfd00,0xfd00,0xfd00,0xfd00,0xfd00,0xfd00,0xfd00,0xfd00,0xfd00,0xfd00,0xfd00,0xfd00,0xfd00,0xfd00,0xfd00,0xfd00,
    0xfd00,0xfd00,0xfd00,0xfd00,0x1082,0x1082,0x0000,0x0000,0x0000,0x0000,0x0000,0x0000,0x0000,0x0000,0x0000,0x0000,
    0x0000,0x0000,0x0000,0x0000,0x0000,0x0000,0x0000,0x0000,0x0000,0x0000,0x0000,0x1082,0x1082,0xfd00,0xfd00,0xfd00,
    0xfd00,0xfd00,0xfd00,0xfd00,0xfd00,0xfd00,0xfd00,0xfd00,0xfd00,0xfd00,0xfd00,0xfd00,0xfd00,0xfd00,0xfd00,0xfd00,
    0xfd00,0xfd00,0xfd00,0xfd00,0xfd00,0xfd00,0xfd00,0xfd00,0xfd00,0xfd00,0xfd00,0xfd00,0xfd00,0xfd00,0xfd00,0xfd00,
    0xfd00,0xfd00,0xfd00,0xfd00,0xfd00,0xfd00,0xfd00,0xfd00,0xfd00,0xfd00,0xfd00,0xfd00,0xfd00,0xfd00,0xfd00,0xfd00,
    0xfd00,0xfd00,0xfd00,0xfd00,0x1082,0x1082,0x0000,0x0000,0x0000,0x0000,0x0000,0x0000,0x0000,0x0000,0x0000,0x0000,
    0x0000,0x0000,0x0000,0x0000,0x0000,0x0000,0x0000,0x0000,0x0000,0x0000,0x0000,0x1082,0x1082,0xfd00,0xfd00,0xfd00,
    0xfd00,0xfd00,0xfd00,0xfd00,0xfd00,0xfd00,0xfd00,0xfd00,0xfd00,0xfd00,0xfd00,0xfd00,0xffff,0xfd00,0xfd00,0xfd00,
    0xfd00,0xfd00,0xfd00,0xfd00,0xfd00,0xfd00,0xfd00,0xfd00,0xfd00,0xfd00,0xfd00,0xfd00,0xfd00,0xfd00,0xfd00,0xfd00,
    0xfd00,0xfd00,0xfd00,0xfd00,0xffff,0xfd00,0xfd00,0xfd00,0xfd00,0xfd00,0xfd00,0xfd00,0xfd00,0xfd00,0xfd00,0xfd00,
    0xfd00,0xfd00,0xfd00,0xfd00,0x1082,0x1082,0x0000,0x0000,0x0000,0x0000,0x0000,0x0000,0x0000,0x0000,0x0000,0x0000,
    0x0000,0x0000,0x0000,0x0000,0x0000,0x0000,0x0000,0x0000,0x0000,0x0000,0x1082,0x1082,0xfd00,0xfd00,0xfd00,0xfd00,
    0xfd00,0xfd00,0xfd00,0xfd00,0xfd00,0xfd00,0xfd00,0xfd00,0xfd00,0xfd00,0xffff,0xffff,0xffff,0xffff,0xffff,0xfd00,
    0xfd00,0xfd00,0xfd00,0xfd00,0xfd00,0xfd00,0xfd00,0xfd00,0xfd00,0xfd00,0xfd00,0xfd00,0xfd00,0xfd00,0xfd00,0xfd00,
    0xfd00,0xfd00,0xffff,0xffff,0xffff,0xffff,0xffff,0xfd00,0xfd00,0xfd00,0xfd00,0xfd00,0xfd00,0xfd00,0xfd00,0xfd00,
    0xfd00,0xfd00,0xfd00,0xfd00,0xfd00,0x1082,0x1082,0x0000,0x0000,0x0000,0x0000,0x0000,0x0000,0x0000,0x0000,0x0000,
    0x0000,0x0000,0x0000,0x0000,0x0000,0x0000,0x0000,0x0000,0x0000,0x0000,0x1082,0x1082,0xfd00,0xfd00,0xfd00,0xfd00,
    0xfd00,0xfd00,0xfd00,0xfd00,0xfd00,0xfd00,0xfd00,0xfd00,0xfd00,0xffff,0xffff,0xffff,0xffff,0xffff,0xffff,0xffff,
    0xfd00,0xfd00,0xfd00,0xfd00,0xfd00,0xfd00,0xfd00,0xfd00,0xfd00,0xfd00,0xfd00,0xfd00,0xfd00,0xfd00,0xfd00,0xfd00,
    0xfd00,0xffff,0xffff,0xffff,0xffff,0xffff,0xffff,0xffff,0xfd00,0xfd00,0xfd00,0xfd00,0xfd00,0xfd00,0xfd00,0xfd00,
    0xfd00,0xfd00,0xfd00,0xfd00,0xfd00,0x1082,0x1082,0x0000,0x0000,0x0000,0x0000,0x0000,0x0000,0x0000,0x0000,0x0000,
    0x0000,0x0000,0x0000,0x0000,0x0000,0x0000,0x0000,0x0000,0x0000,0x0000,0x1082,0x1082,0xfd00,0xfd00,0xfd00,0xfd00,
    0xfd00,0xfd00,0xfd00,0xfd00,0xfd00,0xfd00,0xfd00,0xfd00,0xfd00,0xffff,0xffff,0xffff,0x0000,0xffff,0xffff,0xffff,
    0xfd00,0xfd00,0xfd00,0xfd00,0xfd00,0xfd00,0xfd00,0xfd00,0xfd00,0xfd00,0xfd00,0xfd00,0xfd00,0xfd00,0xfd00,0xfd00,
    0xfd00,0xffff,0xffff,0xffff,0x0000,0xffff,0xffff,0xffff,0xfd00,0xfd00,0xfd00,0xfd00,0xfd00,0xfd00,0xfd00,0xfd00,
    0xfd00,0xfd00,0xfd00,0xfd00,0xfd00,0x1082,0x1082,0x0000,0x0000,0x0000,0x0000,0x0000,0x0000,0x0000,0x0000,0x0000,
    0x0000,0x0000,0x0000,0x0000,0x0000,0x0000,0x0000,0x0000,0x0000,0x0000,0x1082,0x1082,0xfd00,0xfd00,0xfd00,0xfd00,
    0xfd00,0xfd00,0xfd00,0xfd00,0xfd00,0xfd00,0xfd00,0xfd00,0xffff,0xffff,0xffff,0x0000,0x0000,0x0000,0xffff,0xffff,
    0xffff,0xfd00,0xfd00,0xfd00,0xfd00,0xfd00,0xfd00,0xfd00,0xfd00,0xfd00,0xfd00,0xfd00,0xfd00,0xfd00,0xfd00,0xfd00,
    0xffff,0xffff,0xffff,0x0000,0x0000,0x0000,0xffff,0xffff,0xffff,0xfd00,0xfd00,0xfd00,0xfd00,0xfd00,0xfd00,0xfd00,
    0xfd00,0xfd00,0xfd00,0xfd00,0xfd00,0x1082,0x1082,0x0000,0x0000,0x0000,0x0000,0x0000,0x0000,0x0000,0x0000,0x0000,
    0x0000,0x0000,0x0000,0x0000,0x0000,0x0000,0x0000,0x0000,0x0000,0x0000,0x1082,0x1082,0xfd00,0xfd00,0xfd00,0xfd00,
    0xfd00,0xfd00,0xfd00,0xfd00,0xfd00,0xfd00,0xfd00,0xfd00,0xfd00,0xffff,0x0000,0x0000,0x0000,0x0000,0x0000,0xffff,
    0xfd00,0xfd00,0xfd00,0xfd00,0xfd00,0xfd00,0xfd00,0xfd00,0xfd00,0xfd00,0xfd00,0xfd00,0xfd00,0xfd00,0xfd00,0xfd00,
    0xfd00,0xffff,0x0000,0x0000,0x0000,0x0000,0x0000,0xffff,0xfd00,0xfd00,0xfd00,0xfd00,0xfd00,0xfd00,0xfd00,0xfd00,
    0xfd00,0xfd00,0xfd00,0xfd00,0xfd00,0x1082,0x1082,0x0000,0x0000,0x0000,0x0000,0x0000,0x0000,0x0000,0x0000,0x0000,
    0x0000,0x0000,0x0000,0x0000,0x0000,0x0000,0x0000,0x0000,0x0000,0x0000,0x1082,0x1082,0xfd00,0xfd00,0xfd00,0xfd00,
    0xfd00,0xfd00,0xfd00,0xfd00,0xfd00,0xfd00,0xfd00,0xfd00,0xfd00,0xffff,0xffff,0x0000,0x0000,0x0000,0xffff,0xffff,
    0xfd00,0xfd00,0xfd00,0xfd00,0xfd00,0xfd00,0xfd00,0xfd00,0xfd00,0xfd00,0xfd00,0xfd00,0xfd00,0xfd00,0xfd00,0xfd00,
    0xfd00,0xffff,0xffff,0x0000,0x0000,0x0000,0xffff,0xffff,0xfd00,0xfd00,0xfd00,0xfd00,0xfd00,0xfd00,0xfd00,0xfd00,
    0xfd00,0xfd00,0xfd00,0xfd00,0xfd00,0x1082,0x1082,0x0000,0x0000,0x0000,0x0000,0x0000,0x0000,0x0000,0x0000,0x0000,
    0x0000,0x0000,0x0000,0x0000,0x0000,0x0000,0x0000,0x0000,0x0000,0x0000,0x1082,0x1082,0xfd00,0xfd00,0xfd00,0xfd00,
    0xfd00,0xfd00,0xfd00,0xfd00,0xfd00,0xfd00,0xfd00,0xfd00,0xfd00,0xfd00,0xffff,0xffff,0x0000,0xffff,0xffff,0xfd00,
    0xfd00,0xfd00,0xfd00,0xfd00,0xfd00,0xfd00,0xfd00,0xfd00,0xfd00,0xfd00,0xfd00,0xfd00,0xfd00,0xfd00,0xfd00,0xfd00,
    0xfd00,0xfd00,0xffff,0xffff,0x0000,0xffff,0xffff,0xfd00,0xfd00,0xfd00,0xfd00,0xfd00,0xfd00,0xfd00,0xfd00,0xfd00,
    0xfd00,0xfd00,0xfd00,0xfd00,0xfd00,0x1082,0x1082,0x0000,0x0000,0x0000,0x0000,0x0000,0x0000,0x0000,0x0000,0x0000,
    0x0000,0x0000,0x0000,0x0000,0x0000,0x0000,0x0000,0x0000,0x0000,0x1082,0x1082,0xfd00,0xfd00,0xfd00,0xfd00,0xfd00,
    0xfd00,0xfd00,0xfd00,0xfd00,0xfd00,0xfd00,0xfd00,0xfd00,0xfd00,0xfd00,0xfd00,0xfd00,0xffff,0xfd00,0xfd00,0xfd00,
    0xfd00,0xfd00,0xfd00,0xfd00,0xfd00,0xfd00,0xfd00,0xfd00,0xfd00,0xfd00,0xfd00,0xfd00,0xfd00,0xfd00,0xfd00,0xfd00,
    0xfd00,0xfd00,0xfd00,0xfd00,0xffff,0xfd00,0xfd00,0xfd00,0xfd00,0xfd00,0xfd00,0xfd00,0xfd00,0xfd00,0xfd00,0xfd00,
    0xfd00,0xfd00,0xfd00,0xfd00,0xfd00,0xfd00,0x1082,0x1082,0x0000,0x0000,0x0000,0x0000,0x0000,0x0000,0x0000,0x0000,
    0x0000,0x0000,0x0000,0x0000,0x0000,0x0000,0x0000,0x0000,0x0000,0x0000,0x1082,0x1082,0xfd00,0xfd00,0xfd00,0xfd00,
    0xfd00,0xfd00,0xfd00,0xfd00,0xfd00,0xfd00,0xfd00,0xfd00,0xfd00,0xfd00,0xfd00,0xfd00,0xfd00,0xfd00,0xfd00,0xfd00,
    0xfd00,0xfd00,0xfd00,0xfd00,0xfd00,0xfd00,0xfd00,0xfd00,0xfd00,0xfd00,0xfd00,0xfd00,0xfd00,0xfd00,0xfd00,0xfd00,
    0xfd00,0xfd00,0xfd00,0xfd00,0xfd00,0xfd00,0xfd00,0xfd00,0xfd00,0xfd00,0xfd00,0xfd00,0xfd00,0xfd00,0xfd00,0xfd00,
    0xfd00,0xfd00,0xfd00,0xfd00,0xfd00,0x1082,0x1082,0x0000,0x0000,0x0000,0x0000,0x0000,0x0000,0x0000,0x0000,0x0000,
    0x0000,0x0000,0x0000,0x0000,0x0000,0x0000,0x0000,0x0000,0x0000,0x0000,0x1082,0x1082,0xfd00,0xfd00,0xfd00,0xfd00,
    0xfd00,0xfd00,0xfd00,0xfd00,0xfd00,0xfd00,0xfd00,0xfd00,0xfd00,0xfd00,0xfd00,0xfd00,0xfd00,0xfd00,0xfd00,0xfd00,
    0xfd00,0xfd00,0xfd00,0xfd00,0xfd00,0xfd00,0xfd00,0xfd00,0x1082,0xfd00,0xfd00,0xfd00,0xfd00,0xfd00,0xfd00,0xfd00,
    0xfd00,0xfd00,0xfd00,0xfd00,0xfd00,0xfd00,0xfd00,0xfd00,0xfd00,0xfd00,0xfd00,0xfd00,0xfd00,0xfd00,0xfd00,0xfd00,
    0xfd00,0xfd00,0xfd00,0xfd00,0xfd00,0x1082,0x1082,0x1082,0x0000,0x0000,0x0000,0x0000,0x0000,0x0000,0x0000,0x0000,
    0x0000,0x0000,0x0000,0x0000,0x0000,0x0000,0x0000,0x0000,0x0000,0x0000,0x1082,0x1082,0xfd00,0xfd00,0xfd00,0xfd00,
    0xfd00,0xfd00,0xfd00,0xfd00,0xfd00,0xfd00,0xfd00,0xfd00,0xfd00,0xfd00,0xfd00,0xfd00,0xfd00,0xfd00,0xfd00,0xfd00,
    0xfd00,0xfd00,0xfd00,0x1082,0x1082,0x1082,0x1082,0x1082,0x1082,0x1082,0x1082,0x1082,0x1082,0x1082,0xfd00,0xfd00,
    0xfd00,0xfd00,0xfd00,0xfd00,0xfd00,0xfd00,0xfd00,0xfd00,0xfd00,0xfd00,0xfd00,0xfd00,0xfd00,0xfd00,0xfd00,0xfd00,
    0xfd00,0xfd00,0xfd00,0xfd00,0xfd00,0x1082,0x1082,0x1082,0x1082,0x1082,0x0000,0x0000,0x0000,0x0000,0x0000,0x0000,
    0x0000,0x0000,0x0000,0x0000,0x0000,0x0000,0x0000,0x0000,0x0000,0x0000,0x1082,0x1082,0xfd00,0xfd00,0x1082,0x1082,
    0x1082,0xfd00,0xfd00,0xfd00,0xfd00,0xfd00,0xfd00,0xfd00,0xfd00,0xfd00,0xfd00,0xfd00,0xfd00,0xfd00,0xfd00,0xfd00,
    0x1082,0x1082,0x1082,0x1082,0x1082,0x1082,0x1082,0x1082,0xff34,0x1082,0x1082,0x1082,0x1082,0x1082,0x1082,0x1082,
    0x1082,0xfd00,0xfd00,0xfd00,0xfd00,0xfd00,0xfd00,0xfd00,0xfd00,0xfd00,0xfd00,0xfd00,0xfd00,0xfd00,0xfd00,0xfd00,
    0x1082,0x1082,0x1082,0xfd00,0xfd00,0x1082,0x1082,0x1082,0x1082,0x1082,0x1082,0x1082,0x0000,0x0000,0x0000,0x0000,
    0x0000,0x0000,0x0000,0x0000,0x0000,0x0000,0x0000,0x0000,0x0000,0x0000,0x1082,0x1082,0xfd00,0x1082,0x1082,0x1082,
    0x1082,0xfd00,0xfd00,0xfd00,0xfd00,0xfd00,0xfd00,0xfd00,0xfd00,0xfd00,0xfd00,0xfd00,0xfd00,0xfd00,0xfd00,0x1082,
    0x1082,0x1082,0x1082,0xff34,0xff34,0xff34,0xff34,0xff34,0xff34,0xff34,0xff34,0xff34,0xff34,0xff34,0x1082,0x1082,
    0x1082,0x1082,0xfd00,0xfd00,0xfd00,0xfd00,0xfd00,0xfd00,0xfd00,0xfd00,0xfd00,0xfd00,0xfd00,0xfd00,0xfd00,0xfd00,
    0x1082,0x1082,0x1082,0x1082,0xfd00,0x1082,0x1082,0xfac4,0x1082,0x1082,0x1082,0x1082,0x0000,0x0000,0x0000,0x0000,
    0x0000,0x0000,0x0000,0x0000,0x0000,0x0000,0x0000,0x0000,0x0000,0x0000,0x1082,0x1082,0x1082,0x1082,0x1082,0x1082,
    0x1082,0xfd00,0xfd00,0xfd00,0xfd00,0xfd00,0xfd00,0xfd00,0xfd00,0xfd00,0xfd00,0xfd00,0xfd00,0x1082,0x1082,0x1082,
    0x1082,0xff34,0xff34,0xff34,0xff34,0xff34,0xff34,0xff34,0xff34,0xff34,0xff34,0xff34,0xff34,0xff34,0xff34,0xff34,
    0x1082,0x1082,0x1082,0x1082,0xfd00,0xfd00,0xfd00,0xfd00,0xfd00,0xfd00,0xfd00,0xfd00,0xfd00,0xfd00,0xfd00,0xfd00,
    0x1082,0x1082,0x1082,0x1082,0x1082,0x1082,0x1082,0xfac4,0xfac4,0x1082,0x1082,0x1082,0x1082,0x0000,0x0000,0x0000,
    0x0000,0x0000,0x0000,0x0000,0x0000,0x0000,0x0000,0x0000,0x0000,0x0000,0x1082,0x1082,0x1082,0x1082,0x1082,0x1082,
    0xfd00,0xfd00,0xfd00,0xfd00,0xfd00,0xfd00,0xfd00,0xfd00,0xfd00,0xfd00,0xfd00,0xfd00,0x1082,0x1082,0x1082,0x1082,
    0xff34,0xff34,0xff34,0xff34,0x0000,0x0000,0x0000,0x0000,0x0000,0x0000,0x0000,0x0000,0x0000,0xff34,0xff34,0xff34,
    0xff34,0x1082,0x1082,0x1082,0x1082,0xfd00,0xfd00,0xfd00,0xfd00,0xfd00,0xfd00,0xfd00,0xfd00,0xfd00,0xfd00,0xfd00,
    0xfd00,0x1082,0x1082,0x1082,0x1082,0x1082,0x1082,0xfac4,0xfac4,0x1082,0x1082,0x1082,0x1082,0x0000,0x0000,0x0000,
    0x0000,0x0000,0x0000,0x0000,0x0000,0x0000,0x0000,0x0000,0x0000,0x0000,0x1082,0x1082,0x1082,0x1082,0x1082,0xfd00,
    0xfd00,0xfd00,0xfd00,0xfd00,0xfd00,0xfd00,0xfd00,0xfd00,0xfd00,0xfd00,0xfd00,0xfd00,0x1082,0x1082,0x1082,0xff34,
    0xff34,0xff34,0x0000,0x0000,0x0000,0x0000,0x0000,0x0000,0x0000,0x0000,0x0000,0x0000,0x0000,0x0000,0x0000,0xff34,
    0xff34,0xff34,0x1082,0x1082,0x1082,0xfd00,0xfd00,0xfd00,0xfd00,0xfd00,0xfd00,0xfd00,0xfd00,0xfd00,0xfd00,0xfd00,
    0xfd00,0xfd00,0x1082,0x1082,0x1082,0x1082,0x1082,0xfac4,0xfac4,0xfac4,0x1082,0x1082,0x1082,0x1082,0x0000,0x0000,
    0x0000,0x0000,0x0000,0x0000,0x0000,0x0000,0x0000,0x0000,0x0000,0x1082,0xfac4,0x1082,0x1082,0x1082,0xfd00,0xfd00,
    0xfd00,0xfd00,0xfd00,0xfd00,0xfd00,0xfd00,0xfd00,0xfd00,0xfd00,0xfd00,0xfd00,0x1082,0x1082,0x1082,0xff34,0xff34,
    0xff34,0x0000,0x0000,0x0000,0x0000,0x0000,0x0000,0x0000,0x0000,0x0000,0x0000,0x0000,0x0000,0x0000,0x0000,0x0000,
    0xff34,0xff34,0xff34,0x1082,0x1082,0x1082,0xfd00,0xfd00,0xfd00,0xfd00,0xfd00,0xfd00,0xfd00,0xfd00,0xfd00,0xfd00,
    0xfd00,0xfd00,0xfd00,0x1082,0x1082,0x1082,0xfac4,0x1082,0xfac4,0x1082,0x1082,0x1082,0x1082,0x0000,0x0000,0x0000,
    0x0000,0x0000,0x0000,0x0000,0x0000,0x0000,0x0000,0x0000,0xfac4,0xfac4,0xfac4,0xfac4,0xfac4,0xfd00,0xfd00,0xfd00,
    0xfd00,0xfd00,0xfd00,0xfd00,0xfd00,0xfd00,0xfd00,0xfd00,0xfd00,0xfd00,0x1082,0x1082,0x1082,0xff34,0xff34,0xff34,
    0x0000,0x0000,0x0000,0x0000,0x0000,0x0000,0x0000,0xff34,0xff34,0xff34,0x0000,0x0000,0x0000,0x0000,0x0000,0x0000,
    0x0000,0xff34,0xff34,0xff34,0x1082,0x1082,0x1082,0xfd00,0xfd00,0xfd00,0xfd00,0xfd00,0xfd00,0xfd00,0xfd00,0xfd00,
    0xfd00,0xfd00,0xfd00,0xfd00,0xfac4,0xfac4,0xfac4,0xfac4,0xfac4,0x1082,0x1082,0x1082,0x1082,0x0000,0x0000,0x0000,
    0x0000,0x0000,0x0000,0x0000,0x0000,0x0000,0x0000,0x0000,0xfac4,0xfac4,0xfac4,0xfac4,0xfac4,0x1082,0xfd00,0xfd00,
    0xfd00,0xfd00,0xfd00,0xfd00,0xfd00,0xfd00,0xfd00,0xfd00,0xfd00,0xfd00,0x1082,0x1082,0x1082,0xff34,0xff34,0xff34,
    0x0000,0x0000,0x0000,0x0000,0x0000,0xff34,0xff34,0xff34,0xff34,0xff34,0xff34,0xff34,0x0000,0x0000,0x0000,0x0000,
    0x0000,0xff34,0xff34,0xff34,0x1082,0x1082,0x1082,0xfd00,0xfd00,0xfd00,0xfd00,0xfd00,0xfd00,0xfd00,0xfd00,0xfd00,
    0xfd00,0xfd00,0xfd00,0x1082,0xfac4,0xfac4,0xfac4,0xfac4,0xfac4,0x1082,0x1082,0x1082,0x0000,0x0000,0x0000,0x0000,
    0x0000,0x0000,0x0000,0x0000,0x0000,0x0000,0x0000,0xfac4,0xfac4,0xfac4,0xfac4,0xfac4,0xfac4,0xfac4,0xfd00,0xfd00,
    0xfd00,0xfd00,0xfd00,0xfd00,0xfd00,0xfd00,0xfd00,0xfd00,0xfd00,0xfd00,0x1082,0x1082,0x1082,0xff34,0xff34,0x0000,
    0x0000,0x0000,0x0000,0x0000,0xff34,0xff34,0xff34,0xff34,0xff34,0xff34,0xff34,0xff34,0xff34,0x0000,0x0000,0x0000,
    0x0000,0x0000,0xff34,0xff34,0x1082,0x1082,0x1082,0xfd00,0xfd00,0xfd00,0xfd00,0xfd00,0xfd00,0xfd00,0xfd00,0xfd00,
    0xfd00,0xfd00,0xfd00,0xfac4,0xfac4,0xfac4,0xfac4,0xfac4,0xfac4,0xfac4,0x1082,0x1082,0x0000,0x0000,0x0000,0x0000,
    0x0000,0x0000,0x0000,0x0000,0x0000,0x0000,0x0000,0x0000,0xfac4,0xfac4,0xfac4,0xfac4,0xfac4,0x1082,0x1082,0xfd00,
    0xfd00,0xfd00,0xfd00,0xfd00,0xfd00,0xfd00,0xfd00,0xfd00,0xfd00,0xfd00,0x1082,0x1082,0xff34,0xff34,0xff34,0x0000,
    0x0000,0x0000,0x0000,0xff34,0xff34,0xff34,0xff34,0xff34,0xff34,0xff34,0xff34,0xff34,0xff34,0xff34,0x0000,0x0000,
    0x0000,0x0000,0xff34,0xff34,0xff34,0x1082,0x1082,0xfd00,0xfd00,0xfd00,0xfd00,0xfd00,0xfd00,0xfd00,0xfd00,0xfd00,
    0xfd00,0xfd00,0x1082,0x1082,0xfac4,0xfac4,0xfac4,0xfac4,0xfac4,0x1082,0x0000,0x0000,0x0000,0x0000,0x0000,0x0000,
    0x0000,0x0000,0x0000,0x0000,0x0000,0x0000,0x0000,0x0000,0xfac4,0xfac4,0xfac4,0xfac4,0xfac4,0x1082,0x1082,0xfd00,
    0xfd00,0xfd00,0xfd00,0xfd00,0xfd00,0xfd00,0xfd00,0xfd00,0xfd00,0x1082,0x1082,0x1082,0x1082,0xff34,0xff34,0x0000,
    0x0000,0x0000,0x0000,0xff34,0xff34,0xff34,0xff34,0xff34,0xff34,0xff34,0xff34,0xff34,0xff34,0xff34,0x0000,0x0000,
    0x0000,0x0000,0xff34,0xff34,0x1082,0x1082,0x1082,0x1082,0xfd00,0xfd00,0xfd00,0xfd00,0xfd00,0xfd00,0xfd00,0xfd00,
    0xfd00,0xfd00,0x1082,0x1082,0xfac4,0xfac4,0xfac4,0xfac4,0xfac4,0x0000,0x0000,0x0000,0x0000,0x0000,0x0000,0x0000,
    0x0000,0x0000,0x0000,0x0000,0x0000,0x0000,0x0000,0x0000,0x0000,0x0000,0xfac4,0x0000,0x0000,0x1082,0x1082,0x1082,
    0xfd00,0xfd00,0xfd00,0xfd00,0xfd00,0xfd00,0xfd00,0xfd00,0xfd00,0xfd00,0x1082,0x1082,0x1082,0xff34,0xff34,0xff34,
    0xff34,0xff34,0xff34,0xff34,0xff34,0xff34,0xff34,0xff34,0xff34,0xff34,0xff34,0xff34,0xff34,0xff34,0xff34,0xff34,
    0xff34,0xff34,0xff34,0xff34,0x1082,0x1082,0x1082,0xfd00,0xfd00,0xfd00,0xfd00,0xfd00,0xfd00,0xfd00,0xfd00,0xfd00,
    0xfd00,0x1082,0x1082,0x1082,0x0000,0x0000,0xfac4,0x0000,0x0000,0x0000,0x0000,0x0000,0x0000,0x0000,0x0000,0x0000,
    0x0000,0x0000,0x0000,0x0000,0x0000,0x0000,0x0000,0x0000,0x0000,0x0000,0x0000,0x0000,0x0000,0x0000,0x1082,0x1082,
    0xfd00,0xfd00,0xfd00,0xfd00,0xfd00,0xfd00,0xfd00,0xfd00,0xfd00,0xfd00,0x1082,0x1082,0x1082,0xff34,0xff34,0xff34,
    0xff34,0xff34,0xff34,0xff34,0xff34,0xff34,0xff34,0xff34,0xff34,0xff34,0xff34,0xff34,0xff34,0xff34,0xff34,0xff34,
    0xff34,0xff34,0xff34,0xff34,0x1082,0x1082,0x1082,0xfd00,0xfd00,0xfd00,0xfd00,0xfd00,0xfd00,0xfd00,0xfd00,0xfd00,
    0xfd00,0x1082,0x1082,0x0000,0x0000,0x0000,0x0000,0x0000,0x0000,0x0000,0x0000,0x0000,0x0000,0x0000,0x0000,0x0000,
    0x0000,0x0000,0x0000,0x0000,0x0000,0x0000,0x0000,0x0000,0x0000,0x0000,0x0000,0x0000,0x0000,0x0000,0x0000,0x1082,
    0x1082,0xfd00,0xfd00,0xfd00,0xfd00,0xfd00,0xfd00,0xfd00,0xfd00,0xfd00,0x1082,0x1082,0x1082,0x1082,0xff34,0xff34,
    0xff34,0xff34,0xff34,0xff34,0xff34,0xff34,0xff34,0xff34,0xff34,0xff34,0xff34,0xff34,0xff34,0xff34,0xff34,0xff34,
    0xff34,0xff34,0xff34,0x1082,0x1082,0x1082,0x1082,0xfd00,0xfd00,0xfd00,0xfd00,0xfd00,0xfd00,0xfd00,0xfd00,0xfd00,
    0x1082,0x1082,0x0000,0x0000,0x0000,0x0000,0x0000,0x0000,0x0000,0x0000,0x0000,0x0000,0x0000,0x0000,0x0000,0x0000,
    0x0000,0x0000,0x0000,0x0000,0x0000,0x0000,0x0000,0x0000,0x0000,0x0000,0x0000,0x0000,0x0000,0x0000,0x0000,0x1082,
    0x1082,0x1082,0xfd00,0xfd00,0xfd00,0xfd00,0xfd00,0xfd00,0xfd00,0xfd00,0x1082,0x1082,0x1082,0x1082,0x1082,0xff34,
    0xff34,0xff34,0xff34,0xff34,0xff34,0xff34,0xff34,0xff34,0xff34,0xff34,0xff34,0xff34,0xff34,0xff34,0xff34,0xff34,
    0xff34,0xff34,0x1082,0x1082,0x1082,0x1082,0x1082,0xfd00,0xfd00,0xfd00,0xfd00,0xfd00,0xfd00,0xfd00,0xfd00,0x1082,
    0x1082,0x1082,0x0000,0x0000,0x0000,0x0000,0x0000,0x0000,0x0000,0x0000,0x0000,0x0000,0x0000,0x0000,0x0000,0x0000,
    0x0000,0x0000,0x0000,0x0000,0x0000,0x0000,0x0000,0x0000,0x0000,0x0000,0x0000,0x0000,0x0000,0x0000,0x0000,0x0000,
    0x1082,0x1082,0x1082,0xfd00,0xfd00,0xfd00,0xfd00,0xfd00,0xfd00,0xfd00,0xfd00,0x1082,0x1082,0x1082,0x1082,0x1082,
    0xff34,0xff34,0xff34,0xff34,0xff34,0xff34,0xff34,0xff34,0xff34,0xff34,0xff34,0xff34,0xff34,0xff34,0xff34,0xff34,
    0xff34,0x1082,0x1082,0x1082,0x1082,0x1082,0xfd00,0xfd00,0xfd00,0xfd00,0xfd00,0xfd00,0xfd00,0xfd00,0x1082,0x1082,
    0x1082,0x0000,0x0000,0x0000,0x0000,0x0000,0x0000,0x0000,0x0000,0x0000,0x0000,0x0000,0x0000,0x0000,0x0000,0x0000,
    0x0000,0x0000,0x0000,0x0000,0x0000,0x0000,0x0000,0x0000,0x0000,0x0000,0x0000,0x0000,0x0000,0x0000,0x0000,0x0000,
    0x0000,0x1082,0x1082,0xfd00,0xfd00,0xfd00,0xfd00,0xfd00,0xfd00,0xfd00,0xfd00,0xfd00,0x1082,0x1082,0x1082,0x1082,
    0x1082,0xff34,0xff34,0xff34,0xff34,0xff34,0xff34,0xff34,0xff34,0xff34,0xff34,0xff34,0xff34,0xff34,0xff34,0xff34,
    0x1082,0x1082,0x1082,0x1082,0x1082,0xfd00,0xfd00,0xfd00,0xfd00,0xfd00,0xfd00,0xfd00,0xfd00,0xfd00,0x1082,0x1082,
    0x0000,0x0000,0x0000,0x0000,0x0000,0x0000,0x0000,0x0000,0x0000,0x0000,0x0000,0x0000,0x0000,0x0000,0x0000,0x0000,
    0x0000,0x0000,0x0000,0x0000,0x0000,0x0000,0x0000,0x0000,0x0000,0x0000,0x0000,0x0000,0x0000,0x0000,0x0000,0x0000,
    0x0000,0x0000,0x1082,0x1082,0xfd00,0xfd00,0xfd00,0xfd00,0xfd00,0xfd00,0xfd00,0xfd00,0x1082,0x1082,0x1082,0x1082,
    0x1082,0x1082,0x1082,0xff34,0xff34,0xff34,0xff34,0xff34,0xff34,0xff34,0xff34,0xff34,0xff34,0xff34,0x1082,0x1082,
    0x1082,0x1082,0x1082,0x1082,0x1082,0xfd00,0xfd00,0xfd00,0xfd00,0xfd00,0xfd00,0xfd00,0xfd00,0x1082,0x1082,0x0000,
    0x0000,0x0000,0x0000,0x0000,0x0000,0x0000,0x0000,0x0000,0x0000,0x0000,0x0000,0x0000,0x0000,0x0000,0x0000,0x0000,
    0x0000,0x0000,0x0000,0x0000,0x0000,0x0000,0x0000,0x0000,0x0000,0x0000,0x0000,0x0000,0x0000,0x0000,0x0000,0x0000,
    0x0000,0x0000,0x0000,0x1082,0x1082,0x1082,0xfd00,0xfd00,0xfd00,0xfd00,0xfd00,0xfd00,0xfd00,0x1082,0x1082,0x1082,
    0x1082,0x1082,0x1082,0x1082,0x1082,0x1082,0x1082,0x1082,0xff34,0x1082,0x1082,0x1082,0x1082,0x1082,0x1082,0x1082,
    0x1082,0x1082,0x1082,0x1082,0xfd00,0xfd00,0xfd00,0xfd00,0xfd00,0xfd00,0xfd00,0x1082,0x1082,0x1082,0x0000,0x0000,
    0x0000,0x0000,0x0000,0x0000,0x0000,0x0000,0x0000,0x0000,0x0000,0x0000,0x0000,0x0000,0x0000,0x0000,0x0000,0x0000,
    0x0000,0x0000,0x0000,0x0000,0x0000,0x0000,0x0000,0x0000,0x0000,0x0000,0x0000,0x0000,0x0000,0x0000,0x0000,0x0000,
    0x0000,0x0000,0x0000,0x0000,0x1082,0x1082,0x1082,0xfd00,0xfd00,0xfd00,0xfd00,0xfd00,0xfd00,0xfd00,0xfd00,0x1082,
    0x1082,0x1082,0x1082,0x1082,0x1082,0x1082,0x1082,0x1082,0x1082,0x1082,0x1082,0x1082,0x1082,0x1082,0x1082,0x1082,
    0x1082,0x1082,0xfd00,0xfd00,0xfd00,0xfd00,0xfd00,0xfd00,0xfd00,0xfd00,0x1082,0x1082,0x1082,0x0000,0x0000,0x0000,
    0x0000,0x0000,0x0000,0x0000,0x0000,0x0000,0x0000,0x0000,0x0000,0x0000,0x0000,0x0000,0x0000,0x0000,0x0000,0x0000,
    0x0000,0x0000,0x0000,0x0000,0x0000,0x0000,0x0000,0x0000,0x0000,0x0000,0x0000,0x0000,0x0000,0x0000,0x0000,0x0000,
    0x0000,0x0000,0x0000,0x0000,0x1082,0x1082,0x1082,0x1082,0xfd00,0xfd00,0xfd00,0xfd00,0xfd00,0xfd00,0xfd00,0xfd00,
    0x1082,0x1082,0x1082,0x1082,0x1082,0x1082,0x1082,0x1082,0x1082,0x1082,0x1082,0x1082,0x1082,0x1082,0x1082,0x1082,
    0x1082,0xfd00,0xfd00,0xfd00,0xfd00,0xfd00,0xfd00,0xfd00,0xfd00,0x1082,0x1082,0x1082,0x1082,0x0000,0x0000,0x0000,
    0x0000,0x0000,0x0000,0x0000,0x0000,0x0000,0x0000,0x0000,0x0000,0x0000,0x0000,0x0000,0x0000,0x0000,0x0000,0x0000,
    0x0000,0x0000,0x0000,0x0000,0x0000,0x0000,0x0000,0x0000,0x0000,0x0000,0x0000,0x0000,0x0000,0x0000,0x0000,0x0000,
    0x0000,0x0000,0x0000,0x1082,0x1082,0x59c4,0x1082,0x1082,0x1082,0x1082,0xfd00,0xfd00,0xfd00,0xfd00,0xfd00,0xfd00,
    0xfd00,0xfd00,0xfd00,0x1082,0x1082,0x1082,0x1082,0x1082,0x1082,0x1082,0x1082,0x1082,0x1082,0x1082,0xfd00,0xfd00,
    0xfd00,0xfd00,0xfd00,0xfd00,0xfd00,0xfd00,0xfd00,0x1082,0x1082,0x1082,0x1082,0x59c4,0x1082,0x1082,0x0000,0x0000,
    0x0000,0x0000,0x0000,0x0000,0x0000,0x0000,0x0000,0x0000,0x0000,0x0000,0x0000,0x0000,0x0000,0x0000,0x0000,0x0000,
    0x0000,0x0000,0x0000,0x0000,0x0000,0x0000,0x0000,0x0000,0x0000,0x0000,0x0000,0x0000,0x0000,0x0000,0x0000,0x0000,
    0x0000,0x0000,0x0000,0x1082,0x59c4,0x59c4,0x59c4,0x59c4,0x1082,0x1082,0x1082,0x1082,0xfd00,0xfd00,0xfd00,0xfd00,
    0xfd00,0xfd00,0xfd00,0xfd00,0xfd00,0xfd00,0xfd00,0xfd00,0x1082,0xfd00,0xfd00,0xfd00,0xfd00,0xfd00,0xfd00,0xfd00,
    0xfd00,0xfd00,0xfd00,0xfd00,0xfd00,0x1082,0x1082,0x1082,0x1082,0x59c4,0x59c4,0x59c4,0x59c4,0x1082,0x0000,0x0000,
    0x0000,0x0000,0x0000,0x0000,0x0000,0x0000,0x0000,0x0000,0x0000,0x0000,0x0000,0x0000,0x0000,0x0000,0x0000,0x0000,
    0x0000,0x0000,0x0000,0x0000,0x0000,0x0000,0x0000,0x0000,0x0000,0x0000,0x0000,0x0000,0x0000,0x0000,0x0000,0x0000,
    0x0000,0x0000,0x1082,0x1082,0x1082,0x59c4,0x59c4,0x59c4,0x59c4,0x1082,0x1082,0x1082,0x1082,0x1082,0xfd00,0xfd00,
    0xfd00,0xfd00,0xfd00,0xfd00,0xfd00,0xfd00,0xfd00,0xfd00,0xfd00,0xfd00,0xfd00,0xfd00,0xfd00,0xfd00,0xfd00,0xfd00,
    0xfd00,0xfd00,0xfd00,0x1082,0x1082,0x1082,0x1082,0x1082,0x59c4,0x59c4,0x59c4,0x59c4,0x1082,0x1082,0x1082,0x0000,
    0x0000,0x0000,0x0000,0x0000,0x0000,0x0000,0x0000,0x0000,0x0000,0x0000,0x0000,0x0000,0x0000,0x0000,0x0000,0x0000,
    0x0000,0x0000,0x0000,0x0000,0x0000,0x0000,0x0000,0x0000,0x0000,0x0000,0x0000,0x0000,0x0000,0x0000,0x0000,0x0000,
    0x0000,0x0000,0x0000,0x1082,0x1082,0x59c4,0x59c4,0x59c4,0x59c4,0x59c4,0x59c4,0x1082,0x1082,0x1082,0x1082,0x1082,
    0x1082,0xfd00,0xfd00,0xfd00,0x1082,0x1082,0x1082,0x1082,0x1082,0x1082,0x1082,0x1082,0x1082,0xfd00,0xfd00,0xfd00,
    0x1082,0x1082,0x1082,0x1082,0x1082,0x1082,0x59c4,0x59c4,0x59c4,0x59c4,0x59c4,0x59c4,0x1082,0x1082,0x0000,0x0000,
    0x0000,0x0000,0x0000,0x0000,0x0000,0x0000,0x0000,0x0000,0x0000,0x0000,0x0000,0x0000,0x0000,0x0000,0x0000,0x0000,
    0x0000,0x0000,0x0000,0x0000,0x0000,0x0000,0x0000,0x0000,0x0000,0x0000,0x0000,0x0000,0x0000,0x0000,0x0000,0x0000,
    0x0000,0x0000,0x0000,0x1082,0x1082,0x1082,0x1082,0x59c4,0x59c4,0x59c4,0x59c4,0x59c4,0x59c4,0x59c4,0x1082,0x1082,
    0x1082,0x1082,0x1082,0x1082,0x1082,0x1082,0x1082,0x1082,0xfd00,0x1082,0x1082,0x1082,0x1082,0x1082,0x1082,0x1082,
    0x1082,0x1082,0x1082,0x59c4,0x59c4,0x59c4,0x59c4,0x59c4,0x59c4,0x59c4,0x1082,0x1082,0x1082,0x1082,0x0000,0x0000,
    0x0000,0x0000,0x0000,0x0000,0x0000,0x0000,0x0000,0x0000,0x0000,0x0000,0x0000,0x0000,0x0000,0x0000,0x0000,0x0000,
    0x0000,0x0000,0x0000,0x0000,0x0000,0x0000,0x0000,0x0000,0x0000,0x0000,0x0000,0x0000,0x0000,0x0000,0x0000,0x0000,
    0x0000,0x0000,0x0000,0x0000,0x1082,0x1082,0x1082,0x1082,0x1082,0x1082,0x1082,0x59c4,0x1082,0x1082,0x1082,0x1082,
    0x1082,0x1082,0x1082,0x1082,0x1082,0x1082,0x1082,0x1082,0x1082,0x1082,0x1082,0x1082,0x1082,0x1082,0x1082,0x1082,
    0x1082,0x1082,0x1082,0x1082,0x1082,0x59c4,0x1082,0x1082,0x1082,0x1082,0x1082,0x1082,0x1082,0x0000,0x0000,0x0000,
    0x0000,0x0000,0x0000,0x0000,0x0000,0x0000,0x0000,0x0000,0x0000,0x0000,0x0000,0x0000,0x0000,0x0000,0x0000,0x0000,
    0x0000,0x0000,0x0000,0x0000,0x0000,0x0000,0x0000,0x0000,0x0000,0x0000,0x0000,0x0000,0x0000,0x0000,0x0000,0x0000,
    0x0000,0x0000,0x0000,0x0000,0x0000,0x0000,0x1082,0x1082,0x1082,0x1082,0x1082,0x1082,0x1082,0x1082,0x1082,0x1082,
    0x1082,0x0000,0x0000,0x0000,0x0000,0x0000,0x0000,0x0000,0x1082,0x0000,0x0000,0x0000,0x0000,0x0000,0x0000,0x0000,
    0x1082,0x1082,0x1082,0x1082,0x1082,0x1082,0x1082,0x1082,0x1082,0x1082,0x1082,0x0000,0x0000,0x0000,0x0000,0x0000,
    0x0000,0x0000,0x0000,0x0000,0x0000,0x0000,0x0000,0x0000,0x0000,0x0000,0x0000,0x0000,0x0000,0x0000,0x0000,0x0000,
    0x0000,0x0000,0x0000,0x0000,0x0000,0x0000,0x0000,0x0000,0x0000,0x0000,0x0000,0x0000,0x0000,0x0000,0x0000,0x0000,
    0x0000,0x0000,0x0000,0x0000,0x0000,0x0000,0x0000,0x0000,0x0000,0x0000,0x0000,0x1082,0x0000,0x0000,0x0000,0x0000,
    0x0000,0x0000,0x0000,0x0000,0x0000,0x0000,0x0000,0x0000,0x0000,0x0000,0x0000,0x0000,0x0000,0x0000,0x0000,0x0000,
    0x0000,0x0000,0x0000,0x0000,0x0000,0x1082,0x0000,0x0000,0x0000,0x0000,0x0000,0x0000,0x0000,0x0000,0x0000,0x0000,
    0x0000,0x0000,0x0000,0x0000,0x0000,0x0000,0x0000,0x0000,0x0000,0x0000,0x0000,0x0000,0x0000,0x0000,0x0000,0x0000,
    0x0000,0x0000,0x0000,0x0000,0x0000,0x0000,0x0000,0x0000,0x0000,0x0000,0x0000,0x0000,0x0000,0x0000,0x0000,0x0000,
    0x0000,0x0000,0x0000,0x0000,0x0000,0x0000,0x0000,0x0000,0x0000,0x0000,0x0000,0x0000,0x0000,0x0000,0x0000,0x0000,
    0x0000,0x0000,0x0000,0x0000,0x0000,0x0000,0x0000,0x0000,0x0000,0x0000,0x0000,0x0000,0x0000,0x0000,0x0000,0x0000,
    0x0000,0x0000,0x0000,0x0000,0x0000,0x0000,0x0000,0x0000,0x0000,0x0000,0x0000,0x0000,0x0000,0x0000,0x0000,0x0000,
    0x0000,0x0000,0x0000,0x0000,0x0000,0x0000,0x0000,0x0000,0x0000,0x0000,0x0000,0x0000,0x0000,0x0000,0x0000,0x0000,
    0x0000,0x0000,0x0000,0x0000,0x0000,0x0000,0x0000,0x0000,0x0000,0x0000,0x0000,0x0000,0x0000,0x0000,0x0000,0x0000,
    0x0000,0x0000,0x0000,0x0000,0x0000,0x0000,0x0000,0x0000,0x0000,0x0000,0x0000,0x0000,0x0000,0x0000,0x0000,0x0000,
    0x0000,0x0000,0x0000,0x0000,0x0000,0x0000,0x0000,0x0000,0x0000,0x0000,0x0000,0x0000,0x0000,0x0000,0x0000,0x0000,
    0x0000,0x0000,0x0000,0x0000,0x0000,0x0000,0x0000,0x0000,0x0000,0x0000,0x0000,0x0000,0x0000,0x0000,0x0000,0x0000,
    0x0000,0x0000,0x0000,0x0000,0x0000,0x0000,0x0000,0x0000,0x0000,0x0000,0x0000,0x0000,0x0000,0x0000,0x0000,0x0000,
    0x0000,0x0000,0x0000,0x0000,0x0000,0x0000,0x0000,0x0000,0x0000,0x0000,0x0000,0x0000,0x0000,0x0000,0x0000,0x0000,
    0x0000,0x0000,0x0000,0x0000,0x0000,0x0000,0x0000,0x0000,0x0000,0x0000,0x0000,0x0000,0x0000,0x0000,0x0000,0x0000,
    0x0000,0x0000,0x0000,0x0000,0x0000,0x0000,0x0000,0x0000,0x0000,0x0000,0x0000,0x0000,0x0000,0x0000,0x0000,0x0000,
    0x0000,0x0000,0x0000,0x0000,0x0000,0x0000,0x0000,0x0000,0x0000,0x0000,0x0000,0x0000,0x0000,0x0000,0x0000,0x0000,
    0x0000,0x0000,0x0000,0x0000,0x0000,0x0000,0x0000,0x0000,0x0000,0x0000,0x0000,0x0000,0x0000,0x0000,0x0000,0x0000,
    0x0000,0x0000,0x0000,0x0000,0x0000,0x0000,0x0000,0x0000,0x0000,0x0000,0x0000,0x0000,0x0000,0x0000,0x0000,0x0000,
    0x0000,0x0000,0x0000,0x0000,0x0000,0x0000,0x0000,0x0000,0x0000,0x0000,0x0000,0x0000,0x0000,0x0000,0x0000,0x0000,
    0x0000,0x0000,0x0000,0x0000,0x0000,0x0000,0x0000,0x0000,0x0000,0x0000,0x0000,0x0000,0x0000,0x0000,0x0000,0x0000,
    0x0000,0x0000,0x0000,0x0000,0x0000,0x0000,0x0000,0x0000,0x0000,0x0000,0x0000,0x0000,0x0000,0x0000,0x0000,0x0000,
    0x0000,0x0000,0x0000,0x0000,0x0000,0x0000,0x0000,0x0000,0x0000,0x0000,0x0000,0x0000,0x0000,0x0000,0x0000,0x0000,
    0x0000,0x0000,0x0000,0x0000,0x0000,0x0000,0x0000,0x0000,0x0000,0x0000,0x0000,0x0000,0x0000,0x0000,0x0000,0x0000,
    0x0000,0x0000,0x0000,0x0000,0x0000,0x0000,0x0000,0x0000,0x0000,0x0000,0x0000,0x0000,0x0000,0x0000,0x0000,0x0000,
    0x0000,0x0000,0x0000,0x0000,0x0000,0x0000,0x0000,0x0000,0x0000,0x0000,0x0000,0x0000,0x0000,0x0000,0x0000,0x0000,
    0x0000,0x0000,0x0000,0x0000,0x0000,0x0000,0x0000,0x0000,0x0000,0x0000,0x0000,0x0000,0x0000,0x0000,0x0000,0x0000,
    0x0000,0x0000,0x0000,0x0000,0x0000,0x0000,0x0000,0x0000,0x0000,0x0000,0x0000,0x0000,0x0000,0x0000,0x0000,0x0000,
    0x0000,0x0000,0x0000,0x0000,0x0000,0x0000,0x0000,0x0000,0x0000,0x0000,0x0000,0x0000,0x0000,0x0000,0x0000,0x0000,
    0x0000,0x0000,0x0000,0x0000,0x0000,0x0000,0x0000,0x0000,0x0000,0x0000,0x0000,0x0000,0x0000,0x0000,0x0000,0x0000,
    0x0000,0x0000,0x0000,0x0000,0x0000,0x0000,0x0000,0x0000,0x0000,0x0000,0x0000,0x0000,0x0000,0x0000,0x0000,0x0000,
    0x0000,0x0000,0x0000,0x0000,0x0000,0x0000,0x0000,0x0000,0x0000,0x0000,0x0000,0x0000,0x0000,0x0000,0x0000,0x0000,
    0x0000,0x0000,0x0000,0x0000,0x0000,0x0000,0x0000,0x0000,0x0000,0x0000,0x0000,0x0000,0x0000,0x0000,0x0000,0x0000,
    0x0000,0x0000,0x0000,0x0000,0x0000,0x0000,0x0000,0x0000,0x0000,0x0000,0x0000,0x0000,0x0000,0x0000,0x0000,0x0000,
    0x0000,0x0000,0x0000,0x0000,0x0000,0x0000,0x0000,0x0000,0x0000,0x0000,0x0000,0x0000,0x0000,0x0000,0x0000,0x0000,
    0x0000,0x0000,0x0000,0x0000,0x0000,0x0000,0x0000,0x0000,0x0000,0x0000,0x0000,0x0000,0x0000,0x0000,0x0000,0x0000,
    0x0000,0x0000,0x0000,0x0000,0x0000,0x0000,0x0000,0x0000,0x0000,0x0000,0x0000,0x0000,0x0000,0x0000,0x0000,0x0000,
    0x0000,0x0000,0x0000,0x0000,0x0000,0x0000,0x0000,0x0000,0x0000,0x0000,0x0000,0x0000,0x0000,0x0000,0x0000,0x0000,
  },
  // hungry frame 1
  {
    0x0000,0x0000,0x0000,0x0000,0x0000,0x0000,0x0000,0x0000,0x0000,0x0000,0x0000,0x0000,0x0000,0x0000,0x0000,0x0000,
    0x0000,0x0000,0x0000,0x0000,0x0000,0x0000,0x0000,0x0000,0x0000,0x0000,0x0000,0x0000,0x0000,0x0000,0x0000,0x0000,
    0x0000,0x0000,0x0000,0x0000,0x0000,0x0000,0x0000,0x0000,0x0000,0x0000,0x0000,0x0000,0x0000,0x0000,0x0000,0x0000,
    0x0000,0x0000,0x0000,0x0000,0x0000,0x0000,0x0000,0x0000,0x0000,0x0000,0x0000,0x0000,0x0000,0x0000,0x0000,0x0000,
    0x0000,0x0000,0x0000,0x0000,0x0000,0x0000,0x0000,0x0000,0x0000,0x0000,0x0000,0x0000,0x0000,0x0000,0x0000,0x0000,
    0x0000,0x0000,0x0000,0x0000,0x0000,0x0000,0x0000,0x0000,0x0000,0x0000,0x0000,0x0000,0x0000,0x0000,0x0000,0x0000,
    0x0000,0x0000,0x0000,0x0000,0x0000,0x0000,0x0000,0x0000,0x0000,0x0000,0x0000,0x0000,0x0000,0x0000,0x0000,0x0000,
    0x0000,0x0000,0x0000,0x0000,0x0000,0x0000,0x0000,0x0000,0x0000,0x0000,0x0000,0x0000,0x0000,0x0000,0x0000,0x0000,
    0x0000,0x0000,0x0000,0x0000,0x0000,0x0000,0x0000,0x0000,0x0000,0x0000,0x0000,0x0000,0x0000,0x0000,0x0000,0x0000,
    0x0000,0x0000,0x0000,0x0000,0x0000,0x0000,0x0000,0x0000,0x0000,0x0000,0x0000,0x0000,0x0000,0x0000,0x0000,0x0000,
    0x0000,0x0000,0x0000,0x0000,0x0000,0x0000,0x0000,0x0000,0x0000,0x0000,0x0000,0x0000,0x0000,0x0000,0x0000,0x0000,
    0x0000,0x0000,0x0000,0x0000,0x0000,0x0000,0x0000,0x0000,0x0000,0x0000,0x0000,0x0000,0x0000,0x0000,0x0000,0x0000,
    0x0000,0x0000,0x0000,0x0000,0x0000,0x0000,0x0000,0x0000,0x0000,0x0000,0x0000,0x0000,0x0000,0x0000,0x0000,0x0000,
    0x0000,0x0000,0x0000,0x0000,0x0000,0x0000,0x0000,0x0000,0x0000,0x0000,0x0000,0x0000,0x0000,0x0000,0x0000,0x0000,
    0x0000,0x0000,0x0000,0x0000,0x0000,0x0000,0x0000,0x0000,0x0000,0x0000,0x0000,0x0000,0x0000,0x0000,0x0000,0x0000,
    0x0000,0x0000,0x0000,0x0000,0x0000,0x0000,0x0000,0x0000,0x0000,0x0000,0x0000,0x0000,0x0000,0x0000,0x0000,0x0000,
    0x0000,0x0000,0x0000,0x0000,0x0000,0x0000,0x0000,0x0000,0x0000,0x0000,0x0000,0x0000,0x0000,0x0000,0x0000,0x0000,
    0x0000,0x0000,0x0000,0x0000,0x0000,0x0000,0x0000,0x0000,0x0000,0x0000,0x0000,0x0000,0x0000,0x0000,0x0000,0x0000,
    0x0000,0x0000,0x0000,0x0000,0x0000,0x0000,0x0000,0x0000,0x0000,0x0000,0x0000,0x0000,0x0000,0x0000,0x0000,0x0000,
    0x0000,0x0000,0x0000,0x0000,0x0000,0x0000,0x0000,0x0000,0x0000,0x0000,0x0000,0x0000,0x0000,0x0000,0x0000,0x0000,
    0x0000,0x0000,0x0000,0x0000,0x0000,0x0000,0x0000,0x0000,0x0000,0x0000,0x0000,0x0000,0x0000,0x0000,0x0000,0x0000,
    0x0000,0x0000,0x0000,0x0000,0x0000,0x0000,0x0000,0x0000,0x0000,0x0000,0x0000,0x0000,0x0000,0x0000,0x0000,0x0000,
    0x0000,0x0000,0x0000,0x0000,0x0000,0x0000,0x0000,0x0000,0x0000,0x0000,0x0000,0x0000,0x0000,0x0000,0x0000,0x0000,
    0x0000,0x0000,0x0000,0x0000,0x0000,0x0000,0x0000,0x0000,0x0000,0x0000,0x0000,0x0000,0x0000,0x0000,0x0000,0x0000,
    0x0000,0x0000,0x0000,0x0000,0x0000,0x0000,0x0000,0x0000,0x0000,0x0000,0x0000,0x0000,0x0000,0x0000,0x0000,0x0000,
    0x0000,0x0000,0x0000,0x0000,0x0000,0x0000,0x0000,0x0000,0x0000,0x0000,0x0000,0x0000,0x0000,0x0000,0x0000,0x0000,
    0x0000,0x0000,0x0000,0x0000,0x0000,0x0000,0x0000,0x0000,0x0000,0x0000,0x0000,0x0000,0x0000,0x0000,0x0000,0x0000,
    0x0000,0x0000,0x0000,0x0000,0x0000,0x0000,0x0000,0x0000,0x0000,0x0000,0x0000,0x0000,0x0000,0x0000,0x0000,0x0000,
    0x0000,0x0000,0x0000,0x0000,0x0000,0x0000,0x0000,0x0000,0x0000,0x0000,0x0000,0x0000,0x0000,0x0000,0x0000,0x0000,
    0x0000,0x0000,0x0000,0x0000,0x0000,0x0000,0x0000,0x0000,0x0000,0x0000,0x0000,0x0000,0x0000,0x0000,0x0000,0x0000,
    0x0000,0x0000,0x0000,0x0000,0x0000,0x0000,0x0000,0x0000,0x0000,0x0000,0x0000,0x0000,0x0000,0x0000,0x0000,0x0000,
    0x0000,0x0000,0x0000,0x0000,0x0000,0x0000,0x0000,0x0000,0x0000,0x0000,0x0000,0x0000,0x0000,0x0000,0x0000,0x0000,
    0x0000,0x0000,0x0000,0x0000,0x0000,0x0000,0x0000,0x0000,0x0000,0x0000,0x0000,0x0000,0x0000,0x0000,0x0000,0x0000,
    0x0000,0x0000,0x0000,0x0000,0x0000,0x0000,0x0000,0x0000,0x0000,0x0000,0x0000,0x0000,0x0000,0x0000,0x0000,0x0000,
    0x0000,0x0000,0x0000,0x0000,0x0000,0x0000,0x0000,0x0000,0x0000,0x0000,0x0000,0x0000,0x0000,0x0000,0x0000,0x0000,
    0x0000,0x0000,0x0000,0x0000,0x0000,0x0000,0x0000,0x0000,0x0000,0x0000,0x0000,0x0000,0x0000,0x0000,0x0000,0x0000,
    0x0000,0x0000,0x0000,0x0000,0x0000,0x0000,0x0000,0x0000,0x0000,0x0000,0x0000,0x0000,0x0000,0x0000,0x0000,0x0000,
    0x0000,0x0000,0x0000,0x0000,0x0000,0x0000,0x0000,0x1082,0x1082,0x1082,0x0000,0x0000,0x0000,0x0000,0x0000,0x0000,
    0x0000,0x0000,0x0000,0x0000,0x0000,0x0000,0x0000,0x0000,0x0000,0x0000,0x0000,0x0000,0x0000,0x0000,0x0000,0x0000,
    0x0000,0x0000,0x0000,0x0000,0x0000,0x0000,0x0000,0x0000,0x0000,0x0000,0x0000,0x0000,0x0000,0x0000,0x0000,0x0000,
    0x0000,0x0000,0x0000,0x0000,0x0000,0x0000,0x0000,0x0000,0x0000,0x0000,0x0000,0x0000,0x0000,0x0000,0x0000,0x0000,
    0x0000,0x0000,0x0000,0x0000,0x0000,0x0000,0x0000,0x0000,0x0000,0x0000,0x0000,0x0000,0x0000,0x0000,0x0000,0x0000,
    0x0000,0x0000,0x0000,0x0000,0x0000,0x0000,0x0000,0xfac4,0xfac4,0xfac4,0x0000,0x0000,0x0000,0x0000,0x0000,0x0000,
    0x0000,0x0000,0x0000,0x0000,0x0000,0x0000,0x0000,0x0000,0x0000,0x0000,0x0000,0x0000,0x0000,0x0000,0x0000,0x0000,
    0x0000,0x0000,0x0000,0x0000,0x0000,0x0000,0x0000,0x0000,0x0000,0x0000,0x0000,0x0000,0x0000,0x0000,0x0000,0x0000,
    0x0000,0x0000,0x0000,0x0000,0x0000,0x0000,0x0000,0x0000,0x0000,0x0000,0x0000,0x0000,0x0000,0x0000,0x0000,0x0000,
    0x0000,0x0000,0x0000,0x0000,0x0000,0x0000,0x0000,0x0000,0x0000,0x0000,0x0000,0x0000,0x0000,0x0000,0x0000,0x0000,
    0x0000,0x0000,0x0000,0x0000,0x0000,0x0000,0x1082,0xfac4,0xfac4,0xfac4,0x1082,0x0000,0x0000,0x0000,0x0000,0x0000,
    0x0000,0x0000,0x0000,0x0000,0x0000,0x0000,0x0000,0x0000,0x0000,0x0000,0x0000,0x0000,0x0000,0x0000,0x0000,0x0000,
    0x0000,0x0000,0x0000,0x0000,0x0000,0x0000,0x0000,0x0000,0x0000,0x0000,0x0000,0x0000,0x0000,0x0000,0x0000,0x0000,
    0x0000,0x0000,0x0000,0x0000,0x0000,0x0000,0x0000,0x0000,0x0000,0x0000,0x0000,0x0000,0x0000,0x0000,0x0000,0x0000,
    0x0000,0x0000,0x0000,0x0000,0x0000,0x0000,0x0000,0x0000,0x0000,0x0000,0x0000,0x0000,0x0000,0x0000,0x0000,0x0000,
    0x0000,0x0000,0x0000,0x0000,0x0000,0x0000,0x1082,0xfac4,0xfac4,0xfac4,0x1082,0x0000,0x0000,0x0000,0x0000,0x0000,
    0x0000,0x0000,0x0000,0x0000,0x0000,0x0000,0x0000,0x0000,0x0000,0x0000,0x0000,0x0000,0x0000,0x0000,0x0000,0x0000,
    0x0000,0x0000,0x0000,0x0000,0x0000,0x0000,0x0000,0x0000,0x0000,0x0000,0x0000,0x0000,0x0000,0x0000,0x0000,0x0000,
    0x0000,0x0000,0x0000,0x0000,0x0000,0x0000,0x0000,0x0000,0x0000,0x0000,0x0000,0x0000,0x0000,0x0000,0x0000,0x0000,
    0x0000,0x0000,0x0000,0x0000,0x0000,0x0000,0x0000,0x0000,0x0000,0x0000,0x0000,0x0000,0x0000,0x0000,0x0000,0x0000,
    0x0000,0x1082,0x1082,0x1082,0x1082,0x1082,0xfac4,0xfac4,0xfac4,0xfac4,0xfac4,0x1082,0x1082,0x1082,0x1082,0x1082,
    0x0000,0x0000,0x0000,0x0000,0x0000,0x0000,0x0000,0x0000,0x0000,0x0000,0x0000,0x0000,0x0000,0x0000,0x0000,0x0000,
    0x0000,0x0000,0x0000,0x0000,0x0000,0x0000,0x0000,0x0000,0x0000,0x0000,0x0000,0x0000,0x0000,0x0000,0x0000,0x0000,
    0x0000,0x0000,0x0000,0x0000,0x0000,0x0000,0x0000,0x0000,0x0000,0x0000,0x0000,0x0000,0x0000,0x0000,0x0000,0x0000,
    0x0000,0x0000,0x0000,0x0000,0x0000,0x0000,0x0000,0x0000,0x0000,0x0000,0x0000,0x0000,0x0000,0x0000,0x1082,0x1082,
    0x1082,0x1082,0x1082,0x1082,0x1082,0x1082,0xfac4,0xfac4,0xfac4,0xfac4,0xfac4,0x1082,0x1082,0x1082,0x1082,0x1082,
    0x1082,0x1082,0x1082,0x0000,0x0000,0x0000,0x0000,0x0000,0x0000,0x0000,0x0000,0x0000,0x0000,0x0000,0x0000,0x0000,
    0x0000,0x0000,0x0000,0x0000,0x0000,0x0000,0x0000,0x0000,0x0000,0x0000,0x0000,0x0000,0x0000,0x0000,0x0000,0x0000,
    0x0000,0x0000,0x0000,0x0000,0x0000,0x0000,0x0000,0x0000,0x0000,0x0000,0x0000,0x0000,0x0000,0x0000,0x0000,0x0000,
    0x0000,0x0000,0x0000,0x0000,0x0000,0x0000,0x0000,0x0000,0x0000,0x0000,0x0000,0x1082,0x1082,0x1082,0x1082,0x1082,
    0x1082,0xfd00,0xfd00,0xfd00,0xfd00,0x1082,0xfac4,0xfac4,0xfac4,0xfac4,0xfac4,0x1082,0xfd00,0xfd00,0xfd00,0xfd00,
    0x1082,0x1082,0x1082,0x1082,0x1082,0x1082,0x0000,0x0000,0x0000,0x0000,0x0000,0x0000,0x0000,0x0000,0x0000,0x0000,
    0x0000,0x0000,0x0000,0x0000,0x0000,0x0000,0x0000,0x0000,0x0000,0x0000,0x0000,0x0000,0x0000,0x0000,0x0000,0x0000,
    0x0000,0x0000,0x0000,0x0000,0x0000,0x0000,0x0000,0x0000,0x0000,0x0000,0x0000,0x0000,0x0000,0x0000,0x0000,0x0000,
    0x0000,0x0000,0x0000,0x0000,0x0000,0x0000,0x0000,0x0000,0x0000,0x1082,0x1082,0x1082,0x1082,0x1082,0xfd00,0xfd00,
    0xfd00,0xfd00,0xfd00,0xfd00,0xfd00,0x1082,0xfac4,0xfac4,0xfac4,0xfac4,0xfac4,0x1082,0xfd00,0xfd00,0xfd00,0xfd00,
    0xfd00,0xfd00,0xfd00,0x1082,0x1082,0x1082,0x1082,0x1082,0x0000,0x0000,0x0000,0x0000,0x0000,0x0000,0x0000,0x0000,
    0x0000,0x0000,0x0000,0x0000,0x0000,0x0000,0x0000,0x0000,0x0000,0x0000,0x0000,0x0000,0x0000,0x0000,0x0000,0x0000,
    0x0000,0x0000,0x0000,0x0000,0x0000,0x0000,0x0000,0x0000,0x0000,0x0000,0x0000,0x0000,0x0000,0x0000,0x0000,0x0000,
    0x0000,0x0000,0x0000,0x0000,0x0000,0x0000,0x0000,0x0000,0x1082,0x1082,0x1082,0x1082,0xfd00,0xfd00,0xfd00,0xfd00,
    0xfd00,0xfd00,0xfd00,0xfd00,0xfd00,0x1082,0xfac4,0xfac4,0xfac4,0xfac4,0xfac4,0x1082,0xfd00,0xfd00,0xfd00,0xfd00,
    0xfd00,0xfd00,0xfd00,0xfd00,0xfd00,0x1082,0x1082,0x1082,0x1082,0x0000,0x0000,0x0000,0x0000,0x0000,0x0000,0x0000,
    0x0000,0x0000,0x0000,0x0000,0x0000,0x0000,0x0000,0x0000,0x0000,0x0000,0x0000,0x0000,0x0000,0x0000,0x0000,0x0000,
    0x0000,0x0000,0x0000,0x0000,0x0000,0x0000,0x0000,0x0000,0x0000,0x0000,0x0000,0x0000,0x0000,0x0000,0x0000,0x0000,
    0x0000,0x0000,0x0000,0x0000,0x0000,0x0000,0x1082,0x1082,0x1082,0x1082,0xfd00,0xfd00,0xfd00,0xfd00,0xfd00,0xfd00,
    0xfd00,0xfd00,0xfd00,0xfd00,0xfd00,0x1082,0x1082,0x1082,0xfd00,0x1082,0x1082,0x1082,0xfd00,0xfd00,0xfd00,0xfd00,
    0xfd00,0xfd00,0xfd00,0xfd00,0xfd00,0xfd00,0xfd00,0x1082,0x1082,0x1082,0x1082,0x0000,0x0000,0x0000,0x0000,0x0000,
    0x0000,0x0000,0x0000,0x0000,0x0000,0x0000,0x0000,0x0000,0x0000,0x0000,0x0000,0x0000,0x0000,0x0000,0x0000,0x0000,
    0x0000,0x0000,0x0000,0x0000,0x0000,0x0000,0x0000,0x0000,0x0000,0x0000,0x0000,0x0000,0x0000,0x0000,0x0000,0x0000,
    0x0000,0x0000,0x0000,0x0000,0x0000,0x1082,0x1082,0x1082,0x1082,0x1082,0x1082,0x1082,0x1082,0xfd00,0xfd00,0xfd00,
    0xfd00,0xfd00,0xfd00,0xfd00,0xfd00,0xfd00,0xfd00,0xfd00,0xfd00,0xfd00,0xfd00,0xfd00,0xfd00,0xfd00,0xfd00,0xfd00,
    0xfd00,0xfd00,0xfd00,0xfd00,0x1082,0x1082,0x1082,0x1082,0x1082,0x1082,0x1082,0x1082,0x0000,0x0000,0x0000,0x0000,
    0x0000,0x0000,0x0000,0x0000,0x0000,0x0000,0x0000,0x0000,0x0000,0x0000,0x0000,0x0000,0x0000,0x0000,0x0000,0x0000,
    0x0000,0x0000,0x0000,0x0000,0x0000,0x0000,0x0000,0x0000,0x0000,0x0000,0x0000,0x0000,0x0000,0x0000,0x0000,0x0000,
    0x0000,0x0000,0x0000,0x0000,0x1082,0x1082,0x1082,0x1082,0x1082,0x1082,0x1082,0x1082,0x1082,0x1082,0xfd00,0xfd00,
    0xfd00,0xfd00,0xfd00,0xfd00,0xfd00,0xfd00,0xfd00,0xfd00,0xfd00,0xfd00,0xfd00,0xfd00,0xfd00,0xfd00,0xfd00,0xfd00,
    0xfd00,0xfd00,0xfd00,0x1082,0x1082,0x1082,0x1082,0x1082,0x1082,0x1082,0x1082,0x1082,0x1082,0x0000,0x0000,0x0000,
    0x0000,0x0000,0x0000,0x0000,0x0000,0x0000,0x0000,0x0000,0x0000,0x0000,0x0000,0x0000,0x0000,0x0000,0x0000,0x0000,
    0x0000,0x0000,0x0000,0x0000,0x0000,0x0000,0x0000,0x0000,0x0000,0x0000,0x0000,0x0000,0x0000,0x0000,0x0000,0x0000,
    0x0000,0x0000,0x0000,0x1082,0x1082,0x1082,0x1082,0x1082,0x1082,0xfac4,0x1082,0x1082,0x1082,0x1082,0x1082,0xfd00,
    0xfd00,0xfd00,0xfd00,0xfd00,0xfd00,0xfd00,0xfd00,0xfd00,0xfd00,0xfd00,0xfd00,0xfd00,0xfd00,0xfd00,0xfd00,0xfd00,
    0xfd00,0xfd00,0x1082,0x1082,0x1082,0x1082,0x1082,0xfac4,0x1082,0x1082,0x1082,0x1082,0x1082,0x1082,0x0000,0x0000,
    0x0000,0x0000,0x0000,0x0000,0x0000,0x0000,0x0000,0x0000,0x0000,0x0000,0x0000,0x0000,0x0000,0x0000,0x0000,0x0000,
    0x0000,0x0000,0x0000,0x0000,0x0000,0x0000,0x0000,0x0000,0x0000,0x0000,0x0000,0x0000,0x0000,0x0000,0x0000,0x0000,
    0x0000,0x0000,0x1082,0x1082,0x1082,0x1082,0x1082,0xfac4,0xfac4,0xfac4,0xfac4,0xfac4,0x1082,0x1082,0x1082,0x1082,
    0xfd00,0xfd00,0xfd00,0xfd00,0xfd00,0xfd00,0xfd00,0xfd00,0xfd00,0xfd00,0xfd00,0xfd00,0xfd00,0xfd00,0xfd00,0xfd00,
    0xfd00,0x1082,0x1082,0x1082,0x1082,0xfac4,0xfac4,0xfac4,0xfac4,0xfac4,0x1082,0x1082,0x1082,0x1082,0x1082,0x0000,
    0x0000,0x0000,0x0000,0x0000,0x0000,0x0000,0x0000,0x0000,0x0000,0x0000,0x0000,0x0000,0x0000,0x0000,0x0000,0x0000,
    0x0000,0x0000,0x0000,0x0000,0x0000,0x0000,0x0000,0x0000,0x0000,0x0000,0x0000,0x0000,0x0000,0x0000,0x0000,0x0000,
    0x0000,0x1082,0x1082,0x1082,0x1082,0x1082,0xfac4,0xfac4,0xfac4,0xfac4,0xfac4,0xfac4,0xfac4,0x1082,0x1082,0x1082,
    0xfd00,0xfd00,0xfd00,0xfd00,0xfd00,0xfd00,0xfd00,0xfd00,0xfd00,0xfd00,0xfd00,0xfd00,0xfd00,0xfd00,0xfd00,0xfd00,
    0xfd00,0x1082,0x1082,0x1082,0xfac4,0xfac4,0xfac4,0xfac4,0xfac4,0xfac4,0xfac4,0x1082,0x1082,0x1082,0x1082,0x1082,
    0x0000,0x0000,0x0000,0x0000,0x0000,0x0000,0x0000,0x0000,0x0000,0x0000,0x0000,0x0000,0x0000,0x0000,0x0000,0x0000,
    0x0000,0x0000,0x0000,0x0000,0x0000,0x0000,0x0000,0x0000,0x0000,0x0000,0x0000,0x0000,0x0000,0x0000,0x0000,0x0000,
    0x1082,0x1082,0x1082,0x1082,0x1082,0x1082,0xfac4,0xfac4,0xfac4,0xfac4,0xfac4,0xfac4,0xfac4,0x1082,0x1082,0x1082,
    0xfd00,0xfd00,0xfd00,0xfd00,0xfd00,0xfd00,0xfd00,0xfd00,0xfd00,0xfd00,0xfd00,0xfd00,0xfd00,0xfd00,0xfd00,0xfd00,
    0xfd00,0x1082,0x1082,0x1082,0xfac4,0xfac4,0xfac4,0xfac4,0xfac4,0xfac4,0xfac4,0x1082,0x1082,0x1082,0x1082,0x1082,
    0x1082,0x0000,0x0000,0x0000,0x0000,0x0000,0x0000,0x0000,0x0000,0x0000,0x0000,0x0000,0x0000,0x0000,0x0000,0x0000,
    0x0000,0x0000,0x0000,0x0000,0x0000,0x0000,0x0000,0x0000,0x0000,0x0000,0x0000,0x0000,0x0000,0x0000,0x0000,0x1082,
    0x1082,0x1082,0x1082,0x1082,0x1082,0xfac4,0xfac4,0xfac4,0xfac4,0xfac4,0xfac4,0xfac4,0xfac4,0xfac4,0x1082,0x1082,
    0x1082,0xfd00,0xfd00,0xfd00,0xfd00,0xfd00,0xfd00,0xfd00,0xfd00,0xfd00,0xfd00,0xfd00,0xfd00,0xfd00,0xfd00,0xfd00,
    0x1082,0x1082,0x1082,0xfac4,0xfac4,0xfac4,0xfac4,0xfac4,0xfac4,0xfac4,0xfac4,0xfac4,0x1082,0x1082,0x1082,0x1082,
    0x1082,0x1082,0x0000,0x0000,0x0000,0x0000,0x0000,0x0000,0x0000,0x0000,0x0000,0x0000,0x0000,0x0000,0x0000,0x0000,
    0x0000,0x0000,0x0000,0x0000,0x0000,0x0000,0x0000,0x0000,0x0000,0x0000,0x0000,0x0000,0x0000,0x0000,0x0000,0x1082,
    0x1082,0xfd00,0xfd00,0x1082,0x1082,0x1082,0xfac4,0xfac4,0xfac4,0xfac4,0xfac4,0xfac4,0xfac4,0x1082,0x1082,0x1082,
    0xfd00,0xfd00,0xfd00,0xfd00,0xfd00,0xfd00,0xfd00,0xfd00,0xfd00,0xfd00,0xfd00,0xfd00,0xfd00,0xfd00,0xfd00,0xfd00,
    0xfd00,0x1082,0x1082,0x1082,0xfac4,0xfac4,0xfac4,0xfac4,0xfac4,0xfac4,0xfac4,0x1082,0x1082,0x1082,0xfd00,0xfd00,
    0x1082,0x1082,0x0000,0x0000,0x0000,0x0000,0x0000,0x0000,0x0000,0x0000,0x0000,0x0000,0x0000,0x0000,0x0000,0x0000,
    0x0000,0x0000,0x0000,0x0000,0x0000,0x0000,0x0000,0x0000,0x0000,0x0000,0x0000,0x0000,0x0000,0x0000,0x1082,0x1082,
    0xfd00,0xfd00,0xfd00,0x1082,0x1082,0x1082,0xfac4,0xfac4,0xfac4,0xfac4,0xfac4,0xfac4,0xfac4,0x1082,0x1082,0x1082,
    0xfd00,0xfd00,0xfd00,0xfd00,0xfd00,0xfd00,0xfd00,0xfd00,0xfd00,0xfd00,0xfd00,0xfd00,0xfd00,0xfd00,0xfd00,0xfd00,
    0xfd00,0x1082,0x1082,0x1082,0xfac4,0xfac4,0xfac4,0xfac4,0xfac4,0xfac4,0xfac4,0x1082,0x1082,0x1082,0xfd00,0xfd00,
    0xfd00,0x1082,0x1082,0x0000,0x0000,0x0000,0x0000,0x0000,0x0000,0x0000,0x0000,0x0000,0x0000,0x0000,0x0000,0x0000,
    0x0000,0x0000,0x0000,0x0000,0x0000,0x0000,0x0000,0x0000,0x0000,0x0000,0x0000,0x0000,0x0000,0x1082,0x1082,0x1082,
    0xfd00,0xfd00,0xfd00,0x1082,0x1082,0x1082,0x1082,0xfac4,0xfac4,0xfac4,0xfac4,0xfac4,0x1082,0x1082,0x1082,0x1082,
    0xfd00,0xfd00,0xfd00,0xfd00,0xfd00,0xfd00,0xfd00,0xfd00,0xfd00,0xfd00,0xfd00,0xfd00,0xfd00,0xfd00,0xfd00,0xfd00,
    0xfd00,0x1082,0x1082,0x1082,0x1082,0xfac4,0xfac4,0xfac4,0xfac4,0xfac4,0x1082,0x1082,0x1082,0x1082,0xfd00,0xfd00,
    0xfd00,0x1082,0x1082,0x1082,0x0000,0x0000,0x0000,0x0000,0x0000,0x0000,0x0000,0x0000,0x0000,0x0000,0x0000,0x0000,
    0x0000,0x0000,0x0000,0x0000,0x0000,0x0000,0x0000,0x0000,0x0000,0x0000,0x0000,0x0000,0x0000,0x1082,0x1082,0xfd00,
    0xfd00,0xfd00,0xfd00,0xfd00,0x1082,0x1082,0x1082,0x1082,0x1082,0xfac4,0x1082,0x1082,0x1082,0x1082,0x1082,0xfd00,
    0xfd00,0xfd00,0xfd00,0xfd00,0xfd00,0xfd00,0xfd00,0xfd00,0xfd00,0xfd00,0xfd00,0xfd00,0xfd00,0xfd00,0xfd00,0xfd00,
    0xfd00,0xfd00,0x1082,0x1082,0x1082,0x1082,0x1082,0xfac4,0x1082,0x1082,0x1082,0x1082,0x1082,0xfd00,0xfd00,0xfd00,
    0xfd00,0xfd00,0x1082,0x1082,0x0000,0x0000,0x0000,0x0000,0x0000,0x0000,0x0000,0x0000,0x0000,0x0000,0x0000,0x0000,
    0x0000,0x0000,0x0000,0x0000,0x0000,0x0000,0x0000,0x0000,0x0000,0x0000,0x0000,0x0000,0x1082,0x1082,0x1082,0xfd00,
    0xfd00,0xfd00,0xfd00,0xfd00,0xfd00,0x1082,0x1082,0x1082,0x1082,0x1082,0x1082,0x1082,0x1082,0x1082,0xfd00,0xfd00,
    0xfd00,0xfd00,0xfd00,0xfd00,0xfd00,0xfd00,0xfd00,0xfd00,0xfd00,0xfd00,0xfd00,0xfd00,0xfd00,0xfd00,0xfd00,0xfd00,
    0xfd00,0xfd00,0xfd00,0x1082,0x1082,0x1082,0x1082,0x1082,0x1082,0x1082,0x1082,0x1082,0xfd00,0xfd00,0xfd00,0xfd00,
    0xfd00,0xfd00,0x1082,0x1082,0x1082,0x0000,0x0000,0x0000,0x0000,0x0000,0x0000,0x0000,0x0000,0x0000,0x0000,0x0000,
    0x0000,0x0000,0x0000,0x0000,0x0000,0x0000,0x0000,0x0000,0x0000,0x0000,0x0000,0x0000,0x1082,0x1082,0xfd00,0xfd00,
    0xfd00,0xfd00,0xfd00,0xfd00,0xfd00,0xfd00,0x1082,0x1082,0x1082,0x1082,0x1082,0x1082,0x1082,0xfd00,0xfd00,0xfd00,
    0xfd00,0xfd00,0xfd00,0xfd00,0xfd00,0xfd00,0xfd00,0xfd00,0xfd00,0xfd00,0xfd00,0xfd00,0xfd00,0xfd00,0xfd00,0xfd00,
    0xfd00,0xfd00,0xfd00,0xfd00,0x1082,0x1082,0x1082,0x1082,0x1082,0x1082,0x1082,0xfd00,0xfd00,0xfd00,0xfd00,0xfd00,
    0xfd00,0xfd00,0xfd00,0x1082,0x1082,0x0000,0x0000,0x0000,0x0000,0x0000,0x0000,0x0000,0x0000,0x0000,0x0000,0x0000,
    0x0000,0x0000,0x0000,0x0000,0x0000,0x0000,0x0000,0x0000,0x0000,0x0000,0x0000,0x0000,0x1082,0x1082,0xfd00,0xfd00,
    0xfd00,0xfd00,0xfd00,0xfd00,0xfd00,0xfd00,0xfd00,0xfd00,0xfd00,0x1082,0xfd00,0xfd00,0xfd00,0xfd00,0xfd00,0xfd00,
    0xfd00,0xfd00,0xfd00,0xfd00,0xfd00,0xfd00,0xfd00,0xfd00,0xfd00,0xfd00,0xfd00,0xfd00,0xfd00,0xfd00,0xfd00,0xfd00,
    0xfd00,0xfd00,0xfd00,0xfd00,0xfd00,0xfd00,0xfd00,0x1082,0xfd00,0xfd00,0xfd00,0xfd00,0xfd00,0xfd00,0xfd00,0xfd00,
    0xfd00,0xfd00,0xfd00,0x1082,0x1082,0x0000,0x0000,0x0000,0x0000,0x0000,0x0000,0x0000,0x0000,0x0000,0x0000,0x0000,
    0x0000,0x0000,0x0000,0x0000,0x0000,0x0000,0x0000,0x0000,0x0000,0x0000,0x0000,0x1082,0x1082,0xfd00,0xfd00,0xfd00,
    0xfd00,0xfd00,0xfd00,0xfd00,0xfd00,0xfd00,0xfd00,0xfd00,0xfd00,0xfd00,0xfd00,0xfd00,0xfd00,0xfd00,0xfd00,0xfd00,
    0xfd00,0xfd00,0xfd00,0xfd00,0xfd00,0xfd00,0xfd00,0xfd00,0xfd00,0xfd00,0xfd00,0xfd00,0xfd00,0xfd00,0xfd00,0xfd00,
    0xfd00,0xfd00,0xfd00,0xfd00,0xfd00,0xfd00,0xfd00,0xfd00,0xfd00,0xfd00,0xfd00,0xfd00,0xfd00,0xfd00,0xfd00,0xfd00,
    0xfd00,0xfd00,0xfd00,0xfd00,0x1082,0x1082,0x0000,0x0000,0x0000,0x0000,0x0000,0x0000,0x0000,0x0000,0x0000,0x0000,
    0x0000,0x0000,0x0000,0x0000,0x0000,0x0000,0x0000,0x0000,0x0000,0x0000,0x0000,0x1082,0x1082,0xfd00,0xfd00,0xfd00,
    0xfd00,0xfd00,0xfd00,0xfd00,0xfd00,0xfd00,0xfd00,0xfd00,0xfd00,0xfd00,0xfd00,0xfd00,0xfd00,0xfd00,0xfd00,0xfd00,
    0xfd00,0xfd00,0xfd00,0xfd00,0xfd00,0xfd00,0xfd00,0xfd00,0xfd00,0xfd00,0xfd00,0xfd00,0xfd00,0xfd00,0xfd00,0xfd00,
    0xfd00,0xfd00,0xfd00,0xfd00,0xfd00,0xfd00,0xfd00,0xfd00,0xfd00,0xfd00,0xfd00,0xfd00,0xfd00,0xfd00,0xfd00,0xfd00,
    0xfd00,0xfd00,0xfd00,0xfd00,0x1082,0x1082,0x0000,0x0000,0x0000,0x0000,0x0000,0x0000,0x0000,0x0000,0x0000,0x0000,
    0x0000,0x0000,0x0000,0x0000,0x0000,0x0000,0x0000,0x0000,0x0000,0x0000,0x0000,0x1082,0x1082,0xfd00,0xfd00,0xfd00,
    0xfd00,0xfd00,0xfd00,0xfd00,0xfd00,0xfd00,0xfd00,0xfd00,0xfd00,0xfd00,0xfd00,0xfd00,0xfd00,0xfd00,0xfd00,0xfd00,
    0xfd00,0xfd00,0xfd00,0xfd00,0xfd00,0xfd00,0xfd00,0xfd00,0xfd00,0xfd00,0xfd00,0xfd00,0xfd00,0xfd00,0xfd00,0xfd00,
    0xfd00,0xfd00,0xfd00,0xfd00,0xfd00,0xfd00,0xfd00,0xfd00,0xfd00,0xfd00,0xfd00,0xfd00,0xfd00,0xfd00,0xfd00,0xfd00,
    0xfd00,0xfd00,0xfd00,0xfd00,0x1082,0x1082,0x0000,0x0000,0x0000,0x0000,0x0000,0x0000,0x0000,0x0000,0x0000,0x0000,
    0x0000,0x0000,0x0000,0x0000,0x0000,0x0000,0x0000,0x0000,0x0000,0x0000,0x1082,0x1082,0xfd00,0xfd00,0xfd00,0xfd00,
    0xfd00,0xfd00,0xfd00,0xfd00,0xfd00,0xfd00,0xfd00,0xfd00,0xfd00,0xfd00,0xfd00,0xfd00,0xfd00,0xfd00,0xfd00,0xfd00,
    0xfd00,0xfd00,0xfd00,0xfd00,0xfd00,0xfd00,0xfd00,0xfd00,0xfd00,0xfd00,0xfd00,0xfd00,0xfd00,0xfd00,0xfd00,0xfd00,
    0xfd00,0xfd00,0xfd00,0xfd00,0xfd00,0xfd00,0xfd00,0xfd00,0xfd00,0xfd00,0xfd00,0xfd00,0xfd00,0xfd00,0xfd00,0xfd00,
    0xfd00,0xfd00,0xfd00,0xfd00,0xfd00,0x1082,0x1082,0x0000,0x0000,0x0000,0x0000,0x0000,0x0000,0x0000,0x0000,0x0000,
    0x0000,0x0000,0x0000,0x0000,0x0000,0x0000,0x0000,0x0000,0x0000,0x0000,0x1082,0x1082,0xfd00,0xfd00,0xfd00,0xfd00,
    0xfd00,0xfd00,0xfd00,0xfd00,0xfd00,0xfd00,0xfd00,0xfd00,0xfd00,0xfd00,0xfd00,0xfd00,0xfd00,0xfd00,0xfd00,0xfd00,
    0xfd00,0xfd00,0xfd00,0xfd00,0xfd00,0xfd00,0xfd00,0xfd00,0xfd00,0xfd00,0xfd00,0xfd00,0xfd00,0xfd00,0xfd00,0xfd00,
    0xfd00,0xfd00,0xfd00,0xfd00,0xfd00,0xfd00,0xfd00,0xfd00,0xfd00,0xfd00,0xfd00,0xfd00,0xfd00,0xfd00,0xfd00,0xfd00,
    0xfd00,0xfd00,0xfd00,0xfd00,0xfd00,0x1082,0x1082,0x0000,0x0000,0x0000,0x0000,0x0000,0x0000,0x0000,0x0000,0x0000,
    0x0000,0x0000,0x0000,0x0000,0x0000,0x0000,0x0000,0x0000,0x0000,0x0000,0x1082,0x1082,0xfd00,0xfd00,0xfd00,0xfd00,
    0xfd00,0xfd00,0xfd00,0xfd00,0xfd00,0xfd00,0xfd00,0xfd00,0xfd00,0x0000,0x0000,0x0000,0xfd00,0xfd00,0xfd00,0xfd00,
    0xfd00,0xfd00,0xfd00,0xfd00,0xfd00,0xfd00,0xfd00,0xfd00,0xfd00,0xfd00,0xfd00,0xfd00,0xfd00,0xfd00,0xfd00,0xfd00,
    0xfd00,0x0000,0x0000,0x0000,0xfd00,0xfd00,0xfd00,0xfd00,0xfd00,0xfd00,0xfd00,0xfd00,0xfd00,0xfd00,0xfd00,0xfd00,
    0xfd00,0xfd00,0xfd00,0xfd00,0xfd00,0x1082,0x1082,0x0000,0x0000,0x0000,0x0000,0x0000,0x0000,0x0000,0x0000,0x0000,
    0x0000,0x0000,0x0000,0x0000,0x0000,0x0000,0x0000,0x0000,0x0000,0x0000,0x1082,0x1082,0xfd00,0xfd00,0xfd00,0xfd00,
    0xfd00,0xfd00,0xfd00,0xfd00,0xfd00,0xfd00,0xfd00,0xfd00,0xfd00,0xfd00,0xfd00,0xfd00,0x0000,0x0000,0x0000,0x0000,
    0xfd00,0xfd00,0xfd00,0xfd00,0xfd00,0xfd00,0xfd00,0xfd00,0xfd00,0xfd00,0xfd00,0xfd00,0xfd00,0xfd00,0xfd00,0xfd00,
    0xfd00,0xfd00,0xfd00,0xfd00,0x0000,0x0000,0x0000,0x0000,0xfd00,0xfd00,0xfd00,0xfd00,0xfd00,0xfd00,0xfd00,0xfd00,
    0xfd00,0xfd00,0xfd00,0xfd00,0xfd00,0x1082,0x1082,0x0000,0x0000,0x0000,0x0000,0x0000,0x0000,0x0000,0x0000,0x0000,
    0x0000,0x0000,0x0000,0x0000,0x0000,0x0000,0x0000,0x0000,0x0000,0x0000,0x1082,0x1082,0xfd00,0xfd00,0xfd00,0xfd00,
    0xfd00,0xfd00,0xfd00,0xfd00,0xfd00,0xfd00,0xfd00,0xfd00,0xfd00,0xfd00,0xfd00,0xfd00,0xfd00,0xfd00,0xfd00,0xfd00,
    0xfd00,0xfd00,0xfd00,0xfd00,0xfd00,0xfd00,0xfd00,0xfd00,0xfd00,0xfd00,0xfd00,0xfd00,0xfd00,0xfd00,0xfd00,0xfd00,
    0xfd00,0xfd00,0xfd00,0xfd00,0xfd00,0xfd00,0xfd00,0xfd00,0xfd00,0xfd00,0xfd00,0xfd00,0xfd00,0xfd00,0xfd00,0xfd00,
    0xfd00,0xfd00,0xfd00,0xfd00,0xfd00,0x1082,0x1082,0x0000,0x0000,0x0000,0x0000,0x0000,0x0000,0x0000,0x0000,0x0000,
    0x0000,0x0000,0x0000,0x0000,0x0000,0x0000,0x0000,0x0000,0x0000,0x0000,0x1082,0x1082,0xfd00,0xfd00,0xfd00,0xfd00,
    0xfd00,0xfd00,0xfd00,0xfd00,0xfd00,0xfd00,0xfd00,0xfd00,0xfd00,0xfd00,0xfd00,0xfd00,0xfd00,0xfd00,0xfd00,0xfd00,
    0xfd00,0xfd00,0xfd00,0xfd00,0xfd00,0xfd00,0xfd00,0xfd00,0xfd00,0xfd00,0xfd00,0xfd00,0xfd00,0xfd00,0xfd00,0xfd00,
    0xfd00,0xfd00,0xfd00,0xfd00,0xfd00,0xfd00,0xfd00,0xfd00,0xfd00,0xfd00,0xfd00,0xfd00,0xfd00,0xfd00,0xfd00,0xfd00,
    0xfd00,0xfd00,0xfd00,0xfd00,0xfd00,0x1082,0x1082,0x0000,0x0000,0x0000,0x0000,0x0000,0x0000,0x0000,0x0000,0x0000,
    0x0000,0x0000,0x0000,0x0000,0x0000,0x0000,0x0000,0x0000,0x0000,0x0000,0x1082,0x1082,0xfd00,0xfd00,0xfd00,0xfd00,
    0xfd00,0xfd00,0xfd00,0xfd00,0xfd00,0xfd00,0xfd00,0xfd00,0xfd00,0xfd00,0xfd00,0xfd00,0xfd00,0xfd00,0xfd00,0xfd00,
    0xfd00,0xfd00,0xfd00,0xfd00,0xfd00,0xfd00,0xfd00,0xfd00,0xfd00,0xfd00,0xfd00,0xfd00,0xfd00,0xfd00,0xfd00,0xfd00,
    0xfd00,0xfd00,0xfd00,0xfd00,0xfd00,0xfd00,0xfd00,0xfd00,0xfd00,0xfd00,0xfd00,0xfd00,0xfd00,0xfd00,0xfd00,0xfd00,
    0xfd00,0xfd00,0xfd00,0xfd00,0xfd00,0x1082,0x1082,0x0000,0x0000,0x0000,0x0000,0x0000,0x0000,0x0000,0x0000,0x0000,
    0x0000,0x0000,0x0000,0x0000,0x0000,0x0000,0x0000,0x0000,0x0000,0x1082,0x1082,0xfd00,0xfd00,0xfd00,0xfd00,0xfd00,
    0xfd00,0xfd00,0xfd00,0xfd00,0xfd00,0xfd00,0xfd00,0xfd00,0xfd00,0xfd00,0xfd00,0xfd00,0xfd00,0xfd00,0xfd00,0xfd00,
    0xfd00,0xfd00,0xfd00,0xfd00,0xfd00,0xfd00,0xfd00,0xfd00,0xfd00,0xfd00,0xfd00,0xfd00,0xfd00,0xfd00,0xfd00,0xfd00,
    0xfd00,0xfd00,0xfd00,0xfd00,0xfd00,0xfd00,0xfd00,0xfd00,0xfd00,0xfd00,0xfd00,0xfd00,0xfd00,0xfd00,0xfd00,0xfd00,
    0xfd00,0xfd00,0xfd00,0xfd00,0xfd00,0xfd00,0x1082,0x1082,0x0000,0x0000,0x0000,0x0000,0x0000,0x0000,0x0000,0x0000,
    0x0000,0x0000,0x0000,0x0000,0x0000,0x0000,0x0000,0x0000,0x0000,0x0000,0x1082,0x1082,0xfd00,0xfd00,0xfd00,0xfd00,
    0xfd00,0xfd00,0xfd00,0xfd00,0xfd00,0xfd00,0xfd00,0xfd00,0xfd00,0xfd00,0xfd00,0xfd00,0xfd00,0xfd00,0xfd00,0xfd00,
    0xfd00,0xfd00,0xfd00,0xfd00,0xfd00,0xfd00,0xfd00,0xfd00,0xfd00,0xfd00,0xfd00,0xfd00,0xfd00,0xfd00,0xfd00,0xfd00,
    0xfd00,0xfd00,0xfd00,0xfd00,0xfd00,0xfd00,0xfd00,0xfd00,0xfd00,0xfd00,0xfd00,0xfd00,0xfd00,0xfd00,0xfd00,0xfd00,
    0xfd00,0xfd00,0xfd00,0xfd00,0xfd00,0x1082,0x1082,0x1082,0x0000,0x0000,0x0000,0x0000,0x0000,0x0000,0x0000,0x0000,
    0x0000,0x0000,0x0000,0x0000,0x0000,0x0000,0x0000,0x0000,0x0000,0x0000,0x1082,0x1082,0xfd00,0xfd00,0xfd00,0xfd00,
    0xfd00,0xfd00,0xfd00,0xfd00,0xfd00,0xfd00,0xfd00,0xfd00,0xfd00,0xfd00,0xfd00,0xfd00,0xfd00,0xfd00,0xfd00,0xfd00,
    0xfd00,0xfd00,0xfd00,0xfd00,0xfd00,0xfd00,0xfd00,0xfd00,0x1082,0xfd00,0xfd00,0xfd00,0xfd00,0xfd00,0xfd00,0xfd00,
    0xfd00,0xfd00,0xfd00,0xfd00,0xfd00,0xfd00,0xfd00,0xfd00,0xfd00,0xfd00,0xfd00,0xfd00,0xfd00,0xfd00,0xfd00,0xfd00,
    0xfd00,0xfd00,0xfd00,0xfd00,0xfd00,0x1082,0x1082,0x1082,0x1082,0x1082,0x0000,0x0000,0x0000,0x0000,0x0000,0x0000,
    0x0000,0x0000,0x0000,0x0000,0x0000,0x0000,0x0000,0x0000,0x0000,0x0000,0x1082,0x1082,0xfd00,0xfd00,0xfd00,0xfd00,
    0xfd00,0xfd00,0xfd00,0xfd00,0xfd00,0xfd00,0xfd00,0xfd00,0xfd00,0xfd00,0xfd00,0xfd00,0xfd00,0xfd00,0xfd00,0xfd00,
    0xfd00,0xfd00,0xfd00,0x1082,0x1082,0x1082,0x1082,0x1082,0x1082,0x1082,0x1082,0x1082,0x1082,0x1082,0xfd00,0xfd00,
    0xfd00,0xfd00,0xfd00,0xfd00,0xfd00,0xfd00,0xfd00,0xfd00,0xfd00,0xfd00,0xfd00,0xfd00,0xfd00,0xfd00,0xfd00,0xfd00,
    0xfd00,0xfd00,0xfd00,0xfd00,0xfd00,0x1082,0x1082,0x1082,0x1082,0x1082,0x1082,0x1082,0x0000,0x0000,0x0000,0x0000,
    0x0000,0x0000,0x0000,0x0000,0x0000,0x0000,0x0000,0x0000,0x0000,0x0000,0x1082,0x1082,0xfd00,0xfd00,0x1082,0x1082,
    0x1082,0xfd00,0xfd00,0xfd00,0xfd00,0xfd00,0xfd00,0xfd00,0xfd00,0xfd00,0xfd00,0xfd00,0xfd00,0xfd00,0xfd00,0xfd00,
    0x1082,0x1082,0x1082,0x1082,0x1082,0x1082,0x1082,0x1082,0xff34,0x1082,0x1082,0x1082,0x1082,0x1082,0x1082,0x1082,
    0x1082,0xfd00,0xfd00,0xfd00,0xfd00,0xfd00,0xfd00,0xfd00,0xfd00,0xfd00,0xfd00,0xfd00,0xfd00,0xfd00,0xfd00,0xfd00,
    0x1082,0x1082,0x1082,0xfd00,0xfd00,0x1082,0x1082,0xfac4,0x1082,0x1082,0x1082,0x1082,0x0000,0x0000,0x0000,0x0000,
    0x0000,0x0000,0x0000,0x0000,0x0000,0x0000,0x0000,0x0000,0x0000,0x0000,0x1082,0x1082,0xfd00,0x1082,0x1082,0x1082,
    0x1082,0xfd00,0xfd00,0xfd00,0xfd00,0xfd00,0xfd00,0xfd00,0xfd00,0xfd00,0xfd00,0xfd00,0xfd00,0xfd00,0xfd00,0x1082,
    0x1082,0x1082,0x1082,0xff34,0xff34,0xff34,0xff34,0xff34,0xff34,0xff34,0xff34,0xff34,0xff34,0xff34,0x1082,0x1082,
    0x1082,0x1082,0xfd00,0xfd00,0xfd00,0xfd00,0xfd00,0xfd00,0xfd00,0xfd00,0xfd00,0xfd00,0xfd00,0xfd00,0xfd00,0xfd00,
    0x1082,0x1082,0x1082,0x1082,0xfd00,0x1082,0x1082,0xfac4,0xfac4,0x1082,0x1082,0x1082,0x1082,0x0000,0x0000,0x0000,
    0x0000,0x0000,0x0000,0x0000,0x0000,0x0000,0x0000,0x0000,0x0000,0x0000,0x1082,0x1082,0x1082,0x1082,0x1082,0x1082,
    0x1082,0xfd00,0xfd00,0xfd00,0xfd00,0xfd00,0xfd00,0xfd00,0xfd00,0xfd00,0xfd00,0xfd00,0xfd00,0x1082,0x1082,0x1082,
    0x1082,0xff34,0xff34,0xff34,0x0000,0x0000,0x0000,0x0000,0x0000,0x0000,0x0000,0x0000,0x0000,0xff34,0xff34,0xff34,
    0x1082,0x1082,0x1082,0x1082,0xfd00,0xfd00,0xfd00,0xfd00,0xfd00,0xfd00,0xfd00,0xfd00,0xfd00,0xfd00,0xfd00,0xfd00,
    0x1082,0x1082,0x1082,0x1082,0x1082,0x1082,0x1082,0xfac4,0xfac4,0x1082,0x1082,0x1082,0x1082,0x0000,0x0000,0x0000,
    0x0000,0x0000,0x0000,0x0000,0x0000,0x0000,0x0000,0x0000,0x0000,0x0000,0x1082,0x1082,0x1082,0x1082,0x1082,0x1082,
    0xfd00,0xfd00,0xfd00,0xfd00,0xfd00,0xfd00,0xfd00,0xfd00,0xfd00,0xfd00,0xfd00,0xfd00,0x1082,0x1082,0x1082,0x1082,
    0xff34,0xff34,0x0000,0x0000,0x0000,0x0000,0x0000,0x0000,0x0000,0x0000,0x0000,0x0000,0x0000,0x0000,0x0000,0xff34,
    0xff34,0x1082,0x1082,0x1082,0x1082,0xfd00,0xfd00,0xfd00,0xfd00,0xfd00,0xfd00,0xfd00,0xfd00,0xfd00,0xfd00,0xfd00,
    0xfd00,0x1082,0x1082,0x1082,0x1082,0x1082,0x1082,0xfac4,0xfac4,0xfac4,0x1082,0x1082,0x1082,0x1082,0x0000,0x0000,
    0x0000,0x0000,0x0000,0x0000,0x0000,0x0000,0x0000,0x0000,0x0000,0x0000,0x1082,0x1082,0x1082,0x1082,0x1082,0xfd00,
    0xfd00,0xfd00,0xfd00,0xfd00,0xfd00,0xfd00,0xfd00,0xfd00,0xfd00,0xfd00,0xfd00,0xfd00,0x1082,0x1082,0x1082,0xff34,
    0xff34,0x0000,0x0000,0x0000,0x0000,0x0000,0x0000,0x0000,0x0000,0x0000,0x0000,0x0000,0x0000,0x0000,0x0000,0x0000,
    0xff34,0xff34,0x1082,0x1082,0x1082,0xfd00,0xfd00,0xfd00,0xfd00,0xfd00,0xfd00,0xfd00,0xfd00,0xfd00,0xfd00,0xfd00,
    0xfd00,0xfd00,0x1082,0x1082,0x1082,0x1082,0x1082,0xfac4,0xfac4,0x1082,0x1082,0x1082,0x1082,0x0000,0x0000,0x0000,
    0x0000,0x0000,0x0000,0x0000,0x0000,0x0000,0x0000,0x0000,0x0000,0x1082,0xfac4,0x1082,0x1082,0x1082,0xfd00,0xfd00,
    0xfd00,0xfd00,0xfd00,0xfd00,0xfd00,0xfd00,0xfd00,0xfd00,0xfd00,0xfd00,0xfd00,0x1082,0x1082,0x1082,0xff34,0xff34,
    0x0000,0x0000,0x0000,0x0000,0x0000,0x0000,0x0000,0xff34,0xff34,0xff34,0x0000,0x0000,0x0000,0x0000,0x0000,0x0000,
    0x0000,0xff34,0xff34,0x1082,0x1082,0x1082,0xfd00,0xfd00,0xfd00,0xfd00,0xfd00,0xfd00,0xfd00,0xfd00,0xfd00,0xfd00,
    0xfd00,0xfd00,0xfd00,0x1082,0x1082,0x1082,0xfac4,0x1082,0xfac4,0x1082,0x1082,0x1082,0x1082,0x0000,0x0000,0x0000,
    0x0000,0x0000,0x0000,0x0000,0x0000,0x0000,0x0000,0x0000,0xfac4,0xfac4,0xfac4,0xfac4,0xfac4,0xfd00,0xfd00,0xfd00,
    0xfd00,0xfd00,0xfd00,0xfd00,0xfd00,0xfd00,0xfd00,0xfd00,0xfd00,0xfd00,0x1082,0x1082,0x1082,0xff34,0xff34,0xff34,
    0x0000,0x0000,0x0000,0x0000,0x0000,0xff34,0xff34,0xff34,0xff34,0xff34,0xff34,0xff34,0x0000,0x0000,0x0000,0x0000,
    0x0000,0xff34,0xff34,0xff34,0x1082,0x1082,0x1082,0xfd00,0xfd00,0xfd00,0xfd00,0xfd00,0xfd00,0xfd00,0xfd00,0xfd00,
    0xfd00,0xfd00,0xfd00,0xfd00,0xfac4,0xfac4,0xfac4,0xfac4,0xfac4,0x1082,0x1082,0x1082,0x0000,0x0000,0x0000,0x0000,
    0x0000,0x0000,0x0000,0x0000,0x0000,0x0000,0x0000,0x0000,0xfac4,0xfac4,0xfac4,0xfac4,0xfac4,0x1082,0xfd00,0xfd00,
    0xfd00,0xfd00,0xfd00,0xfd00,0xfd00,0xfd00,0xfd00,0xfd00,0xfd00,0xfd00,0x1082,0x1082,0x1082,0xff34,0xff34,0x0000,
    0x0000,0x0000,0x0000,0x0000,0xff34,0xff34,0xff34,0xff34,0xff34,0xff34,0xff34,0xff34,0xff34,0x0000,0x0000,0x0000,
    0x0000,0x0000,0xff34,0xff34,0x1082,0x1082,0x1082,0xfd00,0xfd00,0xfd00,0xfd00,0xfd00,0xfd00,0xfd00,0xfd00,0xfd00,
    0xfd00,0xfd00,0xfd00,0x1082,0xfac4,0xfac4,0xfac4,0xfac4,0xfac4,0x1082,0x1082,0x1082,0x0000,0x0000,0x0000,0x0000,
    0x0000,0x0000,0x0000,0x0000,0x0000,0x0000,0x0000,0xfac4,0xfac4,0xfac4,0xfac4,0xfac4,0xfac4,0xfac4,0xfd00,0xfd00,
    0xfd00,0xfd00,0xfd00,0xfd00,0xfd00,0xfd00,0xfd00,0xfd00,0xfd00,0xfd00,0x1082,0x1082,0x1082,0xff34,0xff34,0x0000,
    0x0000,0x0000,0x0000,0xff34,0xff34,0xff34,0xff34,0xff34,0xff34,0xff34,0xff34,0xff34,0xff34,0xff34,0x0000,0x0000,
    0x0000,0x0000,0xff34,0xff34,0x1082,0x1082,0x1082,0xfd00,0xfd00,0xfd00,0xfd00,0xfd00,0xfd00,0xfd00,0xfd00,0xfd00,
    0xfd00,0xfd00,0xfd00,0xfac4,0xfac4,0xfac4,0xfac4,0xfac4,0xfac4,0xfac4,0x0000,0x0000,0x0000,0x0000,0x0000,0x0000,
    0x0000,0x0000,0x0000,0x0000,0x0000,0x0000,0x0000,0x0000,0xfac4,0xfac4,0xfac4,0xfac4,0xfac4,0x1082,0x1082,0xfd00,
    0xfd00,0xfd00,0xfd00,0xfd00,0xfd00,0xfd00,0xfd00,0xfd00,0xfd00,0xfd00,0x1082,0x1082,0xff34,0xff34,0xff34,0x0000,
    0x0000,0x0000,0x0000,0xff34,0xff34,0xff34,0xff34,0xff34,0xff34,0xff34,0xff34,0xff34,0xff34,0xff34,0x0000,0x0000,
    0x0000,0x0000,0xff34,0xff34,0xff34,0x1082,0x1082,0xfd00,0xfd00,0xfd00,0xfd00,0xfd00,0xfd00,0xfd00,0xfd00,0xfd00,
    0xfd00,0xfd00,0x1082,0x1082,0xfac4,0xfac4,0xfac4,0xfac4,0xfac4,0x0000,0x0000,0x0000,0x0000,0x0000,0x0000,0x0000,
    0x0000,0x0000,0x0000,0x0000,0x0000,0x0000,0x0000,0x0000,0xfac4,0xfac4,0xfac4,0xfac4,0xfac4,0x1082,0x1082,0xfd00,
    0xfd00,0xfd00,0xfd00,0xfd00,0xfd00,0xfd00,0xfd00,0xfd00,0xfd00,0x1082,0x1082,0x1082,0x1082,0xff34,0xff34,0xff34,
    0xff34,0xff34,0xff34,0xff34,0xff34,0xff34,0xff34,0xff34,0xff34,0xff34,0xff34,0xff34,0xff34,0xff34,0xff34,0xff34,
    0xff34,0xff34,0xff34,0xff34,0x1082,0x1082,0x1082,0x1082,0xfd00,0xfd00,0xfd00,0xfd00,0xfd00,0xfd00,0xfd00,0xfd00,
    0xfd00,0xfd00,0x1082,0x1082,0xfac4,0xfac4,0xfac4,0xfac4,0xfac4,0x0000,0x0000,0x0000,0x0000,0x0000,0x0000,0x0000,
    0x0000,0x0000,0x0000,0x0000,0x0000,0x0000,0x0000,0x0000,0x0000,0x0000,0xfac4,0x0000,0x0000,0x1082,0x1082,0x1082,
    0xfd00,0xfd00,0xfd00,0xfd00,0xfd00,0xfd00,0xfd00,0xfd00,0xfd00,0xfd00,0x1082,0x1082,0x1082,0xff34,0xff34,0xff34,
    0xff34,0xff34,0xff34,0xff34,0xff34,0xff34,0xff34,0xff34,0xff34,0xff34,0xff34,0xff34,0xff34,0xff34,0xff34,0xff34,
    0xff34,0xff34,0xff34,0xff34,0x1082,0x1082,0x1082,0xfd00,0xfd00,0xfd00,0xfd00,0xfd00,0xfd00,0xfd00,0xfd00,0xfd00,
    0xfd00,0x1082,0x1082,0x1082,0x0000,0x0000,0xfac4,0x0000,0x0000,0x0000,0x0000,0x0000,0x0000,0x0000,0x0000,0x0000,
    0x0000,0x0000,0x0000,0x0000,0x0000,0x0000,0x0000,0x0000,0x0000,0x0000,0x0000,0x0000,0x0000,0x0000,0x1082,0x1082,
    0xfd00,0xfd00,0xfd00,0xfd00,0xfd00,0xfd00,0xfd00,0xfd00,0xfd00,0xfd00,0x1082,0x1082,0x1082,0xff34,0xff34,0xff34,
    0xff34,0xff34,0xff34,0xff34,0xff34,0xff34,0xff34,0xff34,0xff34,0xff34,0xff34,0xff34,0xff34,0xff34,0xff34,0xff34,
    0xff34,0xff34,0xff34,0xff34,0x1082,0x1082,0x1082,0xfd00,0xfd00,0xfd00,0xfd00,0xfd00,0xfd00,0xfd00,0xfd00,0xfd00,
    0xfd00,0x1082,0x1082,0x0000,0x0000,0x0000,0x0000,0x0000,0x0000,0x0000,0x0000,0x0000,0x0000,0x0000,0x0000,0x0000,
    0x0000,0x0000,0x0000,0x0000,0x0000,0x0000,0x0000,0x0000,0x0000,0x0000,0x0000,0x0000,0x0000,0x0000,0x0000,0x1082,
    0x1082,0xfd00,0xfd00,0xfd00,0xfd00,0xfd00,0xfd00,0xfd00,0xfd00,0xfd00,0x1082,0x1082,0x1082,0x1082,0xff34,0xff34,
    0xff34,0xff34,0xff34,0xff34,0xff34,0xff34,0xff34,0xff34,0xff34,0xff34,0xff34,0xff34,0xff34,0xff34,0xff34,0xff34,
    0xff34,0xff34,0xff34,0x1082,0x1082,0x1082,0x1082,0xfd00,0xfd00,0xfd00,0xfd00,0xfd00,0xfd00,0xfd00,0xfd00,0xfd00,
    0x1082,0x1082,0x0000,0x0000,0x0000,0x0000,0x0000,0x0000,0x0000,0x0000,0x0000,0x0000,0x0000,0x0000,0x0000,0x0000,
    0x0000,0x0000,0x0000,0x0000,0x0000,0x0000,0x0000,0x0000,0x0000,0x0000,0x0000,0x0000,0x0000,0x0000,0x0000,0x1082,
    0x1082,0x1082,0xfd00,0xfd00,0xfd00,0xfd00,0xfd00,0xfd00,0xfd00,0xfd00,0x1082,0x1082,0x1082,0x1082,0x1082,0xff34,
    0xff34,0xff34,0xff34,0xff34,0xff34,0xff34,0xff34,0xff34,0xff34,0xff34,0xff34,0xff34,0xff34,0xff34,0xff34,0xff34,
    0xff34,0xff34,0x1082,0x1082,0x1082,0x1082,0x1082,0xfd00,0xfd00,0xfd00,0xfd00,0xfd00,0xfd00,0xfd00,0xfd00,0x1082,
    0x1082,0x1082,0x0000,0x0000,0x0000,0x0000,0x0000,0x0000,0x0000,0x0000,0x0000,0x0000,0x0000,0x0000,0x0000,0x0000,
    0x0000,0x0000,0x0000,0x0000,0x0000,0x0000,0x0000,0x0000,0x0000,0x0000,0x0000,0x0000,0x0000,0x0000,0x0000,0x0000,
    0x1082,0x1082,0x1082,0xfd00,0xfd00,0xfd00,0xfd00,0xfd00,0xfd00,0xfd00,0xfd00,0x1082,0x1082,0x1082,0x1082,0x1082,
    0xff34,0xff34,0xff34,0xff34,0xff34,0xff34,0xff34,0xff34,0xff34,0xff34,0xff34,0xff34,0xff34,0xff34,0xff34,0xff34,
    0xff34,0x1082,0x1082,0x1082,0x1082,0x1082,0xfd00,0xfd00,0xfd00,0xfd00,0xfd00,0xfd00,0xfd00,0xfd00,0x1082,0x1082,
    0x1082,0x0000,0x0000,0x0000,0x0000,0x0000,0x0000,0x0000,0x0000,0x0000,0x0000,0x0000,0x0000,0x0000,0x0000,0x0000,
    0x0000,0x0000,0x0000,0x0000,0x0000,0x0000,0x0000,0x0000,0x0000,0x0000,0x0000,0x0000,0x0000,0x0000,0x0000,0x0000,
    0x0000,0x1082,0x1082,0xfd00,0xfd00,0xfd00,0xfd00,0xfd00,0xfd00,0xfd00,0xfd00,0xfd00,0x1082,0x1082,0x1082,0x1082,
    0x1082,0xff34,0xff34,0xff34,0xff34,0xff34,0xff34,0xff34,0xff34,0xff34,0xff34,0xff34,0xff34,0xff34,0xff34,0xff34,
    0x1082,0x1082,0x1082,0x1082,0x1082,0xfd00,0xfd00,0xfd00,0xfd00,0xfd00,0xfd00,0xfd00,0xfd00,0xfd00,0x1082,0x1082,
    0x0000,0x0000,0x0000,0x0000,0x0000,0x0000,0x0000,0x0000,0x0000,0x0000,0x0000,0x0000,0x0000,0x0000,0x0000,0x0000,
    0x0000,0x0000,0x0000,0x0000,0x0000,0x0000,0x0000,0x0000,0x0000,0x0000,0x0000,0x0000,0x0000,0x0000,0x0000,0x0000,
    0x0000,0x0000,0x1082,0x1082,0xfd00,0xfd00,0xfd00,0xfd00,0xfd00,0xfd00,0xfd00,0xfd00,0x1082,0x1082,0x1082,0x1082,
    0x1082,0x1082,0x1082,0xff34,0xff34,0xff34,0xff34,0xff34,0xff34,0xff34,0xff34,0xff34,0xff34,0xff34,0x1082,0x1082,
    0x1082,0x1082,0x1082,0x1082,0x1082,0xfd00,0xfd00,0xfd00,0xfd00,0xfd00,0xfd00,0xfd00,0xfd00,0x1082,0x1082,0x0000,
    0x0000,0x0000,0x0000,0x0000,0x0000,0x0000,0x0000,0x0000,0x0000,0x0000,0x0000,0x0000,0x0000,0x0000,0x0000,0x0000,
    0x0000,0x0000,0x0000,0x0000,0x0000,0x0000,0x0000,0x0000,0x0000,0x0000,0x0000,0x0000,0x0000,0x0000,0x0000,0x0000,
    0x0000,0x0000,0x0000,0x1082,0x1082,0x1082,0xfd00,0xfd00,0xfd00,0xfd00,0xfd00,0xfd00,0xfd00,0x1082,0x1082,0x1082,
    0x1082,0x1082,0x1082,0x1082,0x1082,0x1082,0x1082,0x1082,0xff34,0x1082,0x1082,0x1082,0x1082,0x1082,0x1082,0x1082,
    0x1082,0x1082,0x1082,0x1082,0xfd00,0xfd00,0xfd00,0xfd00,0xfd00,0xfd00,0xfd00,0x1082,0x1082,0x1082,0x0000,0x0000,
    0x0000,0x0000,0x0000,0x0000,0x0000,0x0000,0x0000,0x0000,0x0000,0x0000,0x0000,0x0000,0x0000,0x0000,0x0000,0x0000,
    0x0000,0x0000,0x0000,0x0000,0x0000,0x0000,0x0000,0x0000,0x0000,0x0000,0x0000,0x0000,0x0000,0x0000,0x0000,0x0000,
    0x0000,0x0000,0x0000,0x0000,0x1082,0x1082,0x1082,0xfd00,0xfd00,0xfd00,0xfd00,0xfd00,0xfd00,0xfd00,0xfd00,0x1082,
    0x1082,0x1082,0x1082,0x1082,0x1082,0x1082,0x1082,0x1082,0x1082,0x1082,0x1082,0x1082,0x1082,0x1082,0x1082,0x1082,
    0x1082,0x1082,0xfd00,0xfd00,0xfd00,0xfd00,0xfd00,0xfd00,0xfd00,0xfd00,0x1082,0x1082,0x1082,0x0000,0x0000,0x0000,
    0x0000,0x0000,0x0000,0x0000,0x0000,0x0000,0x0000,0x0000,0x0000,0x0000,0x0000,0x0000,0x0000,0x0000,0x0000,0x0000,
    0x0000,0x0000,0x0000,0x0000,0x0000,0x0000,0x0000,0x0000,0x0000,0x0000,0x0000,0x0000,0x0000,0x0000,0x0000,0x0000,
    0x0000,0x0000,0x0000,0x1082,0x1082,0x1082,0x1082,0x1082,0xfd00,0xfd00,0xfd00,0xfd00,0xfd00,0xfd00,0xfd00,0xfd00,
    0x1082,0x1082,0x1082,0x1082,0x1082,0x1082,0x1082,0x1082,0x1082,0x1082,0x1082,0x1082,0x1082,0x1082,0x1082,0x1082,
    0x1082,0xfd00,0xfd00,0xfd00,0xfd00,0xfd00,0xfd00,0xfd00,0xfd00,0x1082,0x1082,0x1082,0x1082,0x1082,0x0000,0x0000,
    0x0000,0x0000,0x0000,0x0000,0x0000,0x0000,0x0000,0x0000,0x0000,0x0000,0x0000,0x0000,0x0000,0x0000,0x0000,0x0000,
    0x0000,0x0000,0x0000,0x0000,0x0000,0x0000,0x0000,0x0000,0x0000,0x0000,0x0000,0x0000,0x0000,0x0000,0x0000,0x0000,
    0x0000,0x0000,0x0000,0x1082,0x59c4,0x59c4,0x1082,0x1082,0x1082,0x1082,0xfd00,0xfd00,0xfd00,0xfd00,0xfd00,0xfd00,
    0xfd00,0xfd00,0xfd00,0x1082,0x1082,0x1082,0x1082,0x1082,0x1082,0x1082,0x1082,0x1082,0x1082,0x1082,0xfd00,0xfd00,
    0xfd00,0xfd00,0xfd00,0xfd00,0xfd00,0xfd00,0xfd00,0x1082,0x1082,0x1082,0x1082,0x59c4,0x59c4,0x1082,0x0000,0x0000,
    0x0000,0x0000,0x0000,0x0000,0x0000,0x0000,0x0000,0x0000,0x0000,0x0000,0x0000,0x0000,0x0000,0x0000,0x0000,0x0000,
    0x0000,0x0000,0x0000,0x0000,0x0000,0x0000,0x0000,0x0000,0x0000,0x0000,0x0000,0x0000,0x0000,0x0000,0x0000,0x0000,
    0x0000,0x0000,0x1082,0x1082,0x1082,0x59c4,0x59c4,0x59c4,0x1082,0x1082,0x1082,0x1082,0xfd00,0xfd00,0xfd00,0xfd00,
    0xfd00,0xfd00,0xfd00,0xfd00,0xfd00,0xfd00,0xfd00,0xfd00,0x1082,0xfd00,0xfd00,0xfd00,0xfd00,0xfd00,0xfd00,0xfd00,
    0xfd00,0xfd00,0xfd00,0xfd00,0xfd00,0x1082,0x1082,0x1082,0x1082,0x59c4,0x59c4,0x59c4,0x1082,0x1082,0x1082,0x0000,
    0x0000,0x0000,0x0000,0x0000,0x0000,0x0000,0x0000,0x0000,0x0000,0x0000,0x0000,0x0000,0x0000,0x0000,0x0000,0x0000,
    0x0000,0x0000,0x0000,0x0000,0x0000,0x0000,0x0000,0x0000,0x0000,0x0000,0x0000,0x0000,0x0000,0x0000,0x0000,0x0000,
    0x0000,0x0000,0x0000,0x1082,0x1082,0x59c4,0x59c4,0x59c4,0x59c4,0x1082,0x1082,0x1082,0x1082,0x1082,0xfd00,0xfd00,
    0xfd00,0xfd00,0xfd00,0xfd00,0xfd00,0xfd00,0xfd00,0xfd00,0xfd00,0xfd00,0xfd00,0xfd00,0xfd00,0xfd00,0xfd00,0xfd00,
    0xfd00,0xfd00,0xfd00,0x1082,0x1082,0x1082,0x1082,0x1082,0x59c4,0x59c4,0x59c4,0x59c4,0x1082,0x1082,0x0000,0x0000,
    0x0000,0x0000,0x0000,0x0000,0x0000,0x0000,0x0000,0x0000,0x0000,0x0000,0x0000,0x0000,0x0000,0x0000,0x0000,0x0000,
    0x0000,0x0000,0x0000,0x0000,0x0000,0x0000,0x0000,0x0000,0x0000,0x0000,0x0000,0x0000,0x0000,0x0000,0x0000,0x0000,
    0x0000,0x0000,0x0000,0x1082,0x1082,0x1082,0x1082,0x59c4,0x59c4,0x59c4,0x59c4,0x1082,0x1082,0x1082,0x1082,0x1082,
    0x1082,0xfd00,0xfd00,0xfd00,0xfd00,0xfd00,0xfd00,0xfd00,0xfd00,0xfd00,0xfd00,0xfd00,0xfd00,0xfd00,0xfd00,0xfd00,
    0x1082,0x1082,0x1082,0x1082,0x1082,0x1082,0x59c4,0x59c4,0x59c4,0x59c4,0x1082,0x1082,0x1082,0x1082,0x0000,0x0000,
    0x0000,0x0000,0x0000,0x0000,0x0000,0x0000,0x0000,0x0000,0x0000,0x0000,0x0000,0x0000,0x0000,0x0000,0x0000,0x0000,
    0x0000,0x0000,0x0000,0x0000,0x0000,0x0000,0x0000,0x0000,0x0000,0x0000,0x0000,0x0000,0x0000,0x0000,0x0000,0x0000,
    0x0000,0x0000,0x0000,0x0000,0x1082,0x1082,0x1082,0x1082,0x1082,0x1082,0x1082,0x59c4,0x1082,0x1082,0x1082,0x1082,
    0x1082,0x1082,0x1082,0x1082,0x1082,0x1082,0x1082,0x1082,0xfd00,0x1082,0x1082,0x1082,0x1082,0x1082,0x1082,0x1082,
    0x1082,0x1082,0x1082,0x1082,0x1082,0x59c4,0x1082,0x1082,0x1082,0x1082,0x1082,0x1082,0x1082,0x0000,0x0000,0x0000,
    0x0000,0x0000,0x0000,0x0000,0x0000,0x0000,0x0000,0x0000,0x0000,0x0000,0x0000,0x0000,0x0000,0x0000,0x0000,0x0000,
    0x0000,0x0000,0x0000,0x0000,0x0000,0x0000,0x0000,0x0000,0x0000,0x0000,0x0000,0x0000,0x0000,0x0000,0x0000,0x0000,
    0x0000,0x0000,0x0000,0x0000,0x0000,0x0000,0x1082,0x1082,0x1082,0x1082,0x1082,0x1082,0x1082,0x1082,0x1082,0x1082,
    0x1082,0x1082,0x1082,0x1082,0x1082,0x1082,0x1082,0x1082,0x1082,0x1082,0x1082,0x1082,0x1082,0x1082,0x1082,0x1082,
    0x1082,0x1082,0x1082,0x1082,0x1082,0x1082,0x1082,0x1082,0x1082,0x1082,0x1082,0x0000,0x0000,0x0000,0x0000,0x0000,
    0x0000,0x0000,0x0000,0x0000,0x0000,0x0000,0x0000,0x0000,0x0000,0x0000,0x0000,0x0000,0x0000,0x0000,0x0000,0x0000,
    0x0000,0x0000,0x0000,0x0000,0x0000,0x0000,0x0000,0x0000,0x0000,0x0000,0x0000,0x0000,0x0000,0x0000,0x0000,0x0000,
    0x0000,0x0000,0x0000,0x0000,0x0000,0x0000,0x0000,0x0000,0x0000,0x0000,0x0000,0x1082,0x0000,0x0000,0x0000,0x0000,
    0x0000,0x0000,0x0000,0x0000,0x0000,0x0000,0x0000,0x0000,0x1082,0x0000,0x0000,0x0000,0x0000,0x0000,0x0000,0x0000,
    0x0000,0x0000,0x0000,0x0000,0x0000,0x1082,0x0000,0x0000,0x0000,0x0000,0x0000,0x0000,0x0000,0x0000,0x0000,0x0000,
    0x0000,0x0000,0x0000,0x0000,0x0000,0x0000,0x0000,0x0000,0x0000,0x0000,0x0000,0x0000,0x0000,0x0000,0x0000,0x0000,
    0x0000,0x0000,0x0000,0x0000,0x0000,0x0000,0x0000,0x0000,0x0000,0x0000,0x0000,0x0000,0x0000,0x0000,0x0000,0x0000,
    0x0000,0x0000,0x0000,0x0000,0x0000,0x0000,0x0000,0x0000,0x0000,0x0000,0x0000,0x0000,0x0000,0x0000,0x0000,0x0000,
    0x0000,0x0000,0x0000,0x0000,0x0000,0x0000,0x0000,0x0000,0x0000,0x0000,0x0000,0x0000,0x0000,0x0000,0x0000,0x0000,
    0x0000,0x0000,0x0000,0x0000,0x0000,0x0000,0x0000,0x0000,0x0000,0x0000,0x0000,0x0000,0x0000,0x0000,0x0000,0x0000,
    0x0000,0x0000,0x0000,0x0000,0x0000,0x0000,0x0000,0x0000,0x0000,0x0000,0x0000,0x0000,0x0000,0x0000,0x0000,0x0000,
    0x0000,0x0000,0x0000,0x0000,0x0000,0x0000,0x0000,0x0000,0x0000,0x0000,0x0000,0x0000,0x0000,0x0000,0x0000,0x0000,
    0x0000,0x0000,0x0000,0x0000,0x0000,0x0000,0x0000,0x0000,0x0000,0x0000,0x0000,0x0000,0x0000,0x0000,0x0000,0x0000,
    0x0000,0x0000,0x0000,0x0000,0x0000,0x0000,0x0000,0x0000,0x0000,0x0000,0x0000,0x0000,0x0000,0x0000,0x0000,0x0000,
    0x0000,0x0000,0x0000,0x0000,0x0000,0x0000,0x0000,0x0000,0x0000,0x0000,0x0000,0x0000,0x0000,0x0000,0x0000,0x0000,
    0x0000,0x0000,0x0000,0x0000,0x0000,0x0000,0x0000,0x0000,0x0000,0x0000,0x0000,0x0000,0x0000,0x0000,0x0000,0x0000,
    0x0000,0x0000,0x0000,0x0000,0x0000,0x0000,0x0000,0x0000,0x0000,0x0000,0x0000,0x0000,0x0000,0x0000,0x0000,0x0000,
    0x0000,0x0000,0x0000,0x0000,0x0000,0x0000,0x0000,0x0000,0x0000,0x0000,0x0000,0x0000,0x0000,0x0000,0x0000,0x0000,
    0x0000,0x0000,0x0000,0x0000,0x0000,0x0000,0x0000,0x0000,0x0000,0x0000,0x0000,0x0000,0x0000,0x0000,0x0000,0x0000,
    0x0000,0x0000,0x0000,0x0000,0x0000,0x0000,0x0000,0x0000,0x0000,0x0000,0x0000,0x0000,0x0000,0x0000,0x0000,0x0000,
    0x0000,0x0000,0x0000,0x0000,0x0000,0x0000,0x0000,0x0000,0x0000,0x0000,0x0000,0x0000,0x0000,0x0000,0x0000,0x0000,
    0x0000,0x0000,0x0000,0x0000,0x0000,0x0000,0x0000,0x0000,0x0000,0x0000,0x0000,0x0000,0x0000,0x0000,0x0000,0x0000,
    0x0000,0x0000,0x0000,0x0000,0x0000,0x0000,0x0000,0x0000,0x0000,0x0000,0x0000,0x0000,0x0000,0x0000,0x0000,0x0000,
    0x0000,0x0000,0x0000,0x0000,0x0000,0x0000,0x0000,0x0000,0x0000,0x0000,0x0000,0x0000,0x0000,0x0000,0x0000,0x0000,
    0x0000,0x0000,0x0000,0x0000,0x0000,0x0000,0x0000,0x0000,0x0000,0x0000,0x0000,0x0000,0x0000,0x0000,0x0000,0x0000,
    0x0000,0x0000,0x0000,0x0000,0x0000,0x0000,0x0000,0x0000,0x0000,0x0000,0x0000,0x0000,0x0000,0x0000,0x0000,0x0000,
    0x0000,0x0000,0x0000,0x0000,0x0000,0x0000,0x0000,0x0000,0x0000,0x0000,0x0000,0x0000,0x0000,0x0000,0x0000,0x0000,
    0x0000,0x0000,0x0000,0x0000,0x0000,0x0000,0x0000,0x0000,0x0000,0x0000,0x0000,0x0000,0x0000,0x0000,0x0000,0x0000,
    0x0000,0x0000,0x0000,0x0000,0x0000,0x0000,0x0000,0x0000,0x0000,0x0000,0x0000,0x0000,0x0000,0x0000,0x0000,0x0000,
    0x0000,0x0000,0x0000,0x0000,0x0000,0x0000,0x0000,0x0000,0x0000,0x0000,0x0000,0x0000,0x0000,0x0000,0x0000,0x0000,
    0x0000,0x0000,0x0000,0x0000,0x0000,0x0000,0x0000,0x0000,0x0000,0x0000,0x0000,0x0000,0x0000,0x0000,0x0000,0x0000,
    0x0000,0x0000,0x0000,0x0000,0x0000,0x0000,0x0000,0x0000,0x0000,0x0000,0x0000,0x0000,0x0000,0x0000,0x0000,0x0000,
    0x0000,0x0000,0x0000,0x0000,0x0000,0x0000,0x0000,0x0000,0x0000,0x0000,0x0000,0x0000,0x0000,0x0000,0x0000,0x0000,
    0x0000,0x0000,0x0000,0x0000,0x0000,0x0000,0x0000,0x0000,0x0000,0x0000,0x0000,0x0000,0x0000,0x0000,0x0000,0x0000,
    0x0000,0x0000,0x0000,0x0000,0x0000,0x0000,0x0000,0x0000,0x0000,0x0000,0x0000,0x0000,0x0000,0x0000,0x0000,0x0000,
    0x0000,0x0000,0x0000,0x0000,0x0000,0x0000,0x0000,0x0000,0x0000,0x0000,0x0000,0x0000,0x0000,0x0000,0x0000,0x0000,
    0x0000,0x0000,0x0000,0x0000,0x0000,0x0000,0x0000,0x0000,0x0000,0x0000,0x0000,0x0000,0x0000,0x0000,0x0000,0x0000,
    0x0000,0x0000,0x0000,0x0000,0x0000,0x0000,0x0000,0x0000,0x0000,0x0000,0x0000,0x0000,0x0000,0x0000,0x0000,0x0000,
    0x0000,0x0000,0x0000,0x0000,0x0000,0x0000,0x0000,0x0000,0x0000,0x0000,0x0000,0x0000,0x0000,0x0000,0x0000,0x0000,
    0x0000,0x0000,0x0000,0x0000,0x0000,0x0000,0x0000,0x0000,0x0000,0x0000,0x0000,0x0000,0x0000,0x0000,0x0000,0x0000,
    0x0000,0x0000,0x0000,0x0000,0x0000,0x0000,0x0000,0x0000,0x0000,0x0000,0x0000,0x0000,0x0000,0x0000,0x0000,0x0000,
  },
  // hungry frame 2
  {
    0x0000,0x0000,0x0000,0x0000,0x0000,0x0000,0x0000,0x0000,0x0000,0x0000,0x0000,0x0000,0x0000,0x0000,0x0000,0x0000,
    0x0000,0x0000,0x0000,0x0000,0x0000,0x0000,0x0000,0x0000,0x0000,0x0000,0x0000,0x0000,0x0000,0x0000,0x0000,0x0000,
    0x0000,0x0000,0x0000,0x0000,0x0000,0x0000,0x0000,0x0000,0x0000,0x0000,0x0000,0x0000,0x0000,0x0000,0x0000,0x0000,
    0x0000,0x0000,0x0000,0x0000,0x0000,0x0000,0x0000,0x0000,0x0000,0x0000,0x0000,0x0000,0x0000,0x0000,0x0000,0x0000,
    0x0000,0x0000,0x0000,0x0000,0x0000,0x0000,0x0000,0x0000,0x0000,0x0000,0x0000,0x0000,0x0000,0x0000,0x0000,0x0000,
    0x0000,0x0000,0x0000,0x0000,0x0000,0x0000,0x0000,0x0000,0x0000,0x0000,0x0000,0x0000,0x0000,0x0000,0x0000,0x0000,
    0x0000,0x0000,0x0000,0x0000,0x0000,0x0000,0x0000,0x0000,0x0000,0x0000,0x0000,0x0000,0x0000,0x0000,0x0000,0x0000,
    0x0000,0x0000,0x0000,0x0000,0x0000,0x0000,0x0000,0x0000,0x0000,0x0000,0x0000,0x0000,0x0000,0x0000,0x0000,0x0000,
    0x0000,0x0000,0x0000,0x0000,0x0000,0x0000,0x0000,0x0000,0x0000,0x0000,0x0000,0x0000,0x0000,0x0000,0x0000,0x0000,
    0x0000,0x0000,0x0000,0x0000,0x0000,0x0000,0x0000,0x0000,0x0000,0x0000,0x0000,0x0000,0x0000,0x0000,0x0000,0x0000,
    0x0000,0x0000,0x0000,0x0000,0x0000,0x0000,0x0000,0x0000,0x0000,0x0000,0x0000,0x0000,0x0000,0x0000,0x0000,0x0000,
    0x0000,0x0000,0x0000,0x0000,0x0000,0x0000,0x0000,0x0000,0x0000,0x0000,0x0000,0x0000,0x0000,0x0000,0x0000,0x0000,
    0x0000,0x0000,0x0000,0x0000,0x0000,0x0000,0x0000,0x0000,0x0000,0x0000,0x0000,0x0000,0x0000,0x0000,0x0000,0x0000,
    0x0000,0x0000,0x0000,0x0000,0x0000,0x0000,0x0000,0x0000,0x0000,0x0000,0x0000,0x0000,0x0000,0x0000,0x0000,0x0000,
    0x0000,0x0000,0x0000,0x0000,0x0000,0x0000,0x0000,0x0000,0x0000,0x0000,0x0000,0x0000,0x0000,0x0000,0x0000,0x0000,
    0x0000,0x0000,0x0000,0x0000,0x0000,0x0000,0x0000,0x0000,0x0000,0x0000,0x0000,0x0000,0x0000,0x0000,0x0000,0x0000,
    0x0000,0x0000,0x0000,0x0000,0x0000,0x0000,0x0000,0x0000,0x0000,0x0000,0x0000,0x0000,0x0000,0x0000,0x0000,0x0000,
    0x0000,0x0000,0x0000,0x0000,0x0000,0x0000,0x0000,0x0000,0x0000,0x0000,0x0000,0x0000,0x0000,0x0000,0x0000,0x0000,
    0x0000,0x0000,0x0000,0x0000,0x0000,0x0000,0x0000,0x0000,0x0000,0x0000,0x0000,0x0000,0x0000,0x0000,0x0000,0x0000,
    0x0000,0x0000,0x0000,0x0000,0x0000,0x0000,0x0000,0x0000,0x0000,0x0000,0x0000,0x0000,0x0000,0x0000,0x0000,0x0000,
    0x0000,0x0000,0x0000,0x0000,0x0000,0x0000,0x0000,0x0000,0x0000,0x0000,0x0000,0x0000,0x0000,0x0000,0x0000,0x0000,
    0x0000,0x0000,0x0000,0x0000,0x0000,0x0000,0x0000,0x0000,0x0000,0x0000,0x0000,0x0000,0x0000,0x0000,0x0000,0x0000,
    0x0000,0x0000,0x0000,0x0000,0x0000,0x0000,0x0000,0x0000,0x0000,0x0000,0x0000,0x0000,0x0000,0x0000,0x0000,0x0000,
    0x0000,0x0000,0x0000,0x0000,0x0000,0x0000,0x0000,0x0000,0x0000,0x0000,0x0000,0x0000,0x0000,0x0000,0x0000,0x0000,
    0x0000,0x0000,0x0000,0x0000,0x0000,0x0000,0x0000,0x0000,0x0000,0x0000,0x0000,0x0000,0x0000,0x0000,0x0000,0x0000,
    0x0000,0x0000,0x0000,0x0000,0x0000,0x0000,0x0000,0x0000,0x0000,0x0000,0x0000,0x0000,0x0000,0x0000,0x0000,0x0000,
    0x0000,0x0000,0x0000,0x0000,0x0000,0x0000,0x0000,0x0000,0x0000,0x0000,0x0000,0x0000,0x0000,0x0000,0x0000,0x0000,
    0x0000,0x0000,0x0000,0x0000,0x0000,0x0000,0x0000,0x0000,0x0000,0x0000,0x0000,0x0000,0x0000,0x0000,0x0000,0x0000,
    0x0000,0x0000,0x0000,0x0000,0x0000,0x0000,0x0000,0x0000,0x0000,0x0000,0x0000,0x0000,0x0000,0x0000,0x0000,0x0000,
    0x0000,0x0000,0x0000,0x0000,0x0000,0x0000,0x0000,0x0000,0x0000,0x0000,0x0000,0x0000,0x0000,0x0000,0x0000,0x0000,
    0x0000,0x0000,0x0000,0x0000,0x0000,0x0000,0x0000,0x0000,0x0000,0x0000,0x0000,0x0000,0x0000,0x0000,0x0000,0x0000,
    0x0000,0x0000,0x0000,0x0000,0x0000,0x0000,0x0000,0x0000,0x0000,0x0000,0x0000,0x0000,0x0000,0x0000,0x0000,0x0000,
    0x0000,0x0000,0x0000,0x0000,0x0000,0x0000,0x0000,0x1082,0x1082,0x1082,0x0000,0x0000,0x0000,0x0000,0x0000,0x0000,
    0x0000,0x0000,0x0000,0x0000,0x0000,0x0000,0x0000,0x0000,0x0000,0x0000,0x0000,0x0000,0x0000,0x0000,0x0000,0x0000,
    0x0000,0x0000,0x0000,0x0000,0x0000,0x0000,0x0000,0x0000,0x0000,0x0000,0x0000,0x0000,0x0000,0x0000,0x0000,0x0000,
    0x0000,0x0000,0x0000,0x0000,0x0000,0x0000,0x0000,0x0000,0x0000,0x0000,0x0000,0x0000,0x0000,0x0000,0x0000,0x0000,
    0x0000,0x0000,0x0000,0x0000,0x0000,0x0000,0x0000,0x0000,0x0000,0x0000,0x0000,0x0000,0x0000,0x0000,0x0000,0x0000,
    0x0000,0x0000,0x0000,0x0000,0x0000,0x0000,0x0000,0xfac4,0xfac4,0xfac4,0x0000,0x0000,0x0000,0x0000,0x0000,0x0000,
    0x0000,0x0000,0x0000,0x0000,0x0000,0x0000,0x0000,0x0000,0x0000,0x0000,0x0000,0x0000,0x0000,0x0000,0x0000,0x0000,
    0x0000,0x0000,0x0000,0x0000,0x0000,0x0000,0x0000,0x0000,0x0000,0x0000,0x0000,0x0000,0x0000,0x0000,0x0000,0x0000,
    0x0000,0x0000,0x0000,0x0000,0x0000,0x0000,0x0000,0x0000,0x0000,0x0000,0x0000,0x0000,0x0000,0x0000,0x0000,0x0000,
    0x0000,0x0000,0x0000,0x0000,0x0000,0x0000,0x0000,0x0000,0x0000,0x0000,0x0000,0x0000,0x0000,0x0000,0x0000,0x0000,
    0x0000,0x0000,0x0000,0x0000,0x0000,0x0000,0x1082,0xfac4,0xfac4,0xfac4,0x1082,0x0000,0x0000,0x0000,0x0000,0x0000,
    0x0000,0x0000,0x0000,0x0000,0x0000,0x0000,0x0000,0x0000,0x0000,0x0000,0x0000,0x0000,0x0000,0x0000,0x0000,0x0000,
    0x0000,0x0000,0x0000,0x0000,0x0000,0x0000,0x0000,0x0000,0x0000,0x0000,0x0000,0x0000,0x0000,0x0000,0x0000,0x0000,
    0x0000,0x0000,0x0000,0x0000,0x0000,0x0000,0x0000,0x0000,0x0000,0x0000,0x0000,0x0000,0x0000,0x0000,0x0000,0x0000,
    0x0000,0x0000,0x0000,0x0000,0x0000,0x0000,0x0000,0x0000,0x0000,0x0000,0x0000,0x0000,0x0000,0x0000,0x0000,0x0000,
    0x0000,0x0000,0x0000,0x0000,0x0000,0x0000,0x1082,0xfac4,0xfac4,0xfac4,0x1082,0x0000,0x0000,0x0000,0x0000,0x0000,
    0x0000,0x0000,0x0000,0x0000,0x0000,0x0000,0x0000,0x0000,0x0000,0x0000,0x0000,0x0000,0x0000,0x0000,0x0000,0x0000,
    0x0000,0x0000,0x0000,0x0000,0x0000,0x0000,0x0000,0x0000,0x0000,0x0000,0x0000,0x0000,0x0000,0x0000,0x0000,0x0000,
    0x0000,0x0000,0x0000,0x0000,0x0000,0x0000,0x0000,0x0000,0x0000,0x0000,0x0000,0x0000,0x0000,0x0000,0x0000,0x0000,
    0x0000,0x0000,0x0000,0x0000,0x0000,0x0000,0x0000,0x0000,0x0000,0x0000,0x0000,0x0000,0x0000,0x0000,0x0000,0x0000,
    0x0000,0x1082,0x1082,0x1082,0x1082,0x1082,0xfac4,0xfac4,0xfac4,0xfac4,0xfac4,0x1082,0x1082,0x1082,0x1082,0x1082,
    0x0000,0x0000,0x0000,0x0000,0x0000,0x0000,0x0000,0x0000,0x0000,0x0000,0x0000,0x0000,0x0000,0x0000,0x0000,0x0000,
    0x0000,0x0000,0x0000,0x0000,0x0000,0x0000,0x0000,0x0000,0x0000,0x0000,0x0000,0x0000,0x0000,0x0000,0x0000,0x0000,
    0x0000,0x0000,0x0000,0x0000,0x0000,0x0000,0x0000,0x0000,0x0000,0x0000,0x0000,0x0000,0x0000,0x0000,0x0000,0x0000,
    0x0000,0x0000,0x0000,0x0000,0x0000,0x0000,0x0000,0x0000,0x0000,0x0000,0x0000,0x0000,0x0000,0x0000,0x1082,0x1082,
    0x1082,0x1082,0x1082,0x1082,0x1082,0x1082,0xfac4,0xfac4,0xfac4,0xfac4,0xfac4,0x1082,0x1082,0x1082,0x1082,0x1082,
    0x1082,0x1082,0x1082,0x0000,0x0000,0x0000,0x0000,0x0000,0x0000,0x0000,0x0000,0x0000,0x0000,0x0000,0x0000,0x0000,
    0x0000,0x0000,0x0000,0x0000,0x0000,0x0000,0x0000,0x0000,0x0000,0x0000,0x0000,0x0000,0x0000,0x0000,0x0000,0x0000,
    0x0000,0x0000,0x0000,0x0000,0x0000,0x0000,0x0000,0x0000,0x0000,0x0000,0x0000,0x0000,0x0000,0x0000,0x0000,0x0000,
    0x0000,0x0000,0x0000,0x0000,0x0000,0x0000,0x0000,0x0000,0x0000,0x0000,0x0000,0x1082,0x1082,0x1082,0x1082,0x1082,
    0x1082,0xfd00,0xfd00,0xfd00,0xfd00,0x1082,0xfac4,0xfac4,0xfac4,0xfac4,0xfac4,0x1082,0xfd00,0xfd00,0xfd00,0xfd00,
    0x1082,0x1082,0x1082,0x1082,0x1082,0x1082,0x0000,0x0000,0x0000,0x0000,0x0000,0x0000,0x0000,0x0000,0x0000,0x0000,
    0x0000,0x0000,0x0000,0x0000,0x0000,0x0000,0x0000,0x0000,0x0000,0x0000,0x0000,0x0000,0x0000,0x0000,0x0000,0x0000,
    0x0000,0x0000,0x0000,0x0000,0x0000,0x0000,0x0000,0x0000,0x0000,0x0000,0x0000,0x0000,0x0000,0x0000,0x0000,0x0000,
    0x0000,0x0000,0x0000,0x0000,0x0000,0x0000,0x0000,0x0000,0x0000,0x1082,0x1082,0x1082,0x1082,0x1082,0xfd00,0xfd00,
    0xfd00,0xfd00,0xfd00,0xfd00,0xfd00,0x1082,0xfac4,0xfac4,0xfac4,0xfac4,0xfac4,0x1082,0xfd00,0xfd00,0xfd00,0xfd00,
    0xfd00,0xfd00,0xfd00,0x1082,0x1082,0x1082,0x1082,0x1082,0x0000,0x0000,0x0000,0x0000,0x0000,0x0000,0x0000,0x0000,
    0x0000,0x0000,0x0000,0x0000,0x0000,0x0000,0x0000,0x0000,0x0000,0x0000,0x0000,0x0000,0x0000,0x0000,0x0000,0x0000,
    0x0000,0x0000,0x0000,0x0000,0x0000,0x0000,0x0000,0x0000,0x0000,0x0000,0x0000,0x0000,0x0000,0x0000,0x0000,0x0000,
    0x0000,0x0000,0x0000,0x0000,0x0000,0x0000,0x0000,0x0000,0x1082,0x1082,0x1082,0x1082,0xfd00,0xfd00,0xfd00,0xfd00,
    0xfd00,0xfd00,0xfd00,0xfd00,0xfd00,0x1082,0xfac4,0xfac4,0xfac4,0xfac4,0xfac4,0x1082,0xfd00,0xfd00,0xfd00,0xfd00,
    0xfd00,0xfd00,0xfd00,0xfd00,0xfd00,0x1082,0x1082,0x1082,0x1082,0x0000,0x0000,0x0000,0x0000,0x0000,0x0000,0x0000,
    0x0000,0x0000,0x0000,0x0000,0x0000,0x0000,0x0000,0x0000,0x0000,0x0000,0x0000,0x0000,0x0000,0x0000,0x0000,0x0000,
    0x0000,0x0000,0x0000,0x0000,0x0000,0x0000,0x0000,0x0000,0x0000,0x0000,0x0000,0x0000,0x0000,0x0000,0x0000,0x0000,
    0x0000,0x0000,0x0000,0x0000,0x0000,0x0000,0x1082,0x1082,0x1082,0x1082,0xfd00,0xfd00,0xfd00,0xfd00,0xfd00,0xfd00,
    0xfd00,0xfd00,0xfd00,0xfd00,0xfd00,0x1082,0x1082,0x1082,0xfd00,0x1082,0x1082,0x1082,0xfd00,0xfd00,0xfd00,0xfd00,
    0xfd00,0xfd00,0xfd00,0xfd00,0xfd00,0xfd00,0xfd00,0x1082,0x1082,0x1082,0x1082,0x0000,0x0000,0x0000,0x0000,0x0000,
    0x0000,0x0000,0x0000,0x0000,0x0000,0x0000,0x0000,0x0000,0x0000,0x0000,0x0000,0x0000,0x0000,0x0000,0x0000,0x0000,
    0x0000,0x0000,0x0000,0x0000,0x0000,0x0000,0x0000,0x0000,0x0000,0x0000,0x0000,0x0000,0x0000,0x0000,0x0000,0x0000,
    0x0000,0x0000,0x0000,0x0000,0x0000,0x1082,0x1082,0x1082,0x1082,0x1082,0x1082,0x1082,0x1082,0xfd00,0xfd00,0xfd00,
    0xfd00,0xfd00,0xfd00,0xfd00,0xfd00,0xfd00,0xfd00,0xfd00,0xfd00,0xfd00,0xfd00,0xfd00,0xfd00,0xfd00,0xfd00,0xfd00,
    0xfd00,0xfd00,0xfd00,0xfd00,0x1082,0x1082,0x1082,0x1082,0x1082,0x1082,0x1082,0x1082,0x0000,0x0000,0x0000,0x0000,
    0x0000,0x0000,0x0000,0x0000,0x0000,0x0000,0x0000,0x0000,0x0000,0x0000,0x0000,0x0000,0x0000,0x0000,0x0000,0x0000,
    0x0000,0x0000,0x0000,0x0000,0x0000,0x0000,0x0000,0x0000,0x0000,0x0000,0x0000,0x0000,0x0000,0x0000,0x0000,0x0000,
    0x0000,0x0000,0x0000,0x0000,0x1082,0x1082,0x1082,0x1082,0x1082,0x1082,0x1082,0x1082,0x1082,0x1082,0xfd00,0xfd00,
    0xfd00,0xfd00,0xfd00,0xfd00,0xfd00,0xfd00,0xfd00,0xfd00,0xfd00,0xfd00,0xfd00,0xfd00,0xfd00,0xfd00,0xfd00,0xfd00,
    0xfd00,0xfd00,0xfd00,0x1082,0x1082,0x1082,0x1082,0x1082,0x1082,0x1082,0x1082,0x1082,0x1082,0x0000,0x0000,0x0000,
    0x0000,0x0000,0x0000,0x0000,0x0000,0x0000,0x0000,0x0000,0x0000,0x0000,0x0000,0x0000,0x0000,0x0000,0x0000,0x0000,
    0x0000,0x0000,0x0000,0x0000,0x0000,0x0000,0x0000,0x0000,0x0000,0x0000,0x0000,0x0000,0x0000,0x0000,0x0000,0x0000,
    0x0000,0x0000,0x0000,0x1082,0x1082,0x1082,0x1082,0x1082,0x1082,0xfac4,0x1082,0x1082,0x1082,0x1082,0x1082,0xfd00,
    0xfd00,0xfd00,0xfd00,0xfd00,0xfd00,0xfd00,0xfd00,0xfd00,0xfd00,0xfd00,0xfd00,0xfd00,0xfd00,0xfd00,0xfd00,0xfd00,
    0xfd00,0xfd00,0x1082,0x1082,0x1082,0x1082,0x1082,0xfac4,0x1082,0x1082,0x1082,0x1082,0x1082,0x1082,0x0000,0x0000,
    0x0000,0x0000,0x0000,0x0000,0x0000,0x0000,0x0000,0x0000,0x0000,0x0000,0x0000,0x0000,0x0000,0x0000,0x0000,0x0000,
    0x0000,0x0000,0x0000,0x0000,0x0000,0x0000,0x0000,0x0000,0x0000,0x0000,0x0000,0x0000,0x0000,0x0000,0x0000,0x0000,
    0x0000,0x0000,0x1082,0x1082,0x1082,0x1082,0x1082,0xfac4,0xfac4,0xfac4,0xfac4,0xfac4,0x1082,0x1082,0x1082,0x1082,
    0xfd00,0xfd00,0xfd00,0xfd00,0xfd00,0xfd00,0xfd00,0xfd00,0xfd00,0xfd00,0xfd00,0xfd00,0xfd00,0xfd00,0xfd00,0xfd00,
    0xfd00,0x1082,0x1082,0x1082,0x1082,0xfac4,0xfac4,0xfac4,0xfac4,0xfac4,0x1082,0x1082,0x1082,0x1082,0x1082,0x0000,
    0x0000,0x0000,0x0000,0x0000,0x0000,0x0000,0x0000,0x0000,0x0000,0x0000,0x0000,0x0000,0x0000,0x0000,0x0000,0x0000,
    0x0000,0x0000,0x0000,0x0000,0x0000,0x0000,0x0000,0x0000,0x0000,0x0000,0x0000,0x0000,0x0000,0x0000,0x0000,0x0000,
    0x0000,0x1082,0x1082,0x1082,0x1082,0x1082,0xfac4,0xfac4,0xfac4,0xfac4,0xfac4,0xfac4,0xfac4,0x1082,0x1082,0x1082,
    0xfd00,0xfd00,0xfd00,0xfd00,0xfd00,0xfd00,0xfd00,0xfd00,0xfd00,0xfd00,0xfd00,0xfd00,0xfd00,0xfd00,0xfd00,0xfd00,
    0xfd00,0x1082,0x1082,0x1082,0xfac4,0xfac4,0xfac4,0xfac4,0xfac4,0xfac4,0xfac4,0x1082,0x1082,0x1082,0x1082,0x1082,
    0x0000,0x0000,0x0000,0x0000,0x0000,0x0000,0x0000,0x0000,0x0000,0x0000,0x0000,0x0000,0x0000,0x0000,0x0000,0x0000,
    0x0000,0x0000,0x0000,0x0000,0x0000,0x0000,0x0000,0x0000,0x0000,0x0000,0x0000,0x0000,0x0000,0x0000,0x0000,0x0000,
    0x1082,0x1082,0x1082,0x1082,0x1082,0x1082,0xfac4,0xfac4,0xfac4,0xfac4,0xfac4,0xfac4,0xfac4,0x1082,0x1082,0x1082,
    0xfd00,0xfd00,0xfd00,0xfd00,0xfd00,0xfd00,0xfd00,0xfd00,0xfd00,0xfd00,0xfd00,0xfd00,0xfd00,0xfd00,0xfd00,0xfd00,
    0xfd00,0x1082,0x1082,0x1082,0xfac4,0xfac4,0xfac4,0xfac4,0xfac4,0xfac4,0xfac4,0x1082,0x1082,0x1082,0x1082,0x1082,
    0x1082,0x0000,0x0000,0x0000,0x0000,0x0000,0x0000,0x0000,0x0000,0x0000,0x0000,0x0000,0x0000,0x0000,0x0000,0x0000,
    0x0000,0x0000,0x0000,0x0000,0x0000,0x0000,0x0000,0x0000,0x0000,0x0000,0x0000,0x0000,0x0000,0x0000,0x0000,0x1082,
    0x1082,0x1082,0x1082,0x1082,0x1082,0xfac4,0xfac4,0xfac4,0xfac4,0xfac4,0xfac4,0xfac4,0xfac4,0xfac4,0x1082,0x1082,
    0x1082,0xfd00,0xfd00,0xfd00,0xfd00,0xfd00,0xfd00,0xfd00,0xfd00,0xfd00,0xfd00,0xfd00,0xfd00,0xfd00,0xfd00,0xfd00,
    0x1082,0x1082,0x1082,0xfac4,0xfac4,0xfac4,0xfac4,0xfac4,0xfac4,0xfac4,0xfac4,0xfac4,0x1082,0x1082,0x1082,0x1082,
    0x1082,0x1082,0x0000,0x0000,0x0000,0x0000,0x0000,0x0000,0x0000,0x0000,0x0000,0x0000,0x0000,0x0000,0x0000,0x0000,
    0x0000,0x0000,0x0000,0x0000,0x0000,0x0000,0x0000,0x0000,0x0000,0x0000,0x0000,0x0000,0x0000,0x0000,0x0000,0x1082,
    0x1082,0xfd00,0xfd00,0x1082,0x1082,0x1082,0xfac4,0xfac4,0xfac4,0xfac4,0xfac4,0xfac4,0xfac4,0x1082,0x1082,0x1082,
    0xfd00,0xfd00,0xfd00,0xfd00,0xfd00,0xfd00,0xfd00,0xfd00,0xfd00,0xfd00,0xfd00,0xfd00,0xfd00,0xfd00,0xfd00,0xfd00,
    0xfd00,0x1082,0x1082,0x1082,0xfac4,0xfac4,0xfac4,0xfac4,0xfac4,0xfac4,0xfac4,0x1082,0x1082,0x1082,0xfd00,0xfd00,
    0x1082,0x1082,0x0000,0x0000,0x0000,0x0000,0x0000,0x0000,0x0000,0x0000,0x0000,0x0000,0x0000,0x0000,0x0000,0x0000,
    0x0000,0x0000,0x0000,0x0000,0x0000,0x0000,0x0000,0x0000,0x0000,0x0000,0x0000,0x0000,0x0000,0x0000,0x1082,0x1082,
    0xfd00,0xfd00,0xfd00,0x1082,0x1082,0x1082,0xfac4,0xfac4,0xfac4,0xfac4,0xfac4,0xfac4,0xfac4,0x1082,0x1082,0x1082,
    0xfd00,0xfd00,0xfd00,0xfd00,0xfd00,0xfd00,0xfd00,0xfd00,0xfd00,0xfd00,0xfd00,0xfd00,0xfd00,0xfd00,0xfd00,0xfd00,
    0xfd00,0x1082,0x1082,0x1082,0xfac4,0xfac4,0xfac4,0xfac4,0xfac4,0xfac4,0xfac4,0x1082,0x1082,0x1082,0xfd00,0xfd00,
    0xfd00,0x1082,0x1082,0x0000,0x0000,0x0000,0x0000,0x0000,0x0000,0x0000,0x0000,0x0000,0x0000,0x0000,0x0000,0x0000,
    0x0000,0x0000,0x0000,0x0000,0x0000,0x0000,0x0000,0x0000,0x0000,0x0000,0x0000,0x0000,0x0000,0x1082,0x1082,0x1082,
    0xfd00,0xfd00,0xfd00,0x1082,0x1082,0x1082,0x1082,0xfac4,0xfac4,0xfac4,0xfac4,0xfac4,0x1082,0x1082,0x1082,0x1082,
    0xfd00,0xfd00,0xfd00,0xfd00,0xfd00,0xfd00,0xfd00,0xfd00,0xfd00,0xfd00,0xfd00,0xfd00,0xfd00,0xfd00,0xfd00,0xfd00,
    0xfd00,0x1082,0x1082,0x1082,0x1082,0xfac4,0xfac4,0xfac4,0xfac4,0xfac4,0x1082,0x1082,0x1082,0x1082,0xfd00,0xfd00,
    0xfd00,0x1082,0x1082,0x1082,0x0000,0x0000,0x0000,0x0000,0x0000,0x0000,0x0000,0x0000,0x0000,0x0000,0x0000,0x0000,
    0x0000,0x0000,0x0000,0x0000,0x0000,0x0000,0x0000,0x0000,0x0000,0x0000,0x0000,0x0000,0x0000,0x1082,0x1082,0xfd00,
    0xfd00,0xfd00,0xfd00,0xfd00,0x1082,0x1082,0x1082,0x1082,0x1082,0xfac4,0x1082,0x1082,0x1082,0x1082,0x1082,0xfd00,
    0xfd00,0xfd00,0xfd00,0xfd00,0xfd00,0xfd00,0xfd00,0xfd00,0xfd00,0xfd00,0xfd00,0xfd00,0xfd00,0xfd00,0xfd00,0xfd00,
    0xfd00,0xfd00,0x1082,0x1082,0x1082,0x1082,0x1082,0xfac4,0x1082,0x1082,0x1082,0x1082,0x1082,0xfd00,0xfd00,0xfd00,
    0xfd00,0xfd00,0x1082,0x1082,0x0000,0x0000,0x0000,0x0000,0x0000,0x0000,0x0000,0x0000,0x0000,0x0000,0x0000,0x0000,
    0x0000,0x0000,0x0000,0x0000,0x0000,0x0000,0x0000,0x0000,0x0000,0x0000,0x0000,0x0000,0x1082,0x1082,0x1082,0xfd00,
    0xfd00,0xfd00,0xfd00,0xfd00,0xfd00,0x1082,0x1082,0x1082,0x1082,0x1082,0x1082,0x1082,0x1082,0x1082,0xfd00,0xfd00,
    0xfd00,0xfd00,0xfd00,0xfd00,0xfd00,0xfd00,0xfd00,0xfd00,0xfd00,0xfd00,0xfd00,0xfd00,0xfd00,0xfd00,0xfd00,0xfd00,
    0xfd00,0xfd00,0xfd00,0x1082,0x1082,0x1082,0x1082,0x1082,0x1082,0x1082,0x1082,0x1082,0xfd00,0xfd00,0xfd00,0xfd00,
    0xfd00,0xfd00,0x1082,0x1082,0x1082,0x0000,0x0000,0x0000,0x0000,0x0000,0x0000,0x0000,0x0000,0x0000,0x0000,0x0000,
    0x0000,0x0000,0x0000,0x0000,0x0000,0x0000,0x0000,0x0000,0x0000,0x0000,0x0000,0x0000,0x1082,0x1082,0xfd00,0xfd00,
    0xfd00,0xfd00,0xfd00,0xfd00,0xfd00,0xfd00,0x1082,0x1082,0x1082,0x1082,0x1082,0x1082,0x1082,0xfd00,0xfd00,0xfd00,
    0xfd00,0xfd00,0xfd00,0xfd00,0xfd00,0xfd00,0xfd00,0xfd00,0xfd00,0xfd00,0xfd00,0xfd00,0xfd00,0xfd00,0xfd00,0xfd00,
    0xfd00,0xfd00,0xfd00,0xfd00,0x1082,0x1082,0x1082,0x1082,0x1082,0x1082,0x1082,0xfd00,0xfd00,0xfd00,0xfd00,0xfd00,
    0xfd00,0xfd00,0xfd00,0x1082,0x1082,0x0000,0x0000,0x0000,0x0000,0x0000,0x0000,0x0000,0x0000,0x0000,0x0000,0x0000,
    0x0000,0x0000,0x0000,0x0000,0x0000,0x0000,0x0000,0x0000,0x0000,0x0000,0x0000,0x0000,0x1082,0x1082,0xfd00,0xfd00,
    0xfd00,0xfd00,0xfd00,0xfd00,0xfd00,0xfd00,0xfd00,0xfd00,0xfd00,0x1082,0xfd00,0xfd00,0xfd00,0xfd00,0xfd00,0xfd00,
    0xfd00,0xfd00,0xfd00,0xfd00,0xfd00,0xfd00,0xfd00,0xfd00,0xfd00,0xfd00,0xfd00,0xfd00,0xfd00,0xfd00,0xfd00,0xfd00,
    0xfd00,0xfd00,0xfd00,0xfd00,0xfd00,0xfd00,0xfd00,0x1082,0xfd00,0xfd00,0xfd00,0xfd00,0xfd00,0xfd00,0xfd00,0xfd00,
    0xfd00,0xfd00,0xfd00,0x1082,0x1082,0x0000,0x0000,0x0000,0x0000,0x0000,0x0000,0x0000,0x0000,0x0000,0x0000,0x0000,
    0x0000,0x0000,0x0000,0x0000,0x0000,0x0000,0x0000,0x0000,0x0000,0x0000,0x0000,0x1082,0x1082,0xfd00,0xfd00,0xfd00,
    0xfd00,0xfd00,0xfd00,0xfd00,0xfd00,0xfd00,0xfd00,0xfd00,0xfd00,0xfd00,0xfd00,0xfd00,0xfd00,0xfd00,0xfd00,0xfd00,
    0xfd00,0xfd00,0xfd00,0xfd00,0xfd00,0xfd00,0xfd00,0xfd00,0xfd00,0xfd00,0xfd00,0xfd00,0xfd00,0xfd00,0xfd00,0xfd00,
    0xfd00,0xfd00,0xfd00,0xfd00,0xfd00,0xfd00,0xfd00,0xfd00,0xfd00,0xfd00,0xfd00,0xfd00,0xfd00,0xfd00,0xfd00,0xfd00,
    0xfd00,0xfd00,0xfd00,0xfd00,0x1082,0x1082,0x0000,0x0000,0x0000,0x0000,0x0000,0x0000,0x0000,0x0000,0x0000,0x0000,
    0x0000,0x0000,0x0000,0x0000,0x0000,0x0000,0x0000,0x0000,0x0000,0x0000,0x0000,0x1082,0x1082,0xfd00,0xfd00,0xfd00,
    0xfd00,0xfd00,0xfd00,0xfd00,0xfd00,0xfd00,0xfd00,0xfd00,0xfd00,0xfd00,0xfd00,0xfd00,0xfd00,0xfd00,0xfd00,0xfd00,
    0xfd00,0xfd00,0xfd00,0xfd00,0xfd00,0xfd00,0xfd00,0xfd00,0xfd00,0xfd00,0xfd00,0xfd00,0xfd00,0xfd00,0xfd00,0xfd00,
    0xfd00,0xfd00,0xfd00,0xfd00,0xfd00,0xfd00,0xfd00,0xfd00,0xfd00,0xfd00,0xfd00,0xfd00,0xfd00,0xfd00,0xfd00,0xfd00,
    0xfd00,0xfd00,0xfd00,0xfd00,0x1082,0x1082,0x0000,0x0000,0x0000,0x0000,0x0000,0x0000,0x0000,0x0000,0x0000,0x0000,
    0x0000,0x0000,0x0000,0x0000,0x0000,0x0000,0x0000,0x0000,0x0000,0x0000,0x0000,0x1082,0x1082,0xfd00,0xfd00,0xfd00,
    0xfd00,0xfd00,0xfd00,0xfd00,0xfd00,0xfd00,0xfd00,0xfd00,0xfd00,0xfd00,0xfd00,0xfd00,0xfd00,0xfd00,0xfd00,0xfd00,
    0xfd00,0xfd00,0xfd00,0xfd00,0xfd00,0xfd00,0xfd00,0xfd00,0xfd00,0xfd00,0xfd00,0xfd00,0xfd00,0xfd00,0xfd00,0xfd00,
    0xfd00,0xfd00,0xfd00,0xfd00,0xfd00,0xfd00,0xfd00,0xfd00,0xfd00,0xfd00,0xfd00,0xfd00,0xfd00,0xfd00,0xfd00,0xfd00,
    0xfd00,0xfd00,0xfd00,0xfd00,0x1082,0x1082,0x0000,0x0000,0x0000,0x0000,0x0000,0x0000,0x0000,0x0000,0x0000,0x0000,
    0x0000,0x0000,0x0000,0x0000,0x0000,0x0000,0x0000,0x0000,0x0000,0x0000,0x1082,0x1082,0xfd00,0xfd00,0xfd00,0xfd00,
    0xfd00,0xfd00,0xfd00,0xfd00,0xfd00,0xfd00,0xfd00,0xfd00,0xfd00,0xfd00,0xfd00,0xfd00,0xfd00,0xfd00,0xfd00,0xfd00,
    0xfd00,0xfd00,0xfd00,0xfd00,0xfd00,0xfd00,0xfd00,0xfd00,0xfd00,0xfd00,0xfd00,0xfd00,0xfd00,0xfd00,0xfd00,0xfd00,
    0xfd00,0xfd00,0xfd00,0xfd00,0xfd00,0xfd00,0xfd00,0xfd00,0xfd00,0xfd00,0xfd00,0xfd00,0xfd00,0xfd00,0xfd00,0xfd00,
    0xfd00,0xfd00,0xfd00,0xfd00,0xfd00,0x1082,0x1082,0x0000,0x0000,0x0000,0x0000,0x0000,0x0000,0x0000,0x0000,0x0000,
    0x0000,0x0000,0x0000,0x0000,0x0000,0x0000,0x0000,0x0000,0x0000,0x0000,0x1082,0x1082,0xfd00,0xfd00,0xfd00,0xfd00,
    0xfd00,0xfd00,0xfd00,0xfd00,0xfd00,0xfd00,0xfd00,0xfd00,0xfd00,0xfd00,0xfd00,0xfd00,0xfd00,0xfd00,0xfd00,0xfd00,
    0xfd00,0xfd00,0xfd00,0xfd00,0xfd00,0xfd00,0xfd00,0xfd00,0xfd00,0xfd00,0xfd00,0xfd00,0xfd00,0xfd00,0xfd00,0xfd00,
    0xfd00,0xfd00,0xfd00,0xfd00,0xfd00,0xfd00,0xfd00,0xfd00,0xfd00,0xfd00,0xfd00,0xfd00,0xfd00,0xfd00,0xfd00,0xfd00,
    0xfd00,0xfd00,0xfd00,0xfd00,0xfd00,0x1082,0x1082,0x0000,0x0000,0x0000,0x0000,0x0000,0x0000,0x0000,0x0000,0x0000,
    0x0000,0x0000,0x0000,0x0000,0x0000,0x0000,0x0000,0x0000,0x0000,0x0000,0x1082,0x1082,0xfd00,0xfd00,0xfd00,0xfd00,
    0xfd00,0xfd00,0xfd00,0xfd00,0xfd00,0xfd00,0xfd00,0xfd00,0xfd00,0xfd00,0xfd00,0xfd00,0xfd00,0xfd00,0xfd00,0xfd00,
    0xfd00,0xfd00,0xfd00,0xfd00,0xfd00,0xfd00,0xfd00,0xfd00,0xfd00,0xfd00,0xfd00,0xfd00,0xfd00,0xfd00,0xfd00,0xfd00,
    0xfd00,0xfd00,0xfd00,0xfd00,0xfd00,0xfd00,0xfd00,0xfd00,0xfd00,0xfd00,0xfd00,0xfd00,0xfd00,0xfd00,0xfd00,0xfd00,
    0xfd00,0xfd00,0xfd00,0xfd00,0xfd00,0x1082,0x1082,0x0000,0x0000,0x0000,0x0000,0x0000,0x0000,0x0000,0x0000,0x0000,
    0x0000,0x0000,0x0000,0x0000,0x0000,0x0000,0x0000,0x0000,0x0000,0x0000,0x1082,0x1082,0xfd00,0xfd00,0xfd00,0xfd00,
    0xfd00,0xfd00,0xfd00,0xfd00,0xfd00,0xfd00,0xfd00,0xfd00,0xfd00,0x0000,0x0000,0x0000,0xfd00,0xfd00,0xfd00,0xfd00,
    0xfd00,0xfd00,0xfd00,0xfd00,0xfd00,0xfd00,0xfd00,0xfd00,0xfd00,0xfd00,0xfd00,0xfd00,0xfd00,0xfd00,0xfd00,0xfd00,
    0xfd00,0x0000,0x0000,0x0000,0xfd00,0xfd00,0xfd00,0xfd00,0xfd00,0xfd00,0xfd00,0xfd00,0xfd00,0xfd00,0xfd00,0xfd00,
    0xfd00,0xfd00,0xfd00,0xfd00,0xfd00,0x1082,0x1082,0x0000,0x0000,0x0000,0x0000,0x0000,0x0000,0x0000,0x0000,0x0000,
    0x0000,0x0000,0x0000,0x0000,0x0000,0x0000,0x0000,0x0000,0x0000,0x0000,0x1082,0x1082,0xfd00,0xfd00,0xfd00,0xfd00,
    0xfd00,0xfd00,0xfd00,0xfd00,0xfd00,0xfd00,0xfd00,0xfd00,0xfd00,0xfd00,0xfd00,0xfd00,0x0000,0x0000,0x0000,0x0000,
    0xfd00,0xfd00,0xfd00,0xfd00,0xfd00,0xfd00,0xfd00,0xfd00,0xfd00,0xfd00,0xfd00,0xfd00,0xfd00,0xfd00,0xfd00,0xfd00,
    0xfd00,0xfd00,0xfd00,0xfd00,0x0000,0x0000,0x0000,0x0000,0xfd00,0xfd00,0xfd00,0xfd00,0xfd00,0xfd00,0xfd00,0xfd00,
    0xfd00,0xfd00,0xfd00,0xfd00,0xfd00,0x1082,0x1082,0x0000,0x0000,0x0000,0x0000,0x0000,0x0000,0x0000,0x0000,0x0000,
    0x0000,0x0000,0x0000,0x0000,0x0000,0x0000,0x0000,0x0000,0x0000,0x0000,0x1082,0x1082,0xfd00,0xfd00,0xfd00,0xfd00,
    0xfd00,0xfd00,0xfd00,0xfd00,0xfd00,0xfd00,0xfd00,0xfd00,0xfd00,0xfd00,0xfd00,0xfd00,0xfd00,0xfd00,0xfd00,0xfd00,
    0xfd00,0xfd00,0xfd00,0xfd00,0xfd00,0xfd00,0xfd00,0xfd00,0xfd00,0xfd00,0xfd00,0xfd00,0xfd00,0xfd00,0xfd00,0xfd00,
    0xfd00,0xfd00,0xfd00,0xfd00,0xfd00,0xfd00,0xfd00,0xfd00,0xfd00,0xfd00,0xfd00,0xfd00,0xfd00,0xfd00,0xfd00,0xfd00,
    0xfd00,0xfd00,0xfd00,0xfd00,0xfd00,0x1082,0x1082,0x0000,0x0000,0x0000,0x0000,0x0000,0x0000,0x0000,0x0000,0x0000,
    0x0000,0x0000,0x0000,0x0000,0x0000,0x0000,0x0000,0x0000,0x0000,0x0000,0x1082,0x1082,0xfd00,0xfd00,0xfd00,0xfd00,
    0xfd00,0xfd00,0xfd00,0xfd00,0xfd00,0xfd00,0xfd00,0xfd00,0xfd00,0xfd00,0xfd00,0xfd00,0xfd00,0xfd00,0xfd00,0xfd00,
    0xfd00,0xfd00,0xfd00,0xfd00,0xfd00,0xfd00,0xfd00,0xfd00,0xfd00,0xfd00,0xfd00,0xfd00,0xfd00,0xfd00,0xfd00,0xfd00,
    0xfd00,0xfd00,0xfd00,0xfd00,0xfd00,0xfd00,0xfd00,0xfd00,0xfd00,0xfd00,0xfd00,0xfd00,0xfd00,0xfd00,0xfd00,0xfd00,
    0xfd00,0xfd00,0xfd00,0xfd00,0xfd00,0x1082,0x1082,0x0000,0x0000,0x0000,0x0000,0x0000,0x0000,0x0000,0x0000,0x0000,
    0x0000,0x0000,0x0000,0x0000,0x0000,0x0000,0x0000,0x0000,0x0000,0x1082,0x1082,0xfd00,0xfd00,0xfd00,0xfd00,0xfd00,
    0xfd00,0xfd00,0xfd00,0xfd00,0xfd00,0xfd00,0xfd00,0xfd00,0xfd00,0xfd00,0xfd00,0xfd00,0xfd00,0xfd00,0xfd00,0xfd00,
    0xfd00,0xfd00,0xfd00,0xfd00,0xfd00,0xfd00,0xfd00,0xfd00,0xfd00,0xfd00,0xfd00,0xfd00,0xfd00,0xfd00,0xfd00,0xfd00,
    0xfd00,0xfd00,0xfd00,0xfd00,0xfd00,0xfd00,0xfd00,0xfd00,0xfd00,0xfd00,0xfd00,0xfd00,0xfd00,0xfd00,0xfd00,0xfd00,
    0xfd00,0xfd00,0xfd00,0xfd00,0xfd00,0xfd00,0x1082,0x1082,0x0000,0x0000,0x0000,0x0000,0x0000,0x0000,0x0000,0x0000,
    0x0000,0x0000,0x0000,0x0000,0x0000,0x0000,0x0000,0x0000,0x0000,0x0000,0x1082,0x1082,0xfd00,0xfd00,0xfd00,0xfd00,
    0xfd00,0xfd00,0xfd00,0xfd00,0xfd00,0xfd00,0xfd00,0xfd00,0xfd00,0xfd00,0xfd00,0xfd00,0xfd00,0xfd00,0xfd00,0xfd00,
    0xfd00,0xfd00,0xfd00,0xfd00,0xfd00,0xfd00,0xfd00,0xfd00,0xfd00,0xfd00,0xfd00,0xfd00,0xfd00,0xfd00,0xfd00,0xfd00,
    0xfd00,0xfd00,0xfd00,0xfd00,0xfd00,0xfd00,0xfd00,0xfd00,0xfd00,0xfd00,0xfd00,0xfd00,0xfd00,0xfd00,0xfd00,0xfd00,
    0xfd00,0xfd00,0xfd00,0xfd00,0xfd00,0x1082,0x1082,0x0000,0x0000,0x0000,0x0000,0x0000,0x0000,0x0000,0x0000,0x0000,
    0x0000,0x0000,0x0000,0x0000,0x0000,0x0000,0x0000,0x0000,0x0000,0x0000,0x1082,0x1082,0xfd00,0xfd00,0xfd00,0xfd00,
    0xfd00,0xfd00,0xfd00,0xfd00,0xfd00,0xfd00,0xfd00,0xfd00,0xfd00,0xfd00,0xfd00,0xfd00,0xfd00,0xfd00,0xfd00,0xfd00,
    0xfd00,0xfd00,0xfd00,0xfd00,0xfd00,0xfd00,0xfd00,0xfd00,0x1082,0xfd00,0xfd00,0xfd00,0xfd00,0xfd00,0xfd00,0xfd00,
    0xfd00,0xfd00,0xfd00,0xfd00,0xfd00,0xfd00,0xfd00,0xfd00,0xfd00,0xfd00,0xfd00,0xfd00,0xfd00,0xfd00,0xfd00,0xfd00,
    0xfd00,0xfd00,0xfd00,0xfd00,0xfd00,0x1082,0x1082,0x0000,0x0000,0x0000,0x0000,0x0000,0x0000,0x0000,0x0000,0x0000,
    0x0000,0x0000,0x0000,0x0000,0x0000,0x0000,0x0000,0x0000,0x0000,0x0000,0x1082,0x1082,0xfd00,0xfd00,0xfd00,0xfd00,
    0xfd00,0xfd00,0xfd00,0xfd00,0xfd00,0xfd00,0xfd00,0xfd00,0xfd00,0xfd00,0xfd00,0xfd00,0xfd00,0xfd00,0xfd00,0xfd00,
    0xfd00,0xfd00,0xfd00,0x1082,0x1082,0x1082,0x1082,0x1082,0x1082,0x1082,0x1082,0x1082,0x1082,0x1082,0xfd00,0xfd00,
    0xfd00,0xfd00,0xfd00,0xfd00,0xfd00,0xfd00,0xfd00,0xfd00,0xfd00,0xfd00,0xfd00,0xfd00,0xfd00,0xfd00,0xfd00,0xfd00,
    0xfd00,0xfd00,0xfd00,0xfd00,0xfd00,0x1082,0x1082,0x0000,0x0000,0x0000,0x0000,0x0000,0x0000,0x0000,0x0000,0x0000,
    0x0000,0x0000,0x0000,0x0000,0x0000,0x0000,0x0000,0x0000,0x0000,0x0000,0x1082,0x1082,0xfd00,0xfd00,0x1082,0x1082,
    0x1082,0xfd00,0xfd00,0xfd00,0xfd00,0xfd00,0xfd00,0xfd00,0xfd00,0xfd00,0xfd00,0xfd00,0xfd00,0xfd00,0xfd00,0xfd00,
    0x1082,0x1082,0x1082,0x1082,0x1082,0x1082,0x1082,0x1082,0xff34,0x1082,0x1082,0x1082,0x1082,0x1082,0x1082,0x1082,
    0x1082,0xfd00,0xfd00,0xfd00,0xfd00,0xfd00,0xfd00,0xfd00,0xfd00,0xfd00,0xfd00,0xfd00,0xfd00,0xfd00,0xfd00,0xfd00,
    0x1082,0x1082,0x1082,0xfd00,0xfd00,0x1082,0x1082,0x1082,0x0000,0x0000,0x0000,0x0000,0x0000,0x0000,0x0000,0x0000,
    0x0000,0x0000,0x0000,0x0000,0x0000,0x0000,0x0000,0x0000,0x0000,0x0000,0x1082,0x1082,0xfd00,0x1082,0x1082,0x1082,
    0x1082,0xfd00,0xfd00,0xfd00,0xfd00,0xfd00,0xfd00,0xfd00,0xfd00,0xfd00,0xfd00,0xfd00,0xfd00,0xfd00,0xfd00,0x1082,
    0x1082,0x1082,0x1082,0xff34,0xff34,0xff34,0xff34,0xff34,0xff34,0xff34,0xff34,0xff34,0xff34,0xff34,0x1082,0x1082,
    0x1082,0x1082,0xfd00,0xfd00,0xfd00,0xfd00,0xfd00,0xfd00,0xfd00,0xfd00,0xfd00,0xfd00,0xfd00,0xfd00,0xfd00,0xfd00,
    0x1082,0x1082,0x1082,0x1082,0xfd00,0x1082,0x1082,0x1082,0x1082,0x1082,0x0000,0x0000,0x0000,0x0000,0x0000,0x0000,
    0x0000,0x0000,0x0000,0x0000,0x0000,0x0000,0x0000,0x0000,0x0000,0x0000,0x1082,0x1082,0x1082,0x1082,0x1082,0x1082,
    0x1082,0xfd00,0xfd00,0xfd00,0xfd00,0xfd00,0xfd00,0xfd00,0xfd00,0xfd00,0xfd00,0xfd00,0xfd00,0x1082,0x1082,0x1082,
    0x1082,0xff34,0xff34,0xff34,0xff34,0xff34,0xff34,0xff34,0xff34,0xff34,0xff34,0xff34,0xff34,0xff34,0xff34,0xff34,
    0x1082,0x1082,0x1082,0x1082,0xfd00,0xfd00,0xfd00,0xfd00,0xfd00,0xfd00,0xfd00,0xfd00,0xfd00,0xfd00,0xfd00,0xfd00,
    0x1082,0x1082,0x1082,0x1082,0x1082,0x1082,0x1082,0x1082,0x1082,0x1082,0x1082,0x1082,0x0000,0x0000,0x0000,0x0000,
    0x0000,0x0000,0x0000,0x0000,0x0000,0x0000,0x0000,0x0000,0x0000,0x0000,0x1082,0x1082,0x1082,0x1082,0x1082,0x1082,
    0xfd00,0xfd00,0xfd00,0xfd00,0xfd00,0xfd00,0xfd00,0xfd00,0xfd00,0xfd00,0xfd00,0xfd00,0x1082,0x1082,0x1082,0x1082,
    0xff34,0xff34,0xff34,0xff34,0x0000,0x0000,0x0000,0x0000,0x0000,0x0000,0x0000,0x0000,0x0000,0xff34,0xff34,0xff34,
    0xff34,0x1082,0x1082,0x1082,0x1082,0xfd00,0xfd00,0xfd00,0xfd00,0xfd00,0xfd00,0xfd00,0xfd00,0xfd00,0xfd00,0xfd00,
    0xfd00,0x1082,0x1082,0x1082,0x1082,0x1082,0x1082,0xfac4,0x1082,0x1082,0x1082,0x1082,0x0000,0x0000,0x0000,0x0000,
    0x0000,0x0000,0x0000,0x0000,0x0000,0x0000,0x0000,0x0000,0x0000,0x0000,0x1082,0x1082,0x1082,0x1082,0x1082,0xfd00,
    0xfd00,0xfd00,0xfd00,0xfd00,0xfd00,0xfd00,0xfd00,0xfd00,0xfd00,0xfd00,0xfd00,0xfd00,0x1082,0x1082,0x1082,0xff34,
    0xff34,0xff34,0x0000,0x0000,0x0000,0x0000,0x0000,0x0000,0x0000,0x0000,0x0000,0x0000,0x0000,0x0000,0x0000,0xff34,
    0xff34,0xff34,0x1082,0x1082,0x1082,0xfd00,0xfd00,0xfd00,0xfd00,0xfd00,0xfd00,0xfd00,0xfd00,0xfd00,0xfd00,0xfd00,
    0xfd00,0xfd00,0x1082,0x1082,0x1082,0x1082,0x1082,0xfac4,0xfac4,0x1082,0x1082,0x1082,0x1082,0x0000,0x0000,0x0000,
    0x0000,0x0000,0x0000,0x0000,0x0000,0x0000,0x0000,0x0000,0x0000,0x1082,0xfac4,0x1082,0x1082,0x1082,0xfd00,0xfd00,
    0xfd00,0xfd00,0xfd00,0xfd00,0xfd00,0xfd00,0xfd00,0xfd00,0xfd00,0xfd00,0xfd00,0x1082,0x1082,0x1082,0xff34,0xff34,
    0xff34,0x0000,0x0000,0x0000,0x0000,0x0000,0x0000,0x0000,0x0000,0x0000,0x0000,0x0000,0x0000,0x0000,0x0000,0x0000,
    0xff34,0xff34,0xff34,0x1082,0x1082,0x1082,0xfd00,0xfd00,0xfd00,0xfd00,0xfd00,0xfd00,0xfd00,0xfd00,0xfd00,0xfd00,
    0xfd00,0xfd00,0xfd00,0x1082,0x1082,0x1082,0xfac4,0x1082,0xfac4,0x1082,0x1082,0x1082,0x1082,0x0000,0x0000,0x0000,
    0x0000,0x0000,0x0000,0x0000,0x0000,0x0000,0x0000,0x0000,0xfac4,0xfac4,0xfac4,0xfac4,0xfac4,0xfd00,0xfd00,0xfd00,
    0xfd00,0xfd00,0xfd00,0xfd00,0xfd00,0xfd00,0xfd00,0xfd00,0xfd00,0xfd00,0x1082,0x1082,0x1082,0xff34,0xff34,0xff34,
    0x0000,0x0000,0x0000,0x0000,0x0000,0x0000,0x0000,0xff34,0xff34,0xff34,0x0000,0x0000,0x0000,0x0000,0x0000,0x0000,
    0x0000,0xff34,0xff34,0xff34,0x1082,0x1082,0x1082,0xfd00,0xfd00,0xfd00,0xfd00,0xfd00,0xfd00,0xfd00,0xfd00,0xfd00,
    0xfd00,0xfd00,0xfd00,0xfd00,0xfac4,0xfac4,0xfac4,0xfac4,0xfac4,0xfac4,0x1082,0x1082,0x1082,0x1082,0x0000,0x0000,
    0x0000,0x0000,0x0000,0x0000,0x0000,0x0000,0x0000,0x0000,0xfac4,0xfac4,0xfac4,0xfac4,0xfac4,0x1082,0xfd00,0xfd00,
    0xfd00,0xfd00,0xfd00,0xfd00,0xfd00,0xfd00,0xfd00,0xfd00,0xfd00,0xfd00,0x1082,0x1082,0x1082,0xff34,0xff34,0xff34,
    0x0000,0x0000,0x0000,0x0000,0x0000,0xff34,0xff34,0xff34,0xff34,0xff34,0xff34,0xff34,0x0000,0x0000,0x0000,0x0000,
    0x0000,0xff34,0xff34,0xff34,0x1082,0x1082,0x1082,0xfd00,0xfd00,0xfd00,0xfd00,0xfd00,0xfd00,0xfd00,0xfd00,0xfd00,
    0xfd00,0xfd00,0xfd00,0x1082,0xfac4,0xfac4,0xfac4,0xfac4,0xfac4,0x1082,0x1082,0x1082,0x1082,0x0000,0x0000,0x0000,
    0x0000,0x0000,0x0000,0x0000,0x0000,0x0000,0x0000,0xfac4,0xfac4,0xfac4,0xfac4,0xfac4,0xfac4,0xfac4,0xfd00,0xfd00,
    0xfd00,0xfd00,0xfd00,0xfd00,0xfd00,0xfd00,0xfd00,0xfd00,0xfd00,0xfd00,0x1082,0x1082,0x1082,0xff34,0xff34,0x0000,
    0x0000,0x0000,0x0000,0x0000,0xff34,0xff34,0xff34,0xff34,0xff34,0xff34,0xff34,0xff34,0xff34,0x0000,0x0000,0x0000,
    0x0000,0x0000,0xff34,0xff34,0x1082,0x1082,0x1082,0xfd00,0xfd00,0xfd00,0xfd00,0xfd00,0xfd00,0xfd00,0xfd00,0xfd00,
    0xfd00,0xfd00,0xfd00,0xfac4,0xfac4,0xfac4,0xfac4,0xfac4,0xfac4,0xfac4,0x1082,0x1082,0x1082,0x0000,0x0000,0x0000,
    0x0000,0x0000,0x0000,0x0000,0x0000,0x0000,0x0000,0x0000,0xfac4,0xfac4,0xfac4,0xfac4,0xfac4,0x1082,0x1082,0xfd00,
    0xfd00,0xfd00,0xfd00,0xfd00,0xfd00,0xfd00,0xfd00,0xfd00,0xfd00,0xfd00,0x1082,0x1082,0xff34,0xff34,0xff34,0x0000,
    0x0000,0x0000,0x0000,0xff34,0xff34,0xff34,0xff34,0xff34,0xff34,0xff34,0xff34,0xff34,0xff34,0xff34,0x0000,0x0000,
    0x0000,0x0000,0xff34,0xff34,0xff34,0x1082,0x1082,0xfd00,0xfd00,0xfd00,0xfd00,0xfd00,0xfd00,0xfd00,0xfd00,0xfd00,
    0xfd00,0xfd00,0x1082,0x1082,0xfac4,0xfac4,0xfac4,0xfac4,0xfac4,0x1082,0x1082,0x1082,0x0000,0x0000,0x0000,0x0000,
    0x0000,0x0000,0x0000,0x0000,0x0000,0x0000,0x0000,0x0000,0xfac4,0xfac4,0xfac4,0xfac4,0xfac4,0x1082,0x1082,0xfd00,
    0xfd00,0xfd00,0xfd00,0xfd00,0xfd00,0xfd00,0xfd00,0xfd00,0xfd00,0x1082,0x1082,0x1082,0x1082,0xff34,0xff34,0x0000,
    0x0000,0x0000,0x0000,0xff34,0xff34,0xff34,0xff34,0xff34,0xff34,0xff34,0xff34,0xff34,0xff34,0xff34,0x0000,0x0000,
    0x0000,0x0000,0xff34,0xff34,0x1082,0x1082,0x1082,0x1082,0xfd00,0xfd00,0xfd00,0xfd00,0xfd00,0xfd00,0xfd00,0xfd00,
    0xfd00,0xfd00,0x1082,0x1082,0xfac4,0xfac4,0xfac4,0xfac4,0xfac4,0x1082,0x1082,0x1082,0x0000,0x0000,0x0000,0x0000,
    0x0000,0x0000,0x0000,0x0000,0x0000,0x0000,0x0000,0x0000,0x0000,0x0000,0xfac4,0x0000,0x0000,0x1082,0x1082,0x1082,
    0xfd00,0xfd00,0xfd00,0xfd00,0xfd00,0xfd00,0xfd00,0xfd00,0xfd00,0xfd00,0x1082,0x1082,0x1082,0xff34,0xff34,0xff34,
    0xff34,0xff34,0xff34,0xff34,0xff34,0xff34,0xff34,0xff34,0xff34,0xff34,0xff34,0xff34,0xff34,0xff34,0xff34,0xff34,
    0xff34,0xff34,0xff34,0xff34,0x1082,0x1082,0x1082,0xfd00,0xfd00,0xfd00,0xfd00,0xfd00,0xfd00,0xfd00,0xfd00,0xfd00,
    0xfd00,0x1082,0x1082,0x1082,0x1082,0x1082,0xfac4,0x1082,0x1082,0x1082,0x0000,0x0000,0x0000,0x0000,0x0000,0x0000,
    0x0000,0x0000,0x0000,0x0000,0x0000,0x0000,0x0000,0x0000,0x0000,0x0000,0x0000,0x0000,0x0000,0x0000,0x1082,0x1082,
    0xfd00,0xfd00,0xfd00,0xfd00,0xfd00,0xfd00,0xfd00,0xfd00,0xfd00,0xfd00,0x1082,0x1082,0x1082,0xff34,0xff34,0xff34,
    0xff34,0xff34,0xff34,0xff34,0xff34,0xff34,0xff34,0xff34,0xff34,0xff34,0xff34,0xff34,0xff34,0xff34,0xff34,0xff34,
    0xff34,0xff34,0xff34,0xff34,0x1082,0x1082,0x1082,0xfd00,0xfd00,0xfd00,0xfd00,0xfd00,0xfd00,0xfd00,0xfd00,0xfd00,
    0xfd00,0x1082,0x1082,0x1082,0x1082,0x1082,0x1082,0x1082,0x0000,0x0000,0x0000,0x0000,0x0000,0x0000,0x0000,0x0000,
    0x0000,0x0000,0x0000,0x0000,0x0000,0x0000,0x0000,0x0000,0x0000,0x0000,0x0000,0x0000,0x0000,0x0000,0x0000,0x1082,
    0x1082,0xfd00,0xfd00,0xfd00,0xfd00,0xfd00,0xfd00,0xfd00,0xfd00,0xfd00,0x1082,0x1082,0x1082,0x1082,0xff34,0xff34,
    0xff34,0xff34,0xff34,0xff34,0xff34,0xff34,0xff34,0xff34,0xff34,0xff34,0xff34,0xff34,0xff34,0xff34,0xff34,0xff34,
    0xff34,0xff34,0xff34,0x1082,0x1082,0x1082,0x1082,0xfd00,0xfd00,0xfd00,0xfd00,0xfd00,0xfd00,0xfd00,0xfd00,0xfd00,
    0x1082,0x1082,0x1082,0x0000,0x0000,0x0000,0x0000,0x0000,0x0000,0x0000,0x0000,0x0000,0x0000,0x0000,0x0000,0x0000,
    0x0000,0x0000,0x0000,0x0000,0x0000,0x0000,0x0000,0x0000,0x0000,0x0000,0x0000,0x0000,0x0000,0x0000,0x0000,0x1082,
    0x1082,0x1082,0xfd00,0xfd00,0xfd00,0xfd00,0xfd00,0xfd00,0xfd00,0xfd00,0x1082,0x1082,0x1082,0x1082,0x1082,0xff34,
    0xff34,0xff34,0xff34,0xff34,0xff34,0xff34,0xff34,0xff34,0xff34,0xff34,0xff34,0xff34,0xff34,0xff34,0xff34,0xff34,
    0xff34,0xff34,0x1082,0x1082,0x1082,0x1082,0x1082,0xfd00,0xfd00,0xfd00,0xfd00,0xfd00,0xfd00,0xfd00,0xfd00,0x1082,
    0x1082,0x1082,0x0000,0x0000,0x0000,0x0000,0x0000,0x0000,0x0000,0x0000,0x0000,0x0000,0x0000,0x0000,0x0000,0x0000,
    0x0000,0x0000,0x0000,0x0000,0x0000,0x0000,0x0000,0x0000,0x0000,0x0000,0x0000,0x0000,0x0000,0x0000,0x0000,0x0000,
    0x1082,0x1082,0x1082,0xfd00,0xfd00,0xfd00,0xfd00,0xfd00,0xfd00,0xfd00,0xfd00,0x1082,0x1082,0x1082,0x1082,0x1082,
    0xff34,0xff34,0xff34,0xff34,0xff34,0xff34,0xff34,0xff34,0xff34,0xff34,0xff34,0xff34,0xff34,0xff34,0xff34,0xff34,
    0xff34,0x1082,0x1082,0x1082,0x1082,0x1082,0xfd00,0xfd00,0xfd00,0xfd00,0xfd00,0xfd00,0xfd00,0xfd00,0x1082,0x1082,
    0x1082,0x0000,0x0000,0x0000,0x0000,0x0000,0x0000,0x0000,0x0000,0x0000,0x0000,0x0000,0x0000,0x0000,0x0000,0x0000,
    0x0000,0x0000,0x0000,0x0000,0x0000,0x0000,0x0000,0x0000,0x0000,0x0000,0x0000,0x0000,0x0000,0x0000,0x0000,0x0000,
    0x0000,0x1082,0x1082,0xfd00,0xfd00,0xfd00,0xfd00,0xfd00,0xfd00,0xfd00,0xfd00,0xfd00,0x1082,0x1082,0x1082,0x1082,
    0x1082,0xff34,0xff34,0xff34,0xff34,0xff34,0xff34,0xff34,0xff34,0xff34,0xff34,0xff34,0xff34,0xff34,0xff34,0xff34,
    0x1082,0x1082,0x1082,0x1082,0x1082,0xfd00,0xfd00,0xfd00,0xfd00,0xfd00,0xfd00,0xfd00,0xfd00,0xfd00,0x1082,0x1082,
    0x0000,0x0000,0x0000,0x0000,0x0000,0x0000,0x0000,0x0000,0x0000,0x0000,0x0000,0x0000,0x0000,0x0000,0x0000,0x0000,
    0x0000,0x0000,0x0000,0x0000,0x0000,0x0000,0x0000,0x0000,0x0000,0x0000,0x0000,0x0000,0x0000,0x0000,0x0000,0x0000,
    0x0000,0x0000,0x1082,0x1082,0xfd00,0xfd00,0xfd00,0xfd00,0xfd00,0xfd00,0xfd00,0xfd00,0x1082,0x1082,0x1082,0x1082,
    0x1082,0x1082,0x1082,0xff34,0xff34,0xff34,0xff34,0xff34,0xff34,0xff34,0xff34,0xff34,0xff34,0xff34,0x1082,0x1082,
    0x1082,0x1082,0x1082,0x1082,0x1082,0xfd00,0xfd00,0xfd00,0xfd00,0xfd00,0xfd00,0xfd00,0xfd00,0x1082,0x1082,0x0000,
    0x0000,0x0000,0x0000,0x0000,0x0000,0x0000,0x0000,0x0000,0x0000,0x0000,0x0000,0x0000,0x0000,0x0000,0x0000,0x0000,
    0x0000,0x0000,0x0000,0x0000,0x0000,0x0000,0x0000,0x0000,0x0000,0x0000,0x0000,0x0000,0x0000,0x0000,0x0000,0x0000,
    0x0000,0x0000,0x0000,0x1082,0x1082,0x1082,0xfd00,0xfd00,0xfd00,0xfd00,0xfd00,0xfd00,0xfd00,0x1082,0x1082,0x1082,
    0x1082,0x1082,0x1082,0x1082,0x1082,0x1082,0x1082,0x1082,0xff34,0x1082,0x1082,0x1082,0x1082,0x1082,0x1082,0x1082,
    0x1082,0x1082,0x1082,0x1082,0xfd00,0xfd00,0xfd00,0xfd00,0xfd00,0xfd00,0xfd00,0x1082,0x1082,0x1082,0x0000,0x0000,
    0x0000,0x0000,0x0000,0x0000,0x0000,0x0000,0x0000,0x0000,0x0000,0x0000,0x0000,0x0000,0x0000,0x0000,0x0000,0x0000,
    0x0000,0x0000,0x0000,0x0000,0x0000,0x0000,0x0000,0x0000,0x0000,0x0000,0x0000,0x0000,0x0000,0x0000,0x0000,0x0000,
    0x0000,0x0000,0x0000,0x0000,0x1082,0x1082,0x1082,0xfd00,0xfd00,0xfd00,0xfd00,0xfd00,0xfd00,0xfd00,0xfd00,0x1082,
    0x1082,0x1082,0x1082,0x1082,0x1082,0x1082,0x1082,0x1082,0x1082,0x1082,0x1082,0x1082,0x1082,0x1082,0x1082,0x1082,
    0x1082,0x1082,0xfd00,0xfd00,0xfd00,0xfd00,0xfd00,0xfd00,0xfd00,0xfd00,0x1082,0x1082,0x1082,0x0000,0x0000,0x0000,
    0x0000,0x0000,0x0000,0x0000,0x0000,0x0000,0x0000,0x0000,0x0000,0x0000,0x0000,0x0000,0x0000,0x0000,0x0000,0x0000,
    0x0000,0x0000,0x0000,0x0000,0x0000,0x0000,0x0000,0x0000,0x0000,0x0000,0x0000,0x0000,0x0000,0x0000,0x0000,0x0000,
    0x0000,0x0000,0x0000,0x0000,0x1082,0x1082,0x1082,0x1082,0xfd00,0xfd00,0xfd00,0xfd00,0xfd00,0xfd00,0xfd00,0xfd00,
    0x1082,0x1082,0x1082,0x1082,0x1082,0x1082,0x1082,0x1082,0x1082,0x1082,0x1082,0x1082,0x1082,0x1082,0x1082,0x1082,
    0x1082,0xfd00,0xfd00,0xfd00,0xfd00,0xfd00,0xfd00,0xfd00,0xfd00,0x1082,0x1082,0x1082,0x1082,0x0000,0x0000,0x0000,
    0x0000,0x0000,0x0000,0x0000,0x0000,0x0000,0x0000,0x0000,0x0000,0x0000,0x0000,0x0000,0x0000,0x0000,0x0000,0x0000,
    0x0000,0x0000,0x0000,0x0000,0x0000,0x0000,0x0000,0x0000,0x0000,0x0000,0x0000,0x0000,0x0000,0x0000,0x0000,0x0000,
    0x0000,0x0000,0x0000,0x1082,0x1082,0x59c4,0x1082,0x1082,0x1082,0x1082,0xfd00,0xfd00,0xfd00,0xfd00,0xfd00,0xfd00,
    0xfd00,0xfd00,0xfd00,0x1082,0x1082,0x1082,0x1082,0x1082,0x1082,0x1082,0x1082,0x1082,0x1082,0x1082,0xfd00,0xfd00,
    0xfd00,0xfd00,0xfd00,0xfd00,0xfd00,0xfd00,0xfd00,0x1082,0x1082,0x1082,0x1082,0x59c4,0x1082,0x1082,0x0000,0x0000,
    0x0000,0x0000,0x0000,0x0000,0x0000,0x0000,0x0000,0x0000,0x0000,0x0000,0x0000,0x0000,0x0000,0x0000,0x0000,0x0000,
    0x0000,0x0000,0x0000,0x0000,0x0000,0x0000,0x0000,0x0000,0x0000,0x0000,0x0000,0x0000,0x0000,0x0000,0x0000,0x0000,
    0x0000,0x0000,0x0000,0x1082,0x59c4,0x59c4,0x59c4,0x59c4,0x1082,0x1082,0x1082,0x1082,0xfd00,0xfd00,0xfd00,0xfd00,
    0xfd00,0xfd00,0xfd00,0xfd00,0xfd00,0xfd00,0xfd00,0xfd00,0x1082,0xfd00,0xfd00,0xfd00,0xfd00,0xfd00,0xfd00,0xfd00,
    0xfd00,0xfd00,0xfd00,0xfd00,0xfd00,0x1082,0x1082,0x1082,0x1082,0x59c4,0x59c4,0x59c4,0x59c4,0x1082,0x0000,0x0000,
    0x0000,0x0000,0x0000,0x0000,0x0000,0x0000,0x0000,0x0000,0x0000,0x0000,0x0000,0x0000,0x0000,0x0000,0x0000,0x0000,
    0x0000,0x0000,0x0000,0x0000,0x0000,0x0000,0x0000,0x0000,0x0000,0x0000,0x0000,0x0000,0x0000,0x0000,0x0000,0x0000,
    0x0000,0x0000,0x1082,0x1082,0x1082,0x59c4,0x59c4,0x59c4,0x59c4,0x1082,0x1082,0x1082,0x1082,0x1082,0xfd00,0xfd00,
    0xfd00,0xfd00,0xfd00,0xfd00,0xfd00,0xfd00,0xfd00,0xfd00,0xfd00,0xfd00,0xfd00,0xfd00,0xfd00,0xfd00,0xfd00,0xfd00,
    0xfd00,0xfd00,0xfd00,0x1082,0x1082,0x1082,0x1082,0x1082,0x59c4,0x59c4,0x59c4,0x59c4,0x1082,0x1082,0x1082,0x0000,
    0x0000,0x0000,0x0000,0x0000,0x0000,0x0000,0x0000,0x0000,0x0000,0x0000,0x0000,0x0000,0x0000,0x0000,0x0000,0x0000,
    0x0000,0x0000,0x0000,0x0000,0x0000,0x0000,0x0000,0x0000,0x0000,0x0000,0x0000,0x0000,0x0000,0x0000,0x0000,0x0000,
    0x0000,0x0000,0x0000,0x1082,0x1082,0x59c4,0x59c4,0x59c4,0x59c4,0x59c4,0x59c4,0x1082,0x1082,0x1082,0x1082,0x1082,
    0x1082,0xfd00,0xfd00,0xfd00,0x1082,0x1082,0x1082,0x1082,0x1082,0x1082,0x1082,0x1082,0x1082,0xfd00,0xfd00,0xfd00,
    0x1082,0x1082,0x1082,0x1082,0x1082,0x1082,0x59c4,0x59c4,0x59c4,0x59c4,0x59c4,0x59c4,0x1082,0x1082,0x0000,0x0000,
    0x0000,0x0000,0x0000,0x0000,0x0000,0x0000,0x0000,0x0000,0x0000,0x0000,0x0000,0x0000,0x0000,0x0000,0x0000,0x0000,
    0x0000,0x0000,0x0000,0x0000,0x0000,0x0000,0x0000,0x0000,0x0000,0x0000,0x0000,0x0000,0x0000,0x0000,0x0000,0x0000,
    0x0000,0x0000,0x0000,0x1082,0x1082,0x1082,0x1082,0x59c4,0x59c4,0x59c4,0x59c4,0x59c4,0x59c4,0x59c4,0x1082,0x1082,
    0x1082,0x1082,0x1082,0x1082,0x1082,0x1082,0x1082,0x1082,0xfd00,0x1082,0x1082,0x1082,0x1082,0x1082,0x1082,0x1082,
    0x1082,0x1082,0x1082,0x59c4,0x59c4,0x59c4,0x59c4,0x59c4,0x59c4,0x59c4,0x1082,0x1082,0x1082,0x1082,0x0000,0x0000,
    0x0000,0x0000,0x0000,0x0000,0x0000,0x0000,0x0000,0x0000,0x0000,0x0000,0x0000,0x0000,0x0000,0x0000,0x0000,0x0000,
    0x0000,0x0000,0x0000,0x0000,0x0000,0x0000,0x0000,0x0000,0x0000,0x0000,0x0000,0x0000,0x0000,0x0000,0x0000,0x0000,
    0x0000,0x0000,0x0000,0x0000,0x1082,0x1082,0x1082,0x1082,0x1082,0x1082,0x1082,0x59c4,0x1082,0x1082,0x1082,0x1082,
    0x1082,0x1082,0x1082,0x1082,0x1082,0x1082,0x1082,0x1082,0x1082,0x1082,0x1082,0x1082,0x1082,0x1082,0x1082,0x1082,
    0x1082,0x1082,0x1082,0x1082,0x1082,0x59c4,0x1082,0x1082,0x1082,0x1082,0x1082,0x1082,0x1082,0x0000,0x0000,0x0000,
    0x0000,0x0000,0x0000,0x0000,0x0000,0x0000,0x0000,0x0000,0x0000,0x0000,0x0000,0x0000,0x0000,0x0000,0x0000,0x0000,
    0x0000,0x0000,0x0000,0x0000,0x0000,0x0000,0x0000,0x0000,0x0000,0x0000,0x0000,0x0000,0x0000,0x0000,0x0000,0x0000,
    0x0000,0x0000,0x0000,0x0000,0x0000,0x0000,0x1082,0x1082,0x1082,0x1082,0x1082,0x1082,0x1082,0x1082,0x1082,0x1082,
    0x1082,0x0000,0x0000,0x0000,0x0000,0x0000,0x0000,0x0000,0x1082,0x0000,0x0000,0x0000,0x0000,0x0000,0x0000,0x0000,
    0x1082,0x1082,0x1082,0x1082,0x1082,0x1082,0x1082,0x1082,0x1082,0x1082,0x1082,0x0000,0x0000,0x0000,0x0000,0x0000,
    0x0000,0x0000,0x0000,0x0000,0x0000,0x0000,0x0000,0x0000,0x0000,0x0000,0x0000,0x0000,0x0000,0x0000,0x0000,0x0000,
    0x0000,0x0000,0x0000,0x0000,0x0000,0x0000,0x0000,0x0000,0x0000,0x0000,0x0000,0x0000,0x0000,0x0000,0x0000,0x0000,
    0x0000,0x0000,0x0000,0x0000,0x0000,0x0000,0x0000,0x0000,0x0000,0x0000,0x0000,0x1082,0x0000,0x0000,0x0000,0x0000,
    0x0000,0x0000,0x0000,0x0000,0x0000,0x0000,0x0000,0x0000,0x0000,0x0000,0x0000,0x0000,0x0000,0x0000,0x0000,0x0000,
    0x0000,0x0000,0x0000,0x0000,0x0000,0x1082,0x0000,0x0000,0x0000,0x0000,0x0000,0x0000,0x0000,0x0000,0x0000,0x0000,
    0x0000,0x0000,0x0000,0x0000,0x0000,0x0000,0x0000,0x0000,0x0000,0x0000,0x0000,0x0000,0x0000,0x0000,0x0000,0x0000,
    0x0000,0x0000,0x0000,0x0000,0x0000,0x0000,0x0000,0x0000,0x0000,0x0000,0x0000,0x0000,0x0000,0x0000,0x0000,0x0000,
    0x0000,0x0000,0x0000,0x0000,0x0000,0x0000,0x0000,0x0000,0x0000,0x0000,0x0000,0x0000,0x0000,0x0000,0x0000,0x0000,
    0x0000,0x0000,0x0000,0x0000,0x0000,0x0000,0x0000,0x0000,0x0000,0x0000,0x0000,0x0000,0x0000,0x0000,0x0000,0x0000,
    0x0000,0x0000,0x0000,0x0000,0x0000,0x0000,0x0000,0x0000,0x0000,0x0000,0x0000,0x0000,0x0000,0x0000,0x0000,0x0000,
    0x0000,0x0000,0x0000,0x0000,0x0000,0x0000,0x0000,0x0000,0x0000,0x0000,0x0000,0x0000,0x0000,0x0000,0x0000,0x0000,
    0x0000,0x0000,0x0000,0x0000,0x0000,0x0000,0x0000,0x0000,0x0000,0x0000,0x0000,0x0000,0x0000,0x0000,0x0000,0x0000,
    0x0000,0x0000,0x0000,0x0000,0x0000,0x0000,0x0000,0x0000,0x0000,0x0000,0x0000,0x0000,0x0000,0x0000,0x0000,0x0000,
    0x0000,0x0000,0x0000,0x0000,0x0000,0x0000,0x0000,0x0000,0x0000,0x0000,0x0000,0x0000,0x0000,0x0000,0x0000,0x0000,
    0x0000,0x0000,0x0000,0x0000,0x0000,0x0000,0x0000,0x0000,0x0000,0x0000,0x0000,0x0000,0x0000,0x0000,0x0000,0x0000,
    0x0000,0x0000,0x0000,0x0000,0x0000,0x0000,0x0000,0x0000,0x0000,0x0000,0x0000,0x0000,0x0000,0x0000,0x0000,0x0000,
    0x0000,0x0000,0x0000,0x0000,0x0000,0x0000,0x0000,0x0000,0x0000,0x0000,0x0000,0x0000,0x0000,0x0000,0x0000,0x0000,
    0x0000,0x0000,0x0000,0x0000,0x0000,0x0000,0x0000,0x0000,0x0000,0x0000,0x0000,0x0000,0x0000,0x0000,0x0000,0x0000,
    0x0000,0x0000,0x0000,0x0000,0x0000,0x0000,0x0000,0x0000,0x0000,0x0000,0x0000,0x0000,0x0000,0x0000,0x0000,0x0000,
    0x0000,0x0000,0x0000,0x0000,0x0000,0x0000,0x0000,0x0000,0x0000,0x0000,0x0000,0x0000,0x0000,0x0000,0x0000,0x0000,
    0x0000,0x0000,0x0000,0x0000,0x0000,0x0000,0x0000,0x0000,0x0000,0x0000,0x0000,0x0000,0x0000,0x0000,0x0000,0x0000,
    0x0000,0x0000,0x0000,0x0000,0x0000,0x0000,0x0000,0x0000,0x0000,0x0000,0x0000,0x0000,0x0000,0x0000,0x0000,0x0000,
    0x0000,0x0000,0x0000,0x0000,0x0000,0x0000,0x0000,0x0000,0x0000,0x0000,0x0000,0x0000,0x0000,0x0000,0x0000,0x0000,
    0x0000,0x0000,0x0000,0x0000,0x0000,0x0000,0x0000,0x0000,0x0000,0x0000,0x0000,0x0000,0x0000,0x0000,0x0000,0x0000,
    0x0000,0x0000,0x0000,0x0000,0x0000,0x0000,0x0000,0x0000,0x0000,0x0000,0x0000,0x0000,0x0000,0x0000,0x0000,0x0000,
    0x0000,0x0000,0x0000,0x0000,0x0000,0x0000,0x0000,0x0000,0x0000,0x0000,0x0000,0x0000,0x0000,0x0000,0x0000,0x0000,
    0x0000,0x0000,0x0000,0x0000,0x0000,0x0000,0x0000,0x0000,0x0000,0x0000,0x0000,0x0000,0x0000,0x0000,0x0000,0x0000,
    0x0000,0x0000,0x0000,0x0000,0x0000,0x0000,0x0000,0x0000,0x0000,0x0000,0x0000,0x0000,0x0000,0x0000,0x0000,0x0000,
    0x0000,0x0000,0x0000,0x0000,0x0000,0x0000,0x0000,0x0000,0x0000,0x0000,0x0000,0x0000,0x0000,0x0000,0x0000,0x0000,
    0x0000,0x0000,0x0000,0x0000,0x0000,0x0000,0x0000,0x0000,0x0000,0x0000,0x0000,0x0000,0x0000,0x0000,0x0000,0x0000,
    0x0000,0x0000,0x0000,0x0000,0x0000,0x0000,0x0000,0x0000,0x0000,0x0000,0x0000,0x0000,0x0000,0x0000,0x0000,0x0000,
    0x0000,0x0000,0x0000,0x0000,0x0000,0x0000,0x0000,0x0000,0x0000,0x0000,0x0000,0x0000,0x0000,0x0000,0x0000,0x0000,
    0x0000,0x0000,0x0000,0x0000,0x0000,0x0000,0x0000,0x0000,0x0000,0x0000,0x0000,0x0000,0x0000,0x0000,0x0000,0x0000,
    0x0000,0x0000,0x0000,0x0000,0x0000,0x0000,0x0000,0x0000,0x0000,0x0000,0x0000,0x0000,0x0000,0x0000,0x0000,0x0000,
    0x0000,0x0000,0x0000,0x0000,0x0000,0x0000,0x0000,0x0000,0x0000,0x0000,0x0000,0x0000,0x0000,0x0000,0x0000,0x0000,
    0x0000,0x0000,0x0000,0x0000,0x0000,0x0000,0x0000,0x0000,0x0000,0x0000,0x0000,0x0000,0x0000,0x0000,0x0000,0x0000,
    0x0000,0x0000,0x0000,0x0000,0x0000,0x0000,0x0000,0x0000,0x0000,0x0000,0x0000,0x0000,0x0000,0x0000,0x0000,0x0000,
    0x0000,0x0000,0x0000,0x0000,0x0000,0x0000,0x0000,0x0000,0x0000,0x0000,0x0000,0x0000,0x0000,0x0000,0x0000,0x0000,
    0x0000,0x0000,0x0000,0x0000,0x0000,0x0000,0x0000,0x0000,0x0000,0x0000,0x0000,0x0000,0x0000,0x0000,0x0000,0x0000,
    0x0000,0x0000,0x0000,0x0000,0x0000,0x0000,0x0000,0x0000,0x0000,0x0000,0x0000,0x0000,0x0000,0x0000,0x0000,0x0000,
    0x0000,0x0000,0x0000,0x0000,0x0000,0x0000,0x0000,0x0000,0x0000,0x0000,0x0000,0x0000,0x0000,0x0000,0x0000,0x0000,
  },
  // hungry frame 3
  {
    0x0000,0x0000,0x0000,0x0000,0x0000,0x0000,0x0000,0x0000,0x0000,0x0000,0x0000,0x0000,0x0000,0x0000,0x0000,0x0000,
    0x0000,0x0000,0x0000,0x0000,0x0000,0x0000,0x0000,0x0000,0x0000,0x0000,0x0000,0x0000,0x0000,0x0000,0x0000,0x0000,
    0x0000,0x0000,0x0000,0x0000,0x0000,0x0000,0x0000,0x0000,0x0000,0x0000,0x0000,0x0000,0x0000,0x0000,0x0000,0x0000,
    0x0000,0x0000,0x0000,0x0000,0x0000,0x0000,0x0000,0x0000,0x0000,0x0000,0x0000,0x0000,0x0000,0x0000,0x0000,0x0000,
    0x0000,0x0000,0x0000,0x0000,0x0000,0x0000,0x0000,0x0000,0x0000,0x0000,0x0000,0x0000,0x0000,0x0000,0x0000,0x0000,
    0x0000,0x0000,0x0000,0x0000,0x0000,0x0000,0x0000,0x0000,0x0000,0x0000,0x0000,0x0000,0x0000,0x0000,0x0000,0x0000,
    0x0000,0x0000,0x0000,0x0000,0x0000,0x0000,0x0000,0x0000,0x0000,0x0000,0x0000,0x0000,0x0000,0x0000,0x0000,0x0000,
    0x0000,0x0000,0x0000,0x0000,0x0000,0x0000,0x0000,0x0000,0x0000,0x0000,0x0000,0x0000,0x0000,0x0000,0x0000,0x0000,
    0x0000,0x0000,0x0000,0x0000,0x0000,0x0000,0x0000,0x0000,0x0000,0x0000,0x0000,0x0000,0x0000,0x0000,0x0000,0x0000,
    0x0000,0x0000,0x0000,0x0000,0x0000,0x0000,0x0000,0x0000,0x0000,0x0000,0x0000,0x0000,0x0000,0x0000,0x0000,0x0000,
    0x0000,0x0000,0x0000,0x0000,0x0000,0x0000,0x0000,0x0000,0x0000,0x0000,0x0000,0x0000,0x0000,0x0000,0x0000,0x0000,
    0x0000,0x0000,0x0000,0x0000,0x0000,0x0000,0x0000,0x0000,0x0000,0x0000,0x0000,0x0000,0x0000,0x0000,0x0000,0x0000,
    0x0000,0x0000,0x0000,0x0000,0x0000,0x0000,0x0000,0x0000,0x0000,0x0000,0x0000,0x0000,0x0000,0x0000,0x0000,0x0000,
    0x0000,0x0000,0x0000,0x0000,0x0000,0x0000,0x0000,0x0000,0x0000,0x0000,0x0000,0x0000,0x0000,0x0000,0x0000,0x0000,
    0x0000,0x0000,0x0000,0x0000,0x0000,0x0000,0x0000,0x0000,0x0000,0x0000,0x0000,0x0000,0x0000,0x0000,0x0000,0x0000,
    0x0000,0x0000,0x0000,0x0000,0x0000,0x0000,0x0000,0x0000,0x0000,0x0000,0x0000,0x0000,0x0000,0x0000,0x0000,0x0000,
    0x0000,0x0000,0x0000,0x0000,0x0000,0x0000,0x0000,0x0000,0x0000,0x0000,0x0000,0x0000,0x0000,0x0000,0x0000,0x0000,
    0x0000,0x0000,0x0000,0x0000,0x0000,0x0000,0x0000,0x0000,0x0000,0x0000,0x0000,0x0000,0x0000,0x0000,0x0000,0x0000,
    0x0000,0x0000,0x0000,0x0000,0x0000,0x0000,0x0000,0x0000,0x0000,0x0000,0x0000,0x0000,0x0000,0x0000,0x0000,0x0000,
    0x0000,0x0000,0x0000,0x0000,0x0000,0x0000,0x0000,0x0000,0x0000,0x0000,0x0000,0x0000,0x0000,0x0000,0x0000,0x0000,
    0x0000,0x0000,0x0000,0x0000,0x0000,0x0000,0x0000,0x0000,0x0000,0x0000,0x0000,0x0000,0x0000,0x0000,0x0000,0x0000,
    0x0000,0x0000,0x0000,0x0000,0x0000,0x0000,0x0000,0x0000,0x0000,0x0000,0x0000,0x0000,0x0000,0x0000,0x0000,0x0000,
    0x0000,0x0000,0x0000,0x0000,0x0000,0x0000,0x0000,0x0000,0x0000,0x0000,0x0000,0x0000,0x0000,0x0000,0x0000,0x0000,
    0x0000,0x0000,0x0000,0x0000,0x0000,0x0000,0x0000,0x0000,0x0000,0x0000,0x0000,0x0000,0x0000,0x0000,0x0000,0x0000,
    0x0000,0x0000,0x0000,0x0000,0x0000,0x0000,0x0000,0x0000,0x0000,0x0000,0x0000,0x0000,0x0000,0x0000,0x0000,0x0000,
    0x0000,0x0000,0x0000,0x0000,0x0000,0x0000,0x0000,0x0000,0x0000,0x0000,0x0000,0x0000,0x0000,0x0000,0x0000,0x0000,
    0x0000,0x0000,0x0000,0x0000,0x0000,0x0000,0x0000,0x0000,0x0000,0x0000,0x0000,0x0000,0x0000,0x0000,0x0000,0x0000,
    0x0000,0x0000,0x0000,0x0000,0x0000,0x0000,0x0000,0x0000,0x0000,0x0000,0x0000,0x0000,0x0000,0x0000,0x0000,0x0000,
    0x0000,0x0000,0x0000,0x0000,0x0000,0x0000,0x0000,0x0000,0x0000,0x0000,0x0000,0x0000,0x0000,0x0000,0x0000,0x0000,
    0x0000,0x0000,0x0000,0x0000,0x0000,0x0000,0x0000,0x0000,0x0000,0x0000,0x0000,0x0000,0x0000,0x0000,0x0000,0x0000,
    0x0000,0x0000,0x0000,0x0000,0x0000,0x0000,0x0000,0x0000,0x0000,0x0000,0x0000,0x0000,0x0000,0x0000,0x0000,0x0000,
    0x0000,0x0000,0x0000,0x0000,0x0000,0x0000,0x0000,0x0000,0x0000,0x0000,0x0000,0x0000,0x0000,0x0000,0x0000,0x0000,
    0x0000,0x0000,0x0000,0x0000,0x0000,0x0000,0x0000,0x1082,0x1082,0x1082,0x0000,0x0000,0x0000,0x0000,0x0000,0x0000,
    0x0000,0x0000,0x0000,0x0000,0x0000,0x0000,0x0000,0x0000,0x0000,0x0000,0x0000,0x0000,0x0000,0x0000,0x0000,0x0000,
    0x0000,0x0000,0x0000,0x0000,0x0000,0x0000,0x0000,0x0000,0x0000,0x0000,0x0000,0x0000,0x0000,0x0000,0x0000,0x0000,
    0x0000,0x0000,0x0000,0x0000,0x0000,0x0000,0x0000,0x0000,0x0000,0x0000,0x0000,0x0000,0x0000,0x0000,0x0000,0x0000,
    0x0000,0x0000,0x0000,0x0000,0x0000,0x0000,0x0000,0x0000,0x0000,0x0000,0x0000,0x0000,0x0000,0x0000,0x0000,0x0000,
    0x0000,0x0000,0x0000,0x0000,0x0000,0x0000,0x0000,0xfac4,0xfac4,0xfac4,0x0000,0x0000,0x0000,0x0000,0x0000,0x0000,
    0x0000,0x0000,0x0000,0x0000,0x0000,0x0000,0x0000,0x0000,0x0000,0x0000,0x0000,0x0000,0x0000,0x0000,0x0000,0x0000,
    0x0000,0x0000,0x0000,0x0000,0x0000,0x0000,0x0000,0x0000,0x0000,0x0000,0x0000,0x0000,0x0000,0x0000,0x0000,0x0000,
    0x0000,0x0000,0x0000,0x0000,0x0000,0x0000,0x0000,0x0000,0x0000,0x0000,0x0000,0x0000,0x0000,0x0000,0x0000,0x0000,
    0x0000,0x0000,0x0000,0x0000,0x0000,0x0000,0x0000,0x0000,0x0000,0x0000,0x0000,0x0000,0x0000,0x0000,0x0000,0x0000,
    0x0000,0x0000,0x0000,0x0000,0x0000,0x0000,0x1082,0xfac4,0xfac4,0xfac4,0x1082,0x0000,0x0000,0x0000,0x0000,0x0000,
    0x0000,0x0000,0x0000,0x0000,0x0000,0x0000,0x0000,0x0000,0x0000,0x0000,0x0000,0x0000,0x0000,0x0000,0x0000,0x0000,
    0x0000,0x0000,0x0000,0x0000,0x0000,0x0000,0x0000,0x0000,0x0000,0x0000,0x0000,0x0000,0x0000,0x0000,0x0000,0x0000,
    0x0000,0x0000,0x0000,0x0000,0x0000,0x0000,0x0000,0x0000,0x0000,0x0000,0x0000,0x0000,0x0000,0x0000,0x0000,0x0000,
    0x0000,0x0000,0x0000,0x0000,0x0000,0x0000,0x0000,0x0000,0x0000,0x0000,0x0000,0x0000,0x0000,0x0000,0x0000,0x0000,
    0x0000,0x0000,0x0000,0x0000,0x0000,0x0000,0x1082,0xfac4,0xfac4,0xfac4,0x1082,0x0000,0x0000,0x0000,0x0000,0x0000,
    0x0000,0x0000,0x0000,0x0000,0x0000,0x0000,0x0000,0x0000,0x0000,0x0000,0x0000,0x0000,0x0000,0x0000,0x0000,0x0000,
    0x0000,0x0000,0x0000,0x0000,0x0000,0x0000,0x0000,0x0000,0x0000,0x0000,0x0000,0x0000,0x0000,0x0000,0x0000,0x0000,
    0x0000,0x0000,0x0000,0x0000,0x0000,0x0000,0x0000,0x0000,0x0000,0x0000,0x0000,0x0000,0x0000,0x0000,0x0000,0x0000,
    0x0000,0x0000,0x0000,0x0000,0x0000,0x0000,0x0000,0x0000,0x0000,0x0000,0x0000,0x0000,0x0000,0x0000,0x0000,0x0000,
    0x0000,0x1082,0x1082,0x1082,0x1082,0x1082,0xfac4,0xfac4,0xfac4,0xfac4,0xfac4,0x1082,0x1082,0x1082,0x1082,0x1082,
    0x0000,0x0000,0x0000,0x0000,0x0000,0x0000,0x0000,0x0000,0x0000,0x0000,0x0000,0x0000,0x0000,0x0000,0x0000,0x0000,
    0x0000,0x0000,0x0000,0x0000,0x0000,0x0000,0x0000,0x0000,0x0000,0x0000,0x0000,0x0000,0x0000,0x0000,0x0000,0x0000,
    0x0000,0x0000,0x0000,0x0000,0x0000,0x0000,0x0000,0x0000,0x0000,0x0000,0x0000,0x0000,0x0000,0x0000,0x0000,0x0000,
    0x0000,0x0000,0x0000,0x0000,0x0000,0x0000,0x0000,0x0000,0x0000,0x0000,0x0000,0x0000,0x0000,0x0000,0x1082,0x1082,
    0x1082,0x1082,0x1082,0x1082,0x1082,0x1082,0xfac4,0xfac4,0xfac4,0xfac4,0xfac4,0x1082,0x1082,0x1082,0x1082,0x1082,
    0x1082,0x1082,0x1082,0x0000,0x0000,0x0000,0x0000,0x0000,0x0000,0x0000,0x0000,0x0000,0x0000,0x0000,0x0000,0x0000,
    0x0000,0x0000,0x0000,0x0000,0x0000,0x0000,0x0000,0x0000,0x0000,0x0000,0x0000,0x0000,0x0000,0x0000,0x0000,0x0000,
    0x0000,0x0000,0x0000,0x0000,0x0000,0x0000,0x0000,0x0000,0x0000,0x0000,0x0000,0x0000,0x0000,0x0000,0x0000,0x0000,
    0x0000,0x0000,0x0000,0x0000,0x0000,0x0000,0x0000,0x0000,0x0000,0x0000,0x0000,0x1082,0x1082,0x1082,0x1082,0x1082,
    0x1082,0xfd00,0xfd00,0xfd00,0xfd00,0x1082,0xfac4,0xfac4,0xfac4,0xfac4,0xfac4,0x1082,0xfd00,0xfd00,0xfd00,0xfd00,
    0x1082,0x1082,0x1082,0x1082,0x1082,0x1082,0x0000,0x0000,0x0000,0x0000,0x0000,0x0000,0x0000,0x0000,0x0000,0x0000,
    0x0000,0x0000,0x0000,0x0000,0x0000,0x0000,0x0000,0x0000,0x0000,0x0000,0x0000,0x0000,0x0000,0x0000,0x0000,0x0000,
    0x0000,0x0000,0x0000,0x0000,0x0000,0x0000,0x0000,0x0000,0x0000,0x0000,0x0000,0x0000,0x0000,0x0000,0x0000,0x0000,
    0x0000,0x0000,0x0000,0x0000,0x0000,0x0000,0x0000,0x0000,0x0000,0x1082,0x1082,0x1082,0x1082,0x1082,0xfd00,0xfd00,
    0xfd00,0xfd00,0xfd00,0xfd00,0xfd00,0x1082,0xfac4,0xfac4,0xfac4,0xfac4,0xfac4,0x1082,0xfd00,0xfd00,0xfd00,0xfd00,
    0xfd00,0xfd00,0xfd00,0x1082,0x1082,0x1082,0x1082,0x1082,0x0000,0x0000,0x0000,0x0000,0x0000,0x0000,0x0000,0x0000,
    0x0000,0x0000,0x0000,0x0000,0x0000,0x0000,0x0000,0x0000,0x0000,0x0000,0x0000,0x0000,0x0000,0x0000,0x0000,0x0000,
    0x0000,0x0000,0x0000,0x0000,0x0000,0x0000,0x0000,0x0000,0x0000,0x0000,0x0000,0x0000,0x0000,0x0000,0x0000,0x0000,
    0x0000,0x0000,0x0000,0x0000,0x0000,0x0000,0x0000,0x0000,0x1082,0x1082,0x1082,0x1082,0xfd00,0xfd00,0xfd00,0xfd00,
    0xfd00,0xfd00,0xfd00,0xfd00,0xfd00,0x1082,0xfac4,0xfac4,0xfac4,0xfac4,0xfac4,0x1082,0xfd00,0xfd00,0xfd00,0xfd00,
    0xfd00,0xfd00,0xfd00,0xfd00,0xfd00,0x1082,0x1082,0x1082,0x1082,0x0000,0x0000,0x0000,0x0000,0x0000,0x0000,0x0000,
    0x0000,0x0000,0x0000,0x0000,0x0000,0x0000,0x0000,0x0000,0x0000,0x0000,0x0000,0x0000,0x0000,0x0000,0x0000,0x0000,
    0x0000,0x0000,0x0000,0x0000,0x0000,0x0000,0x0000,0x0000,0x0000,0x0000,0x0000,0x0000,0x0000,0x0000,0x0000,0x0000,
    0x0000,0x0000,0x0000,0x0000,0x0000,0x0000,0x1082,0x1082,0x1082,0x1082,0xfd00,0xfd00,0xfd00,0xfd00,0xfd00,0xfd00,
    0xfd00,0xfd00,0xfd00,0xfd00,0xfd00,0x1082,0x1082,0x1082,0xfd00,0x1082,0x1082,0x1082,0xfd00,0xfd00,0xfd00,0xfd00,
    0xfd00,0xfd00,0xfd00,0xfd00,0xfd00,0xfd00,0xfd00,0x1082,0x1082,0x1082,0x1082,0x0000,0x0000,0x0000,0x0000,0x0000,
    0x0000,0x0000,0x0000,0x0000,0x0000,0x0000,0x0000,0x0000,0x0000,0x0000,0x0000,0x0000,0x0000,0x0000,0x0000,0x0000,
    0x0000,0x0000,0x0000,0x0000,0x0000,0x0000,0x0000,0x0000,0x0000,0x0000,0x0000,0x0000,0x0000,0x0000,0x0000,0x0000,
    0x0000,0x0000,0x0000,0x0000,0x0000,0x1082,0x1082,0x1082,0x1082,0x1082,0x1082,0x1082,0x1082,0xfd00,0xfd00,0xfd00,
    0xfd00,0xfd00,0xfd00,0xfd00,0xfd00,0xfd00,0xfd00,0xfd00,0xfd00,0xfd00,0xfd00,0xfd00,0xfd00,0xfd00,0xfd00,0xfd00,
    0xfd00,0xfd00,0xfd00,0xfd00,0x1082,0x1082,0x1082,0x1082,0x1082,0x1082,0x1082,0x1082,0x0000,0x0000,0x0000,0x0000,
    0x0000,0x0000,0x0000,0x0000,0x0000,0x0000,0x0000,0x0000,0x0000,0x0000,0x0000,0x0000,0x0000,0x0000,0x0000,0x0000,
    0x0000,0x0000,0x0000,0x0000,0x0000,0x0000,0x0000,0x0000,0x0000,0x0000,0x0000,0x0000,0x0000,0x0000,0x0000,0x0000,
    0x0000,0x0000,0x0000,0x0000,0x1082,0x1082,0x1082,0x1082,0x1082,0x1082,0x1082,0x1082,0x1082,0x1082,0xfd00,0xfd00,
    0xfd00,0xfd00,0xfd00,0xfd00,0xfd00,0xfd00,0xfd00,0xfd00,0xfd00,0xfd00,0xfd00,0xfd00,0xfd00,0xfd00,0xfd00,0xfd00,
    0xfd00,0xfd00,0xfd00,0x1082,0x1082,0x1082,0x1082,0x1082,0x1082,0x1082,0x1082,0x1082,0x1082,0x0000,0x0000,0x0000,
    0x0000,0x0000,0x0000,0x0000,0x0000,0x0000,0x0000,0x0000,0x0000,0x0000,0x0000,0x0000,0x0000,0x0000,0x0000,0x0000,
    0x0000,0x0000,0x0000,0x0000,0x0000,0x0000,0x0000,0x0000,0x0000,0x0000,0x0000,0x0000,0x0000,0x0000,0x0000,0x0000,
    0x0000,0x0000,0x0000,0x1082,0x1082,0x1082,0x1082,0x1082,0x1082,0xfac4,0x1082,0x1082,0x1082,0x1082,0x1082,0xfd00,
    0xfd00,0xfd00,0xfd00,0xfd00,0xfd00,0xfd00,0xfd00,0xfd00,0xfd00,0xfd00,0xfd00,0xfd00,0xfd00,0xfd00,0xfd00,0xfd00,
    0xfd00,0xfd00,0x1082,0x1082,0x1082,0x1082,0x1082,0xfac4,0x1082,0x1082,0x1082,0x1082,0x1082,0x1082,0x0000,0x0000,
    0x0000,0x0000,0x0000,0x0000,0x0000,0x0000,0x0000,0x0000,0x0000,0x0000,0x0000,0x0000,0x0000,0x0000,0x0000,0x0000,
    0x0000,0x0000,0x0000,0x0000,0x0000,0x0000,0x0000,0x0000,0x0000,0x0000,0x0000,0x0000,0x0000,0x0000,0x0000,0x0000,
    0x0000,0x0000,0x1082,0x1082,0x1082,0x1082,0x1082,0xfac4,0xfac4,0xfac4,0xfac4,0xfac4,0x1082,0x1082,0x1082,0x1082,
    0xfd00,0xfd00,0xfd00,0xfd00,0xfd00,0xfd00,0xfd00,0xfd00,0xfd00,0xfd00,0xfd00,0xfd00,0xfd00,0xfd00,0xfd00,0xfd00,
    0xfd00,0x1082,0x1082,0x1082,0x1082,0xfac4,0xfac4,0xfac4,0xfac4,0xfac4,0x1082,0x1082,0x1082,0x1082,0x1082,0x0000,
    0x0000,0x0000,0x0000,0x0000,0x0000,0x0000,0x0000,0x0000,0x0000,0x0000,0x0000,0x0000,0x0000,0x0000,0x0000,0x0000,
    0x0000,0x0000,0x0000,0x0000,0x0000,0x0000,0x0000,0x0000,0x0000,0x0000,0x0000,0x0000,0x0000,0x0000,0x0000,0x0000,
    0x0000,0x1082,0x1082,0x1082,0x1082,0x1082,0xfac4,0xfac4,0xfac4,0xfac4,0xfac4,0xfac4,0xfac4,0x1082,0x1082,0x1082,
    0xfd00,0xfd00,0xfd00,0xfd00,0xfd00,0xfd00,0xfd00,0xfd00,0xfd00,0xfd00,0xfd00,0xfd00,0xfd00,0xfd00,0xfd00,0xfd00,
    0xfd00,0x1082,0x1082,0x1082,0xfac4,0xfac4,0xfac4,0xfac4,0xfac4,0xfac4,0xfac4,0x1082,0x1082,0x1082,0x1082,0x1082,
    0x0000,0x0000,0x0000,0x0000,0x0000,0x0000,0x0000,0x0000,0x0000,0x0000,0x0000,0x0000,0x0000,0x0000,0x0000,0x0000,
    0x0000,0x0000,0x0000,0x0000,0x0000,0x0000,0x0000,0x0000,0x0000,0x0000,0x0000,0x0000,0x0000,0x0000,0x0000,0x0000,
    0x1082,0x1082,0x1082,0x1082,0x1082,0x1082,0xfac4,0xfac4,0xfac4,0xfac4,0xfac4,0xfac4,0xfac4,0x1082,0x1082,0x1082,
    0xfd00,0xfd00,0xfd00,0xfd00,0xfd00,0xfd00,0xfd00,0xfd00,0xfd00,0xfd00,0xfd00,0xfd00,0xfd00,0xfd00,0xfd00,0xfd00,
    0xfd00,0x1082,0x1082,0x1082,0xfac4,0xfac4,0xfac4,0xfac4,0xfac4,0xfac4,0xfac4,0x1082,0x1082,0x1082,0x1082,0x1082,
    0x1082,0x0000,0x0000,0x0000,0x0000,0x0000,0x0000,0x0000,0x0000,0x0000,0x0000,0x0000,0x0000,0x0000,0x0000,0x0000,
    0x0000,0x0000,0x0000,0x0000,0x0000,0x0000,0x0000,0x0000,0x0000,0x0000,0x0000,0x0000,0x0000,0x0000,0x0000,0x1082,
    0x1082,0x1082,0x1082,0x1082,0x1082,0xfac4,0xfac4,0xfac4,0xfac4,0xfac4,0xfac4,0xfac4,0xfac4,0xfac4,0x1082,0x1082,
    0x1082,0xfd00,0xfd00,0xfd00,0xfd00,0xfd00,0xfd00,0xfd00,0xfd00,0xfd00,0xfd00,0xfd00,0xfd00,0xfd00,0xfd00,0xfd00,
    0x1082,0x1082,0x1082,0xfac4,0xfac4,0xfac4,0xfac4,0xfac4,0xfac4,0xfac4,0xfac4,0xfac4,0x1082,0x1082,0x1082,0x1082,
    0x1082,0x1082,0x0000,0x0000,0x0000,0x0000,0x0000,0x0000,0x0000,0x0000,0x0000,0x0000,0x0000,0x0000,0x0000,0x0000,
    0x0000,0x0000,0x0000,0x0000,0x0000,0x0000,0x0000,0x0000,0x0000,0x0000,0x0000,0x0000,0x0000,0x0000,0x0000,0x1082,
    0x1082,0xfd00,0xfd00,0x1082,0x1082,0x1082,0xfac4,0xfac4,0xfac4,0xfac4,0xfac4,0xfac4,0xfac4,0x1082,0x1082,0x1082,
    0xfd00,0xfd00,0xfd00,0xfd00,0xfd00,0xfd00,0xfd00,0xfd00,0xfd00,0xfd00,0xfd00,0xfd00,0xfd00,0xfd00,0xfd00,0xfd00,
    0xfd00,0x1082,0x1082,0x1082,0xfac4,0xfac4,0xfac4,0xfac4,0xfac4,0xfac4,0xfac4,0x1082,0x1082,0x1082,0xfd00,0xfd00,
    0x1082,0x1082,0x0000,0x0000,0x0000,0x0000,0x0000,0x0000,0x0000,0x0000,0x0000,0x0000,0x0000,0x0000,0x0000,0x0000,
    0x0000,0x0000,0x0000,0x0000,0x0000,0x0000,0x0000,0x0000,0x0000,0x0000,0x0000,0x0000,0x0000,0x0000,0x1082,0x1082,
    0xfd00,0xfd00,0xfd00,0x1082,0x1082,0x1082,0xfac4,0xfac4,0xfac4,0xfac4,0xfac4,0xfac4,0xfac4,0x1082,0x1082,0x1082,
    0xfd00,0xfd00,0xfd00,0xfd00,0xfd00,0xfd00,0xfd00,0xfd00,0xfd00,0xfd00,0xfd00,0xfd00,0xfd00,0xfd00,0xfd00,0xfd00,
    0xfd00,0x1082,0x1082,0x1082,0xfac4,0xfac4,0xfac4,0xfac4,0xfac4,0xfac4,0xfac4,0x1082,0x1082,0x1082,0xfd00,0xfd00,
    0xfd00,0x1082,0x1082,0x0000,0x0000,0x0000,0x0000,0x0000,0x0000,0x0000,0x0000,0x0000,0x0000,0x0000,0x0000,0x0000,
    0x0000,0x0000,0x0000,0x0000,0x0000,0x0000,0x0000,0x0000,0x0000,0x0000,0x0000,0x0000,0x0000,0x1082,0x1082,0x1082,
    0xfd00,0xfd00,0xfd00,0x1082,0x1082,0x1082,0x1082,0xfac4,0xfac4,0xfac4,0xfac4,0xfac4,0x1082,0x1082,0x1082,0x1082,
    0xfd00,0xfd00,0xfd00,0xfd00,0xfd00,0xfd00,0xfd00,0xfd00,0xfd00,0xfd00,0xfd00,0xfd00,0xfd00,0xfd00,0xfd00,0xfd00,
    0xfd00,0x1082,0x1082,0x1082,0x1082,0xfac4,0xfac4,0xfac4,0xfac4,0xfac4,0x1082,0x1082,0x1082,0x1082,0xfd00,0xfd00,
    0xfd00,0x1082,0x1082,0x1082,0x0000,0x0000,0x0000,0x0000,0x0000,0x0000,0x0000,0x0000,0x0000,0x0000,0x0000,0x0000,
    0x0000,0x0000,0x0000,0x0000,0x0000,0x0000,0x0000,0x0000,0x0000,0x0000,0x0000,0x0000,0x0000,0x1082,0x1082,0xfd00,
    0xfd00,0xfd00,0xfd00,0xfd00,0x1082,0x1082,0x1082,0x1082,0x1082,0xfac4,0x1082,0x1082,0x1082,0x1082,0x1082,0xfd00,
    0xfd00,0xfd00,0xfd00,0xfd00,0xfd00,0xfd00,0xfd00,0xfd00,0xfd00,0xfd00,0xfd00,0xfd00,0xfd00,0xfd00,0xfd00,0xfd00,
    0xfd00,0xfd00,0x1082,0x1082,0x1082,0x1082,0x1082,0xfac4,0x1082,0x1082,0x1082,0x1082,0x1082,0xfd00,0xfd00,0xfd00,
    0xfd00,0xfd00,0x1082,0x1082,0x0000,0x0000,0x0000,0x0000,0x0000,0x0000,0x0000,0x0000,0x0000,0x0000,0x0000,0x0000,
    0x0000,0x0000,0x0000,0x0000,0x0000,0x0000,0x0000,0x0000,0x0000,0x0000,0x0000,0x0000,0x1082,0x1082,0x1082,0xfd00,
    0xfd00,0xfd00,0xfd00,0xfd00,0xfd00,0x1082,0x1082,0x1082,0x1082,0x1082,0x1082,0x1082,0x1082,0x1082,0xfd00,0xfd00,
    0xfd00,0xfd00,0xfd00,0xfd00,0xfd00,0xfd00,0xfd00,0xfd00,0xfd00,0xfd00,0xfd00,0xfd00,0xfd00,0xfd00,0xfd00,0xfd00,
    0xfd00,0xfd00,0xfd00,0x1082,0x1082,0x1082,0x1082,0x1082,0x1082,0x1082,0x1082,0x1082,0xfd00,0xfd00,0xfd00,0xfd00,
    0xfd00,0xfd00,0x1082,0x1082,0x1082,0x0000,0x0000,0x0000,0x0000,0x0000,0x0000,0x0000,0x0000,0x0000,0x0000,0x0000,
    0x0000,0x0000,0x0000,0x0000,0x0000,0x0000,0x0000,0x0000,0x0000,0x0000,0x0000,0x0000,0x1082,0x1082,0xfd00,0xfd00,
    0xfd00,0xfd00,0xfd00,0xfd00,0xfd00,0xfd00,0x1082,0x1082,0x1082,0x1082,0x1082,0x1082,0x1082,0xfd00,0xfd00,0xfd00,
    0xfd00,0xfd00,0xfd00,0xfd00,0xfd00,0xfd00,0xfd00,0xfd00,0xfd00,0xfd00,0xfd00,0xfd00,0xfd00,0xfd00,0xfd00,0xfd00,
    0xfd00,0xfd00,0xfd00,0xfd00,0x1082,0x1082,0x1082,0x1082,0x1082,0x1082,0x1082,0xfd00,0xfd00,0xfd00,0xfd00,0xfd00,
    0xfd00,0xfd00,0xfd00,0x1082,0x1082,0x0000,0x0000,0x0000,0x0000,0x0000,0x0000,0x0000,0x0000,0x0000,0x0000,0x0000,
    0x0000,0x0000,0x0000,0x0000,0x0000,0x0000,0x0000,0x0000,0x0000,0x0000,0x0000,0x0000,0x1082,0x1082,0xfd00,0xfd00,
    0xfd00,0xfd00,0xfd00,0xfd00,0xfd00,0xfd00,0xfd00,0xfd00,0xfd00,0x1082,0xfd00,0xfd00,0xfd00,0xfd00,0xfd00,0xfd00,
    0xfd00,0xfd00,0xfd00,0xfd00,0xfd00,0xfd00,0xfd00,0xfd00,0xfd00,0xfd00,0xfd00,0xfd00,0xfd00,0xfd00,0xfd00,0xfd00,
    0xfd00,0xfd00,0xfd00,0xfd00,0xfd00,0xfd00,0xfd00,0x1082,0xfd00,0xfd00,0xfd00,0xfd00,0xfd00,0xfd00,0xfd00,0xfd00,
    0xfd00,0xfd00,0xfd00,0x1082,0x1082,0x0000,0x0000,0x0000,0x0000,0x0000,0x0000,0x0000,0x0000,0x0000,0x0000,0x0000,
    0x0000,0x0000,0x0000,0x0000,0x0000,0x0000,0x0000,0x0000,0x0000,0x0000,0x0000,0x1082,0x1082,0xfd00,0xfd00,0xfd00,
    0xfd00,0xfd00,0xfd00,0xfd00,0xfd00,0xfd00,0xfd00,0xfd00,0xfd00,0xfd00,0xfd00,0xfd00,0xfd00,0xfd00,0xfd00,0xfd00,
    0xfd00,0xfd00,0xfd00,0xfd00,0xfd00,0xfd00,0xfd00,0xfd00,0xfd00,0xfd00,0xfd00,0xfd00,0xfd00,0xfd00,0xfd00,0xfd00,
    0xfd00,0xfd00,0xfd00,0xfd00,0xfd00,0xfd00,0xfd00,0xfd00,0xfd00,0xfd00,0xfd00,0xfd00,0xfd00,0xfd00,0xfd00,0xfd00,
    0xfd00,0xfd00,0xfd00,0xfd00,0x1082,0x1082,0x0000,0x0000,0x0000,0x0000,0x0000,0x0000,0x0000,0x0000,0x0000,0x0000,
    0x0000,0x0000,0x0000,0x0000,0x0000,0x0000,0x0000,0x0000,0x0000,0x0000,0x0000,0x1082,0x1082,0xfd00,0xfd00,0xfd00,
    0xfd00,0xfd00,0xfd00,0xfd00,0xfd00,0xfd00,0xfd00,0xfd00,0xfd00,0xfd00,0xfd00,0xfd00,0xfd00,0xfd00,0xfd00,0xfd00,
    0xfd00,0xfd00,0xfd00,0xfd00,0xfd00,0xfd00,0xfd00,0xfd00,0xfd00,0xfd00,0xfd00,0xfd00,0xfd00,0xfd00,0xfd00,0xfd00,
    0xfd00,0xfd00,0xfd00,0xfd00,0xfd00,0xfd00,0xfd00,0xfd00,0xfd00,0xfd00,0xfd00,0xfd00,0xfd00,0xfd00,0xfd00,0xfd00,
    0xfd00,0xfd00,0xfd00,0xfd00,0x1082,0x1082,0x0000,0x0000,0x0000,0x0000,0x0000,0x0000,0x0000,0x0000,0x0000,0x0000,
    0x0000,0x0000,0x0000,0x0000,0x0000,0x0000,0x0000,0x0000,0x0000,0x0000,0x0000,0x1082,0x1082,0xfd00,0xfd00,0xfd00,
    0xfd00,0xfd00,0xfd00,0xfd00,0xfd00,0xfd00,0xfd00,0xfd00,0xfd00,0xfd00,0xfd00,0xfd00,0xffff,0xfd00,0xfd00,0xfd00,
    0xfd00,0xfd00,0xfd00,0xfd00,0xfd00,0xfd00,0xfd00,0xfd00,0xfd00,0xfd00,0xfd00,0xfd00,0xfd00,0xfd00,0xfd00,0xfd00,
    0xfd00,0xfd00,0xfd00,0xfd00,0xffff,0xfd00,0xfd00,0xfd00,0xfd00,0xfd00,0xfd00,0xfd00,0xfd00,0xfd00,0xfd00,0xfd00,
    0xfd00,0xfd00,0xfd00,0xfd00,0x1082,0x1082,0x0000,0x0000,0x0000,0x0000,0x0000,0x0000,0x0000,0x0000,0x0000,0x0000,
    0x0000,0x0000,0x0000,0x0000,0x0000,0x0000,0x0000,0x0000,0x0000,0x0000,0x1082,0x1082,0xfd00,0xfd00,0xfd00,0xfd00,
    0xfd00,0xfd00,0xfd00,0xfd00,0xfd00,0xfd00,0xfd00,0xfd00,0xfd00,0xfd00,0xffff,0xffff,0xffff,0xffff,0xffff,0xfd00,
    0xfd00,0xfd00,0xfd00,0xfd00,0xfd00,0xfd00,0xfd00,0xfd00,0xfd00,0xfd00,0xfd00,0xfd00,0xfd00,0xfd00,0xfd00,0xfd00,
    0xfd00,0xfd00,0xffff,0xffff,0xffff,0xffff,0xffff,0xfd00,0xfd00,0xfd00,0xfd00,0xfd00,0xfd00,0xfd00,0xfd00,0xfd00,
    0xfd00,0xfd00,0xfd00,0xfd00,0xfd00,0x1082,0x1082,0x0000,0x0000,0x0000,0x0000,0x0000,0x0000,0x0000,0x0000,0x0000,
    0x0000,0x0000,0x0000,0x0000,0x0000,0x0000,0x0000,0x0000,0x0000,0x0000,0x1082,0x1082,0xfd00,0xfd00,0xfd00,0xfd00,
    0xfd00,0xfd00,0xfd00,0xfd00,0xfd00,0xfd00,0xfd00,0xfd00,0xfd00,0xffff,0xffff,0xffff,0xffff,0xffff,0xffff,0xffff,
    0xfd00,0xfd00,0xfd00,0xfd00,0xfd00,0xfd00,0xfd00,0xfd00,0xfd00,0xfd00,0xfd00,0xfd00,0xfd00,0xfd00,0xfd00,0xfd00,
    0xfd00,0xffff,0xffff,0xffff,0xffff,0xffff,0xffff,0xffff,0xfd00,0xfd00,0xfd00,0xfd00,0xfd00,0xfd00,0xfd00,0xfd00,
    0xfd00,0xfd00,0xfd00,0xfd00,0xfd00,0x1082,0x1082,0x0000,0x0000,0x0000,0x0000,0x0000,0x0000,0x0000,0x0000,0x0000,
    0x0000,0x0000,0x0000,0x0000,0x0000,0x0000,0x0000,0x0000,0x0000,0x0000,0x1082,0x1082,0xfd00,0xfd00,0xfd00,0xfd00,
    0xfd00,0xfd00,0xfd00,0xfd00,0xfd00,0xfd00,0xfd00,0xfd00,0xfd00,0xffff,0xffff,0xffff,0x0000,0xffff,0xffff,0xffff,
    0xfd00,0xfd00,0xfd00,0xfd00,0xfd00,0xfd00,0xfd00,0xfd00,0xfd00,0xfd00,0xfd00,0xfd00,0xfd00,0xfd00,0xfd00,0xfd00,
    0xfd00,0xffff,0xffff,0xffff,0x0000,0xffff,0xffff,0xffff,0xfd00,0xfd00,0xfd00,0xfd00,0xfd00,0xfd00,0xfd00,0xfd00,
    0xfd00,0xfd00,0xfd00,0xfd00,0xfd00,0x1082,0x1082,0x0000,0x0000,0x0000,0x0000,0x0000,0x0000,0x0000,0x0000,0x0000,
    0x0000,0x0000,0x0000,0x0000,0x0000,0x0000,0x0000,0x0000,0x0000,0x0000,0x1082,0x1082,0xfd00,0xfd00,0xfd00,0xfd00,
    0xfd00,0xfd00,0xfd00,0xfd00,0xfd00,0xfd00,0xfd00,0xfd00,0xffff,0xffff,0xffff,0x0000,0x0000,0x0000,0xffff,0xffff,
    0xffff,0xfd00,0xfd00,0xfd00,0xfd00,0xfd00,0xfd00,0xfd00,0xfd00,0xfd00,0xfd00,0xfd00,0xfd00,0xfd00,0xfd00,0xfd00,
    0xffff,0xffff,0xffff,0x0000,0x0000,0x0000,0xffff,0xffff,0xffff,0xfd00,0xfd00,0xfd00,0xfd00,0xfd00,0xfd00,0xfd00,
    0xfd00,0xfd00,0xfd00,0xfd00,0xfd00,0x1082,0x1082,0x0000,0x0000,0x0000,0x0000,0x0000,0x0000,0x0000,0x0000,0x0000,
    0x0000,0x0000,0x0000,0x0000,0x0000,0x0000,0x0000,0x0000,0x0000,0x0000,0x1082,0x1082,0xfd00,0xfd00,0xfd00,0xfd00,
    0xfd00,0xfd00,0xfd00,0xfd00,0xfd00,0xfd00,0xfd00,0xfd00,0xfd00,0xffff,0x0000,0x0000,0x0000,0x0000,0x0000,0xffff,
    0xfd00,0xfd00,0xfd00,0xfd00,0xfd00,0xfd00,0xfd00,0xfd00,0xfd00,0xfd00,0xfd00,0xfd00,0xfd00,0xfd00,0xfd00,0xfd00,
    0xfd00,0xffff,0x0000,0x0000,0x0000,0x0000,0x0000,0xffff,0xfd00,0xfd00,0xfd00,0xfd00,0xfd00,0xfd00,0xfd00,0xfd00,
    0xfd00,0xfd00,0xfd00,0xfd00,0xfd00,0x1082,0x1082,0x0000,0x0000,0x0000,0x0000,0x0000,0x0000,0x0000,0x0000,0x0000,
    0x0000,0x0000,0x0000,0x0000,0x0000,0x0000,0x0000,0x0000,0x0000,0x0000,0x1082,0x1082,0xfd00,0xfd00,0xfd00,0xfd00,
    0xfd00,0xfd00,0xfd00,0xfd00,0xfd00,0xfd00,0xfd00,0xfd00,0xfd00,0xffff,0xffff,0x0000,0x0000,0x0000,0xffff,0xffff,
    0xfd00,0xfd00,0xfd00,0xfd00,0xfd00,0xfd00,0xfd00,0xfd00,0xfd00,0xfd00,0xfd00,0xfd00,0xfd00,0xfd00,0xfd00,0xfd00,
    0xfd00,0xffff,0xffff,0x0000,0x0000,0x0000,0xffff,0xffff,0xfd00,0xfd00,0xfd00,0xfd00,0xfd00,0xfd00,0xfd00,0xfd00,
    0xfd00,0xfd00,0xfd00,0xfd00,0xfd00,0x1082,0x1082,0x0000,0x0000,0x0000,0x0000,0x0000,0x0000,0x0000,0x0000,0x0000,
    0x0000,0x0000,0x0000,0x0000,0x0000,0x0000,0x0000,0x0000,0x0000,0x0000,0x1082,0x1082,0xfd00,0xfd00,0xfd00,0xfd00,
    0xfd00,0xfd00,0xfd00,0xfd00,0xfd00,0xfd00,0xfd00,0xfd00,0xfd00,0xfd00,0xffff,0xffff,0x0000,0xffff,0xffff,0xfd00,
    0xfd00,0xfd00,0xfd00,0xfd00,0xfd00,0xfd00,0xfd00,0xfd00,0xfd00,0xfd00,0xfd00,0xfd00,0xfd00,0xfd00,0xfd00,0xfd00,
    0xfd00,0xfd00,0xffff,0xffff,0x0000,0xffff,0xffff,0xfd00,0xfd00,0xfd00,0xfd00,0xfd00,0xfd00,0xfd00,0xfd00,0xfd00,
    0xfd00,0xfd00,0xfd00,0xfd00,0xfd00,0x1082,0x1082,0x0000,0x0000,0x0000,0x0000,0x0000,0x0000,0x0000,0x0000,0x0000,
    0x0000,0x0000,0x0000,0x0000,0x0000,0x0000,0x0000,0x0000,0x0000,0x1082,0x1082,0xfd00,0xfd00,0xfd00,0xfd00,0xfd00,
    0xfd00,0xfd00,0xfd00,0xfd00,0xfd00,0xfd00,0xfd00,0xfd00,0xfd00,0xfd00,0xfd00,0xfd00,0xffff,0xfd00,0xfd00,0xfd00,
    0xfd00,0xfd00,0xfd00,0xfd00,0xfd00,0xfd00,0xfd00,0xfd00,0xfd00,0xfd00,0xfd00,0xfd00,0xfd00,0xfd00,0xfd00,0xfd00,
    0xfd00,0xfd00,0xfd00,0xfd00,0xffff,0xfd00,0xfd00,0xfd00,0xfd00,0xfd00,0xfd00,0xfd00,0xfd00,0xfd00,0xfd00,0xfd00,
    0xfd00,0xfd00,0xfd00,0xfd00,0xfd00,0xfd00,0x1082,0x1082,0x0000,0x0000,0x0000,0x0000,0x0000,0x0000,0x0000,0x0000,
    0x0000,0x0000,0x0000,0x0000,0x0000,0x0000,0x0000,0x0000,0x0000,0x0000,0x1082,0x1082,0xfd00,0xfd00,0xfd00,0xfd00,
    0xfd00,0xfd00,0xfd00,0xfd00,0xfd00,0xfd00,0xfd00,0xfd00,0xfd00,0xfd00,0xfd00,0xfd00,0xfd00,0xfd00,0xfd00,0xfd00,
    0xfd00,0xfd00,0xfd00,0xfd00,0xfd00,0xfd00,0xfd00,0xfd00,0xfd00,0xfd00,0xfd00,0xfd00,0xfd00,0xfd00,0xfd00,0xfd00,
    0xfd00,0xfd00,0xfd00,0xfd00,0xfd00,0xfd00,0xfd00,0xfd00,0xfd00,0xfd00,0xfd00,0xfd00,0xfd00,0xfd00,0xfd00,0xfd00,
    0xfd00,0xfd00,0xfd00,0xfd00,0xfd00,0x1082,0x1082,0x0000,0x0000,0x0000,0x0000,0x0000,0x0000,0x0000,0x0000,0x0000,
    0x0000,0x0000,0x0000,0x0000,0x0000,0x0000,0x0000,0x0000,0x0000,0x0000,0x1082,0x1082,0xfd00,0xfd00,0xfd00,0xfd00,
    0xfd00,0xfd00,0xfd00,0xfd00,0xfd00,0xfd00,0xfd00,0xfd00,0xfd00,0xfd00,0xfd00,0xfd00,0xfd00,0xfd00,0xfd00,0xfd00,
    0xfd00,0xfd00,0xfd00,0xfd00,0xfd00,0xfd00,0xfd00,0xfd00,0x1082,0xfd00,0xfd00,0xfd00,0xfd00,0xfd00,0xfd00,0xfd00,
    0xfd00,0xfd00,0xfd00,0xfd00,0xfd00,0xfd00,0xfd00,0xfd00,0xfd00,0xfd00,0xfd00,0xfd00,0xfd00,0xfd00,0xfd00,0xfd00,
    0xfd00,0xfd00,0xfd00,0xfd00,0xfd00,0x1082,0x1082,0x1082,0x0000,0x0000,0x0000,0x0000,0x0000,0x0000,0x0000,0x0000,
    0x0000,0x0000,0x0000,0x0000,0x0000,0x0000,0x0000,0x0000,0x0000,0x0000,0x1082,0x1082,0xfd00,0xfd00,0xfd00,0xfd00,
    0xfd00,0xfd00,0xfd00,0xfd00,0xfd00,0xfd00,0xfd00,0xfd00,0xfd00,0xfd00,0xfd00,0xfd00,0xfd00,0xfd00,0xfd00,0xfd00,
    0xfd00,0xfd00,0xfd00,0x1082,0x1082,0x1082,0x1082,0x1082,0x1082,0x1082,0x1082,0x1082,0x1082,0x1082,0xfd00,0xfd00,
    0xfd00,0xfd00,0xfd00,0xfd00,0xfd00,0xfd00,0xfd00,0xfd00,0xfd00,0xfd00,0xfd00,0xfd00,0xfd00,0xfd00,0xfd00,0xfd00,
    0xfd00,0xfd00,0xfd00,0xfd00,0xfd00,0x1082,0x1082,0x1082,0x1082,0x1082,0x0000,0x0000,0x0000,0x0000,0x0000,0x0000,
    0x0000,0x0000,0x0000,0x0000,0x0000,0x0000,0x0000,0x0000,0x0000,0x0000,0x1082,0x1082,0xfd00,0xfd00,0x1082,0x1082,
    0x1082,0xfd00,0xfd00,0xfd00,0xfd00,0xfd00,0xfd00,0xfd00,0xfd00,0xfd00,0xfd00,0xfd00,0xfd00,0xfd00,0xfd00,0xfd00,
    0x1082,0x1082,0x1082,0x1082,0x1082,0x1082,0x1082,0x1082,0xff34,0x1082,0x1082,0x1082,0x1082,0x1082,0x1082,0x1082,
    0x1082,0xfd00,0xfd00,0xfd00,0xfd00,0xfd00,0xfd00,0xfd00,0xfd00,0xfd00,0xfd00,0xfd00,0xfd00,0xfd00,0xfd00,0xfd00,
    0x1082,0x1082,0x1082,0xfd00,0xfd00,0x1082,0x1082,0x1082,0x1082,0x1082,0x1082,0x1082,0x0000,0x0000,0x0000,0x0000,
    0x0000,0x0000,0x0000,0x0000,0x0000,0x0000,0x0000,0x0000,0x0000,0x0000,0x1082,0x1082,0xfd00,0x1082,0x1082,0x1082,
    0x1082,0xfd00,0xfd00,0xfd00,0xfd00,0xfd00,0xfd00,0xfd00,0xfd00,0xfd00,0xfd00,0xfd00,0xfd00,0xfd00,0xfd00,0x1082,
    0x1082,0x1082,0x1082,0xff34,0xff34,0xff34,0xff34,0xff34,0xff34,0xff34,0xff34,0xff34,0xff34,0xff34,0x1082,0x1082,
    0x1082,0x1082,0xfd00,0xfd00,0xfd00,0xfd00,0xfd00,0xfd00,0xfd00,0xfd00,0xfd00,0xfd00,0xfd00,0xfd00,0xfd00,0xfd00,
    0x1082,0x1082,0x1082,0x1082,0xfd00,0x1082,0x1082,0xfac4,0x1082,0x1082,0x1082,0x1082,0x0000,0x0000,0x0000,0x0000,
    0x0000,0x0000,0x0000,0x0000,0x0000,0x0000,0x0000,0x0000,0x0000,0x0000,0x1082,0x1082,0x1082,0x1082,0x1082,0x1082,
    0x1082,0xfd00,0xfd00,0xfd00,0xfd00,0xfd00,0xfd00,0xfd00,0xfd00,0xfd00,0xfd00,0xfd00,0xfd00,0x1082,0x1082,0x1082,
    0x1082,0xff34,0xff34,0xff34,0xff34,0xff34,0xff34,0xff34,0xff34,0xff34,0xff34,0xff34,0xff34,0xff34,0xff34,0xff34,
    0x1082,0x1082,0x1082,0x1082,0xfd00,0xfd00,0xfd00,0xfd00,0xfd00,0xfd00,0xfd00,0xfd00,0xfd00,0xfd00,0xfd00,0xfd00,
    0x1082,0x1082,0x1082,0x1082,0x1082,0x1082,0x1082,0xfac4,0xfac4,0x1082,0x1082,0x1082,0x1082,0x0000,0x0000,0x0000,
    0x0000,0x0000,0x0000,0x0000,0x0000,0x0000,0x0000,0x0000,0x0000,0x0000,0x1082,0x1082,0x1082,0x1082,0x1082,0x1082,
    0xfd00,0xfd00,0xfd00,0xfd00,0xfd00,0xfd00,0xfd00,0xfd00,0xfd00,0xfd00,0xfd00,0xfd00,0x1082,0x1082,0x1082,0x1082,
    0xff34,0xff34,0xff34,0xff34,0x0000,0x0000,0x0000,0x0000,0x0000,0x0000,0x0000,0x0000,0x0000,0xff34,0xff34,0xff34,
    0xff34,0x1082,0x1082,0x1082,0x1082,0xfd00,0xfd00,0xfd00,0xfd00,0xfd00,0xfd00,0xfd00,0xfd00,0xfd00,0xfd00,0xfd00,
    0xfd00,0x1082,0x1082,0x1082,0x1082,0x1082,0x1082,0xfac4,0xfac4,0x1082,0x1082,0x1082,0x1082,0x0000,0x0000,0x0000,
    0x0000,0x0000,0x0000,0x0000,0x0000,0x0000,0x0000,0x0000,0x0000,0x0000,0x1082,0x1082,0x1082,0x1082,0x1082,0xfd00,
    0xfd00,0xfd00,0xfd00,0xfd00,0xfd00,0xfd00,0xfd00,0xfd00,0xfd00,0xfd00,0xfd00,0xfd00,0x1082,0x1082,0x1082,0xff34,
    0xff34,0xff34,0x0000,0x0000,0x0000,0x0000,0x0000,0x0000,0x0000,0x0000,0x0000,0x0000,0x0000,0x0000,0x0000,0xff34,
    0xff34,0xff34,0x1082,0x1082,0x1082,0xfd00,0xfd00,0xfd00,0xfd00,0xfd00,0xfd00,0xfd00,0xfd00,0xfd00,0xfd00,0xfd00,
    0xfd00,0xfd00,0x1082,0x1082,0x1082,0x1082,0x1082,0xfac4,0xfac4,0xfac4,0x1082,0x1082,0x1082,0x1082,0x0000,0x0000,
    0x0000,0x0000,0x0000,0x0000,0x0000,0x0000,0x0000,0x0000,0x0000,0x1082,0xfac4,0x1082,0x1082,0x1082,0xfd00,0xfd00,
    0xfd00,0xfd00,0xfd00,0xfd00,0xfd00,0xfd00,0xfd00,0xfd00,0xfd00,0xfd00,0xfd00,0x1082,0x1082,0x1082,0xff34,0xff34,
    0xff34,0x0000,0x0000,0x0000,0x0000,0x0000,0x0000,0x0000,0x0000,0x0000,0x0000,0x0000,0x0000,0x0000,0x0000,0x0000,
    0xff34,0xff34,0xff34,0x1082,0x1082,0x1082,0xfd00,0xfd00,0xfd00,0xfd00,0xfd00,0xfd00,0xfd00,0xfd00,0xfd00,0xfd00,
    0xfd00,0xfd00,0xfd00,0x1082,0x1082,0x1082,0xfac4,0x1082,0xfac4,0x1082,0x1082,0x1082,0x1082,0x0000,0x0000,0x0000,
    0x0000,0x0000,0x0000,0x0000,0x0000,0x0000,0x0000,0x0000,0xfac4,0xfac4,0xfac4,0xfac4,0xfac4,0xfd00,0xfd00,0xfd00,
    0xfd00,0xfd00,0xfd00,0xfd00,0xfd00,0xfd00,0xfd00,0xfd00,0xfd00,0xfd00,0x1082,0x1082,0x1082,0xff34,0xff34,0xff34,
    0x0000,0x0000,0x0000,0x0000,0x0000,0x0000,0x0000,0xff34,0xff34,0xff34,0x0000,0x0000,0x0000,0x0000,0x0000,0x0000,
    0x0000,0xff34,0xff34,0xff34,0x1082,0x1082,0x1082,0xfd00,0xfd00,0xfd00,0xfd00,0xfd00,0xfd00,0xfd00,0xfd00,0xfd00,
    0xfd00,0xfd00,0xfd00,0xfd00,0xfac4,0xfac4,0xfac4,0xfac4,0xfac4,0x1082,0x1082,0x1082,0x1082,0x0000,0x0000,0x0000,
    0x0000,0x0000,0x0000,0x0000,0x0000,0x0000,0x0000,0x0000,0xfac4,0xfac4,0xfac4,0xfac4,0xfac4,0x1082,0xfd00,0xfd00,
    0xfd00,0xfd00,0xfd00,0xfd00,0xfd00,0xfd00,0xfd00,0xfd00,0xfd00,0xfd00,0x1082,0x1082,0x1082,0xff34,0xff34,0xff34,
    0x0000,0x0000,0x0000,0x0000,0x0000,0xff34,0xff34,0xff34,0xff34,0xff34,0xff34,0xff34,0x0000,0x0000,0x0000,0x0000,
    0x0000,0xff34,0xff34,0xff34,0x1082,0x1082,0x1082,0xfd00,0xfd00,0xfd00,0xfd00,0xfd00,0xfd00,0xfd00,0xfd00,0xfd00,
    0xfd00,0xfd00,0xfd00,0x1082,0xfac4,0xfac4,0xfac4,0xfac4,0xfac4,0x1082,0x1082,0x1082,0x0000,0x0000,0x0000,0x0000,
    0x0000,0x0000,0x0000,0x0000,0x0000,0x0000,0x0000,0xfac4,0xfac4,0xfac4,0xfac4,0xfac4,0xfac4,0xfac4,0xfd00,0xfd00,
    0xfd00,0xfd00,0xfd00,0xfd00,0xfd00,0xfd00,0xfd00,0xfd00,0xfd00,0xfd00,0x1082,0x1082,0x1082,0xff34,0xff34,0x0000,
    0x0000,0x0000,0x0000,0x0000,0xff34,0xff34,0xff34,0xff34,0xff34,0xff34,0xff34,0xff34,0xff34,0x0000,0x0000,0x0000,
    0x0000,0x0000,0xff34,0xff34,0x1082,0x1082,0x1082,0xfd00,0xfd00,0xfd00,0xfd00,0xfd00,0xfd00,0xfd00,0xfd00,0xfd00,
    0xfd00,0xfd00,0xfd00,0xfac4,0xfac4,0xfac4,0xfac4,0xfac4,0xfac4,0xfac4,0x1082,0x1082,0x0000,0x0000,0x0000,0x0000,
    0x0000,0x0000,0x0000,0x0000,0x0000,0x0000,0x0000,0x0000,0xfac4,0xfac4,0xfac4,0xfac4,0xfac4,0x1082,0x1082,0xfd00,
    0xfd00,0xfd00,0xfd00,0xfd00,0xfd00,0xfd00,0xfd00,0xfd00,0xfd00,0xfd00,0x1082,0x1082,0xff34,0xff34,0xff34,0x0000,
    0x0000,0x0000,0x0000,0xff34,0xff34,0xff34,0xff34,0xff34,0xff34,0xff34,0xff34,0xff34,0xff34,0xff34,0x0000,0x0000,
    0x0000,0x0000,0xff34,0xff34,0xff34,0x1082,0x1082,0xfd00,0xfd00,0xfd00,0xfd00,0xfd00,0xfd00,0xfd00,0xfd00,0xfd00,
    0xfd00,0xfd00,0x1082,0x1082,0xfac4,0xfac4,0xfac4,0xfac4,0xfac4,0x1082,0x0000,0x0000,0x0000,0x0000,0x0000,0x0000,
    0x0000,0x0000,0x0000,0x0000,0x0000,0x0000,0x0000,0x0000,0xfac4,0xfac4,0xfac4,0xfac4,0xfac4,0x1082,0x1082,0xfd00,
    0xfd00,0xfd00,0xfd00,0xfd00,0xfd00,0xfd00,0xfd00,0xfd00,0xfd00,0x1082,0x1082,0x1082,0x1082,0xff34,0xff34,0x0000,
    0x0000,0x0000,0x0000,0xff34,0xff34,0xff34,0xff34,0xff34,0xff34,0xff34,0xff34,0xff34,0xff34,0xff34,0x0000,0x0000,
    0x0000,0x0000,0xff34,0xff34,0x1082,0x1082,0x1082,0x1082,0xfd00,0xfd00,0xfd00,0xfd00,0xfd00,0xfd00,0xfd00,0xfd00,
    0xfd00,0xfd00,0x1082,0x1082,0xfac4,0xfac4,0xfac4,0xfac4,0xfac4,0x0000,0x0000,0x0000,0x0000,0x0000,0x0000,0x0000,
    0x0000,0x0000,0x0000,0x0000,0x0000,0x0000,0x0000,0x0000,0x0000,0x0000,0xfac4,0x0000,0x0000,0x1082,0x1082,0x1082,
    0xfd00,0xfd00,0xfd00,0xfd00,0xfd00,0xfd00,0xfd00,0xfd00,0xfd00,0xfd00,0x1082,0x1082,0x1082,0xff34,0xff34,0xff34,
    0xff34,0xff34,0xff34,0xff34,0xff34,0xff34,0xff34,0xff34,0xff34,0xff34,0xff34,0xff34,0xff34,0xff34,0xff34,0xff34,
    0xff34,0xff34,0xff34,0xff34,0x1082,0x1082,0x1082,0xfd00,0xfd00,0xfd00,0xfd00,0xfd00,0xfd00,0xfd00,0xfd00,0xfd00,
    0xfd00,0x1082,0x1082,0x1082,0x0000,0x0000,0xfac4,0x0000,0x0000,0x0000,0x0000,0x0000,0x0000,0x0000,0x0000,0x0000,
    0x0000,0x0000,0x0000,0x0000,0x0000,0x0000,0x0000,0x0000,0x0000,0x0000,0x0000,0x0000,0x0000,0x0000,0x1082,0x1082,
    0xfd00,0xfd00,0xfd00,0xfd00,0xfd00,0xfd00,0xfd00,0xfd00,0xfd00,0xfd00,0x1082,0x1082,0x1082,0xff34,0xff34,0xff34,
    0xff34,0xff34,0xff34,0xff34,0xff34,0xff34,0xff34,0xff34,0xff34,0xff34,0xff34,0xff34,0xff34,0xff34,0xff34,0xff34,
    0xff34,0xff34,0xff34,0xff34,0x1082,0x1082,0x1082,0xfd00,0xfd00,0xfd00,0xfd00,0xfd00,0xfd00,0xfd00,0xfd00,0xfd00,
    0xfd00,0x1082,0x1082,0x0000,0x0000,0x0000,0x0000,0x0000,0x0000,0x0000,0x0000,0x0000,0x0000,0x0000,0x0000,0x0000,
    0x0000,0x0000,0x0000,0x0000,0x0000,0x0000,0x0000,0x0000,0x0000,0x0000,0x0000,0x0000,0x0000,0x0000,0x0000,0x1082,
    0x1082,0xfd00,0xfd00,0xfd00,0xfd00,0xfd00,0xfd00,0xfd00,0xfd00,0xfd00,0x1082,0x1082,0x1082,0x1082,0xff34,0xff34,
    0xff34,0xff34,0xff34,0xff34,0xff34,0xff34,0xff34,0xff34,0xff34,0xff34,0xff34,0xff34,0xff34,0xff34,0xff34,0xff34,
    0xff34,0xff34,0xff34,0x1082,0x1082,0x1082,0x1082,0xfd00,0xfd00,0xfd00,0xfd00,0xfd00,0xfd00,0xfd00,0xfd00,0xfd00,
    0x1082,0x1082,0x0000,0x0000,0x0000,0x0000,0x0000,0x0000,0x0000,0x0000,0x0000,0x0000,0x0000,0x0000,0x0000,0x0000,
    0x0000,0x0000,0x0000,0x0000,0x0000,0x0000,0x0000,0x0000,0x0000,0x0000,0x0000,0x0000,0x0000,0x0000,0x0000,0x1082,
    0x1082,0x1082,0xfd00,0xfd00,0xfd00,0xfd00,0xfd00,0xfd00,0xfd00,0xfd00,0x1082,0x1082,0x1082,0x1082,0x1082,0xff34,
    0xff34,0xff34,0xff34,0xff34,0xff34,0xff34,0xff34,0xff34,0xff34,0xff34,0xff34,0xff34,0xff34,0xff34,0xff34,0xff34,
    0xff34,0xff34,0x1082,0x1082,0x1082,0x1082,0x1082,0xfd00,0xfd00,0xfd00,0xfd00,0xfd00,0xfd00,0xfd00,0xfd00,0x1082,
    0x1082,0x1082,0x0000,0x0000,0x0000,0x0000,0x0000,0x0000,0x0000,0x0000,0x0000,0x0000,0x0000,0x0000,0x0000,0x0000,
    0x0000,0x0000,0x0000,0x0000,0x0000,0x0000,0x0000,0x0000,0x0000,0x0000,0x0000,0x0000,0x0000,0x0000,0x0000,0x0000,
    0x1082,0x1082,0x1082,0xfd00,0xfd00,0xfd00,0xfd00,0xfd00,0xfd00,0xfd00,0xfd00,0x1082,0x1082,0x1082,0x1082,0x1082,
    0xff34,0xff34,0xff34,0xff34,0xff34,0xff34,0xff34,0xff34,0xff34,0xff34,0xff34,0xff34,0xff34,0xff34,0xff34,0xff34,
    0xff34,0x1082,0x1082,0x1082,0x1082,0x1082,0xfd00,0xfd00,0xfd00,0xfd00,0xfd00,0xfd00,0xfd00,0xfd00,0x1082,0x1082,
    0x1082,0x0000,0x0000,0x0000,0x0000,0x0000,0x0000,0x0000,0x0000,0x0000,0x0000,0x0000,0x0000,0x0000,0x0000,0x0000,
    0x0000,0x0000,0x0000,0x0000,0x0000,0x0000,0x0000,0x0000,0x0000,0x0000,0x0000,0x0000,0x0000,0x0000,0x0000,0x0000,
    0x0000,0x1082,0x1082,0xfd00,0xfd00,0xfd00,0xfd00,0xfd00,0xfd00,0xfd00,0xfd00,0xfd00,0x1082,0x1082,0x1082,0x1082,
    0x1082,0xff34,0xff34,0xff34,0xff34,0xff34,0xff34,0xff34,0xff34,0xff34,0xff34,0xff34,0xff34,0xff34,0xff34,0xff34,
    0x1082,0x1082,0x1082,0x1082,0x1082,0xfd00,0xfd00,0xfd00,0xfd00,0xfd00,0xfd00,0xfd00,0xfd00,0xfd00,0x1082,0x1082,
    0x0000,0x0000,0x0000,0x0000,0x0000,0x0000,0x0000,0x0000,0x0000,0x0000,0x0000,0x0000,0x0000,0x0000,0x0000,0x0000,
    0x0000,0x0000,0x0000,0x0000,0x0000,0x0000,0x0000,0x0000,0x0000,0x0000,0x0000,0x0000,0x0000,0x0000,0x0000,0x0000,
    0x0000,0x0000,0x1082,0x1082,0xfd00,0xfd00,0xfd00,0xfd00,0xfd00,0xfd00,0xfd00,0xfd00,0x1082,0x1082,0x1082,0x1082,
    0x1082,0x1082,0x1082,0xff34,0xff34,0xff34,0xff34,0xff34,0xff34,0xff34,0xff34,0xff34,0xff34,0xff34,0x1082,0x1082,
    0x1082,0x1082,0x1082,0x1082,0x1082,0xfd00,0xfd00,0xfd00,0xfd00,0xfd00,0xfd00,0xfd00,0xfd00,0x1082,0x1082,0x0000,
    0x0000,0x0000,0x0000,0x0000,0x0000,0x0000,0x0000,0x0000,0x0000,0x0000,0x0000,0x0000,0x0000,0x0000,0x0000,0x0000,
    0x0000,0x0000,0x0000,0x0000,0x0000,0x0000,0x0000,0x0000,0x0000,0x0000,0x0000,0x0000,0x0000,0x0000,0x0000,0x0000,
    0x0000,0x0000,0x0000,0x1082,0x1082,0x1082,0xfd00,0xfd00,0xfd00,0xfd00,0xfd00,0xfd00,0xfd00,0x1082,0x1082,0x1082,
    0x1082,0x1082,0x1082,0x1082,0x1082,0x1082,0x1082,0x1082,0xff34,0x1082,0x1082,0x1082,0x1082,0x1082,0x1082,0x1082,
    0x1082,0x1082,0x1082,0x1082,0xfd00,0xfd00,0xfd00,0xfd00,0xfd00,0xfd00,0xfd00,0x1082,0x1082,0x1082,0x0000,0x0000,
    0x0000,0x0000,0x0000,0x0000,0x0000,0x0000,0x0000,0x0000,0x0000,0x0000,0x0000,0x0000,0x0000,0x0000,0x0000,0x0000,
    0x0000,0x0000,0x0000,0x0000,0x0000,0x0000,0x0000,0x0000,0x0000,0x0000,0x0000,0x0000,0x0000,0x0000,0x0000,0x0000,
    0x0000,0x0000,0x0000,0x0000,0x1082,0x1082,0x1082,0xfd00,0xfd00,0xfd00,0xfd00,0xfd00,0xfd00,0xfd00,0xfd00,0x1082,
    0x1082,0x1082,0x1082,0x1082,0x1082,0x1082,0x1082,0x1082,0x1082,0x1082,0x1082,0x1082,0x1082,0x1082,0x1082,0x1082,
    0x1082,0x1082,0xfd00,0xfd00,0xfd00,0xfd00,0xfd00,0xfd00,0xfd00,0xfd00,0x1082,0x1082,0x1082,0x0000,0x0000,0x0000,
    0x0000,0x0000,0x0000,0x0000,0x0000,0x0000,0x0000,0x0000,0x0000,0x0000,0x0000,0x0000,0x0000,0x0000,0x0000,0x0000,
    0x0000,0x0000,0x0000,0x0000,0x0000,0x0000,0x0000,0x0000,0x0000,0x0000,0x0000,0x0000,0x0000,0x0000,0x0000,0x0000,
    0x0000,0x0000,0x0000,0x0000,0x1082,0x1082,0x1082,0x1082,0xfd00,0xfd00,0xfd00,0xfd00,0xfd00,0xfd00,0xfd00,0xfd00,
    0x1082,0x1082,0x1082,0x1082,0x1082,0x1082,0x1082,0x1082,0x1082,0x1082,0x1082,0x1082,0x1082,0x1082,0x1082,0x1082,
    0x1082,0xfd00,0xfd00,0xfd00,0xfd00,0xfd00,0xfd00,0xfd00,0xfd00,0x1082,0x1082,0x1082,0x1082,0x0000,0x0000,0x0000,
    0x0000,0x0000,0x0000,0x0000,0x0000,0x0000,0x0000,0x0000,0x0000,0x0000,0x0000,0x0000,0x0000,0x0000,0x0000,0x0000,
    0x0000,0x0000,0x0000,0x0000,0x0000,0x0000,0x0000,0x0000,0x0000,0x0000,0x0000,0x0000,0x0000,0x0000,0x0000,0x0000,
    0x0000,0x0000,0x0000,0x1082,0x1082,0x59c4,0x1082,0x1082,0x1082,0x1082,0xfd00,0xfd00,0xfd00,0xfd00,0xfd00,0xfd00,
    0xfd00,0xfd00,0xfd00,0x1082,0x1082,0x1082,0x1082,0x1082,0x1082,0x1082,0x1082,0x1082,0x1082,0x1082,0xfd00,0xfd00,
    0xfd00,0xfd00,0xfd00,0xfd00,0xfd00,0xfd00,0xfd00,0x1082,0x1082,0x1082,0x1082,0x59c4,0x1082,0x1082,0x0000,0x0000,
    0x0000,0x0000,0x0000,0x0000,0x0000,0x0000,0x0000,0x0000,0x0000,0x0000,0x0000,0x0000,0x0000,0x0000,0x0000,0x0000,
    0x0000,0x0000,0x0000,0x0000,0x0000,0x0000,0x0000,0x0000,0x0000,0x0000,0x0000,0x0000,0x0000,0x0000,0x0000,0x0000,
    0x0000,0x0000,0x0000,0x1082,0x59c4,0x59c4,0x59c4,0x59c4,0x1082,0x1082,0x1082,0x1082,0xfd00,0xfd00,0xfd00,0xfd00,
    0xfd00,0xfd00,0xfd00,0xfd00,0xfd00,0xfd00,0xfd00,0xfd00,0x1082,0xfd00,0xfd00,0xfd00,0xfd00,0xfd00,0xfd00,0xfd00,
    0xfd00,0xfd00,0xfd00,0xfd00,0xfd00,0x1082,0x1082,0x1082,0x1082,0x59c4,0x59c4,0x59c4,0x59c4,0x1082,0x0000,0x0000,
    0x0000,0x0000,0x0000,0x0000,0x0000,0x0000,0x0000,0x0000,0x0000,0x0000,0x0000,0x0000,0x0000,0x0000,0x0000,0x0000,
    0x0000,0x0000,0x0000,0x0000,0x0000,0x0000,0x0000,0x0000,0x0000,0x0000,0x0000,0x0000,0x0000,0x0000,0x0000,0x0000,
    0x0000,0x0000,0x1082,0x1082,0x1082,0x59c4,0x59c4,0x59c4,0x59c4,0x1082,0x1082,0x1082,0x1082,0x1082,0xfd00,0xfd00,
    0xfd00,0xfd00,0xfd00,0xfd00,0xfd00,0xfd00,0xfd00,0xfd00,0xfd00,0xfd00,0xfd00,0xfd00,0xfd00,0xfd00,0xfd00,0xfd00,
    0xfd00,0xfd00,0xfd00,0x1082,0x1082,0x1082,0x1082,0x1082,0x59c4,0x59c4,0x59c4,0x59c4,0x1082,0x1082,0x1082,0x0000,
    0x0000,0x0000,0x0000,0x0000,0x0000,0x0000,0x0000,0x0000,0x0000,0x0000,0x0000,0x0000,0x0000,0x0000,0x0000,0x0000,
    0x0000,0x0000,0x0000,0x0000,0x0000,0x0000,0x0000,0x0000,0x0000,0x0000,0x0000,0x0000,0x0000,0x0000,0x0000,0x0000,
    0x0000,0x0000,0x0000,0x1082,0x1082,0x59c4,0x59c4,0x59c4,0x59c4,0x59c4,0x59c4,0x1082,0x1082,0x1082,0x1082,0x1082,
    0x1082,0xfd00,0xfd00,0xfd00,0xfd00,0xfd00,0xfd00,0xfd00,0xfd00,0xfd00,0xfd00,0xfd00,0xfd00,0xfd00,0xfd00,0xfd00,
    0x1082,0x1082,0x1082,0x1082,0x1082,0x1082,0x59c4,0x59c4,0x59c4,0x59c4,0x59c4,0x59c4,0x1082,0x1082,0x0000,0x0000,
    0x0000,0x0000,0x0000,0x0000,0x0000,0x0000,0x0000,0x0000,0x0000,0x0000,0x0000,0x0000,0x0000,0x0000,0x0000,0x0000,
    0x0000,0x0000,0x0000,0x0000,0x0000,0x0000,0x0000,0x0000,0x0000,0x0000,0x0000,0x0000,0x0000,0x0000,0x0000,0x0000,
    0x0000,0x0000,0x0000,0x1082,0x1082,0x1082,0x1082,0x59c4,0x59c4,0x59c4,0x59c4,0x59c4,0x59c4,0x59c4,0x1082,0x1082,
    0x1082,0x1082,0x1082,0x1082,0x1082,0x1082,0x1082,0x1082,0xfd00,0x1082,0x1082,0x1082,0x1082,0x1082,0x1082,0x1082,
    0x1082,0x1082,0x1082,0x59c4,0x59c4,0x59c4,0x59c4,0x59c4,0x59c4,0x59c4,0x1082,0x1082,0x1082,0x1082,0x0000,0x0000,
    0x0000,0x0000,0x0000,0x0000,0x0000,0x0000,0x0000,0x0000,0x0000,0x0000,0x0000,0x0000,0x0000,0x0000,0x0000,0x0000,
    0x0000,0x0000,0x0000,0x0000,0x0000,0x0000,0x0000,0x0000,0x0000,0x0000,0x0000,0x0000,0x0000,0x0000,0x0000,0x0000,
    0x0000,0x0000,0x0000,0x0000,0x1082,0x1082,0x1082,0x1082,0x1082,0x1082,0x1082,0x59c4,0x1082,0x1082,0x1082,0x1082,
    0x1082,0x1082,0x1082,0x1082,0x1082,0x1082,0x1082,0x1082,0x1082,0x1082,0x1082,0x1082,0x1082,0x1082,0x1082,0x1082,
    0x1082,0x1082,0x1082,0x1082,0x1082,0x59c4,0x1082,0x1082,0x1082,0x1082,0x1082,0x1082,0x1082,0x0000,0x0000,0x0000,
    0x0000,0x0000,0x0000,0x0000,0x0000,0x0000,0x0000,0x0000,0x0000,0x0000,0x0000,0x0000,0x0000,0x0000,0x0000,0x0000,
    0x0000,0x0000,0x0000,0x0000,0x0000,0x0000,0x0000,0x0000,0x0000,0x0000,0x0000,0x0000,0x0000,0x0000,0x0000,0x0000,
    0x0000,0x0000,0x0000,0x0000,0x0000,0x0000,0x1082,0x1082,0x1082,0x1082,0x1082,0x1082,0x1082,0x1082,0x1082,0x1082,
    0x1082,0x0000,0x0000,0x0000,0x0000,0x0000,0x0000,0x0000,0x1082,0x0000,0x0000,0x0000,0x0000,0x0000,0x0000,0x0000,
    0x1082,0x1082,0x1082,0x1082,0x1082,0x1082,0x1082,0x1082,0x1082,0x1082,0x1082,0x0000,0x0000,0x0000,0x0000,0x0000,
    0x0000,0x0000,0x0000,0x0000,0x0000,0x0000,0x0000,0x0000,0x0000,0x0000,0x0000,0x0000,0x0000,0x0000,0x0000,0x0000,
    0x0000,0x0000,0x0000,0x0000,0x0000,0x0000,0x0000,0x0000,0x0000,0x0000,0x0000,0x0000,0x0000,0x0000,0x0000,0x0000,
    0x0000,0x0000,0x0000,0x0000,0x0000,0x0000,0x0000,0x0000,0x0000,0x0000,0x0000,0x1082,0x0000,0x0000,0x0000,0x0000,
    0x0000,0x0000,0x0000,0x0000,0x0000,0x0000,0x0000,0x0000,0x0000,0x0000,0x0000,0x0000,0x0000,0x0000,0x0000,0x0000,
    0x0000,0x0000,0x0000,0x0000,0x0000,0x1082,0x0000,0x0000,0x0000,0x0000,0x0000,0x0000,0x0000,0x0000,0x0000,0x0000,
    0x0000,0x0000,0x0000,0x0000,0x0000,0x0000,0x0000,0x0000,0x0000,0x0000,0x0000,0x0000,0x0000,0x0000,0x0000,0x0000,
    0x0000,0x0000,0x0000,0x0000,0x0000,0x0000,0x0000,0x0000,0x0000,0x0000,0x0000,0x0000,0x0000,0x0000,0x0000,0x0000,
    0x0000,0x0000,0x0000,0x0000,0x0000,0x0000,0x0000,0x0000,0x0000,0x0000,0x0000,0x0000,0x0000,0x0000,0x0000,0x0000,
    0x0000,0x0000,0x0000,0x0000,0x0000,0x0000,0x0000,0x0000,0x0000,0x0000,0x0000,0x0000,0x0000,0x0000,0x0000,0x0000,
    0x0000,0x0000,0x0000,0x0000,0x0000,0x0000,0x0000,0x0000,0x0000,0x0000,0x0000,0x0000,0x0000,0x0000,0x0000,0x0000,
    0x0000,0x0000,0x0000,0x0000,0x0000,0x0000,0x0000,0x0000,0x0000,0x0000,0x0000,0x0000,0x0000,0x0000,0x0000,0x0000,
    0x0000,0x0000,0x0000,0x0000,0x0000,0x0000,0x0000,0x0000,0x0000,0x0000,0x0000,0x0000,0x0000,0x0000,0x0000,0x0000,
    0x0000,0x0000,0x0000,0x0000,0x0000,0x0000,0x0000,0x0000,0x0000,0x0000,0x0000,0x0000,0x0000,0x0000,0x0000,0x0000,
    0x0000,0x0000,0x0000,0x0000,0x0000,0x0000,0x0000,0x0000,0x0000,0x0000,0x0000,0x0000,0x0000,0x0000,0x0000,0x0000,
    0x0000,0x0000,0x0000,0x0000,0x0000,0x0000,0x0000,0x0000,0x0000,0x0000,0x0000,0x0000,0x0000,0x0000,0x0000,0x0000,
    0x0000,0x0000,0x0000,0x0000,0x0000,0x0000,0x0000,0x0000,0x0000,0x0000,0x0000,0x0000,0x0000,0x0000,0x0000,0x0000,
    0x0000,0x0000,0x0000,0x0000,0x0000,0x0000,0x0000,0x0000,0x0000,0x0000,0x0000,0x0000,0x0000,0x0000,0x0000,0x0000,
    0x0000,0x0000,0x0000,0x0000,0x0000,0x0000,0x0000,0x0000,0x0000,0x0000,0x0000,0x0000,0x0000,0x0000,0x0000,0x0000,
    0x0000,0x0000,0x0000,0x0000,0x0000,0x0000,0x0000,0x0000,0x0000,0x0000,0x0000,0x0000,0x0000,0x0000,0x0000,0x0000,
    0x0000,0x0000,0x0000,0x0000,0x0000,0x0000,0x0000,0x0000,0x0000,0x0000,0x0000,0x0000,0x0000,0x0000,0x0000,0x0000,
    0x0000,0x0000,0x0000,0x0000,0x0000,0x0000,0x0000,0x0000,0x0000,0x0000,0x0000,0x0000,0x0000,0x0000,0x0000,0x0000,
    0x0000,0x0000,0x0000,0x0000,0x0000,0x0000,0x0000,0x0000,0x0000,0x0000,0x0000,0x0000,0x0000,0x0000,0x0000,0x0000,
    0x0000,0x0000,0x0000,0x0000,0x0000,0x0000,0x0000,0x0000,0x0000,0x0000,0x0000,0x0000,0x0000,0x0000,0x0000,0x0000,
    0x0000,0x0000,0x0000,0x0000,0x0000,0x0000,0x0000,0x0000,0x0000,0x0000,0x0000,0x0000,0x0000,0x0000,0x0000,0x0000,
    0x0000,0x0000,0x0000,0x0000,0x0000,0x0000,0x0000,0x0000,0x0000,0x0000,0x0000,0x0000,0x0000,0x0000,0x0000,0x0000,
    0x0000,0x0000,0x0000,0x0000,0x0000,0x0000,0x0000,0x0000,0x0000,0x0000,0x0000,0x0000,0x0000,0x0000,0x0000,0x0000,
    0x0000,0x0000,0x0000,0x0000,0x0000,0x0000,0x0000,0x0000,0x0000,0x0000,0x0000,0x0000,0x0000,0x0000,0x0000,0x0000,
    0x0000,0x0000,0x0000,0x0000,0x0000,0x0000,0x0000,0x0000,0x0000,0x0000,0x0000,0x0000,0x0000,0x0000,0x0000,0x0000,
    0x0000,0x0000,0x0000,0x0000,0x0000,0x0000,0x0000,0x0000,0x0000,0x0000,0x0000,0x0000,0x0000,0x0000,0x0000,0x0000,
    0x0000,0x0000,0x0000,0x0000,0x0000,0x0000,0x0000,0x0000,0x0000,0x0000,0x0000,0x0000,0x0000,0x0000,0x0000,0x0000,
    0x0000,0x0000,0x0000,0x0000,0x0000,0x0000,0x0000,0x0000,0x0000,0x0000,0x0000,0x0000,0x0000,0x0000,0x0000,0x0000,
    0x0000,0x0000,0x0000,0x0000,0x0000,0x0000,0x0000,0x0000,0x0000,0x0000,0x0000,0x0000,0x0000,0x0000,0x0000,0x0000,
    0x0000,0x0000,0x0000,0x0000,0x0000,0x0000,0x0000,0x0000,0x0000,0x0000,0x0000,0x0000,0x0000,0x0000,0x0000,0x0000,
    0x0000,0x0000,0x0000,0x0000,0x0000,0x0000,0x0000,0x0000,0x0000,0x0000,0x0000,0x0000,0x0000,0x0000,0x0000,0x0000,
    0x0000,0x0000,0x0000,0x0000,0x0000,0x0000,0x0000,0x0000,0x0000,0x0000,0x0000,0x0000,0x0000,0x0000,0x0000,0x0000,
    0x0000,0x0000,0x0000,0x0000,0x0000,0x0000,0x0000,0x0000,0x0000,0x0000,0x0000,0x0000,0x0000,0x0000,0x0000,0x0000,
    0x0000,0x0000,0x0000,0x0000,0x0000,0x0000,0x0000,0x0000,0x0000,0x0000,0x0000,0x0000,0x0000,0x0000,0x0000,0x0000,
    0x0000,0x0000,0x0000,0x0000,0x0000,0x0000,0x0000,0x0000,0x0000,0x0000,0x0000,0x0000,0x0000,0x0000,0x0000,0x0000,
    0x0000,0x0000,0x0000,0x0000,0x0000,0x0000,0x0000,0x0000,0x0000,0x0000,0x0000,0x0000,0x0000,0x0000,0x0000,0x0000,
    0x0000,0x0000,0x0000,0x0000,0x0000,0x0000,0x0000,0x0000,0x0000,0x0000,0x0000,0x0000,0x0000,0x0000,0x0000,0x0000,
    0x0000,0x0000,0x0000,0x0000,0x0000,0x0000,0x0000,0x0000,0x0000,0x0000,0x0000,0x0000,0x0000,0x0000,0x0000,0x0000,
  },
  // sleepy frame 0
  {
    0x0000,0x0000,0x0000,0x0000,0x0000,0x0000,0x0000,0x0000,0x0000,0x0000,0x0000,0x0000,0x0000,0x0000,0x0000,0x0000,
    0x0000,0x0000,0x0000,0x0000,0x0000,0x0000,0x0000,0x0000,0x0000,0x0000,0x0000,0x0000,0x0000,0x0000,0x0000,0x0000,
    0x0000,0x0000,0x0000,0x0000,0x0000,0x0000,0x0000,0x0000,0x0000,0x0000,0x0000,0x0000,0x0000,0x0000,0x0000,0x0000,
    0x0000,0x0000,0x0000,0x0000,0x0000,0x0000,0x0000,0x0000,0x0000,0x0000,0x0000,0x0000,0x0000,0x0000,0x0000,0x0000,
    0x0000,0x0000,0x0000,0x0000,0x0000,0x0000,0x0000,0x0000,0x0000,0x0000,0x0000,0x0000,0x0000,0x0000,0x0000,0x0000,
    0x0000,0x0000,0x0000,0x0000,0x0000,0x0000,0x0000,0x0000,0x0000,0x0000,0x0000,0x0000,0x0000,0x0000,0x0000,0x0000,
    0x0000,0x0000,0x0000,0x0000,0x0000,0x0000,0x0000,0x0000,0x0000,0x0000,0x0000,0x0000,0x0000,0x0000,0x0000,0x0000,
    0x0000,0x0000,0x0000,0x0000,0x0000,0x0000,0x0000,0x0000,0x0000,0x0000,0x0000,0x0000,0x0000,0x0000,0x0000,0x0000,
    0x0000,0x0000,0x0000,0x0000,0x0000,0x0000,0x0000,0x0000,0x0000,0x0000,0x0000,0x0000,0x0000,0x0000,0x0000,0x0000,
    0x0000,0x0000,0x0000,0x0000,0x0000,0x0000,0x0000,0x0000,0x0000,0x0000,0x0000,0x0000,0x0000,0x0000,0x0000,0x0000,
    0x0000,0x0000,0x0000,0x0000,0x0000,0x0000,0x0000,0x0000,0x0000,0x0000,0x0000,0x0000,0x0000,0x0000,0x0000,0x0000,
    0x0000,0x0000,0x0000,0x0000,0x0000,0x0000,0x0000,0x0000,0x0000,0x0000,0x0000,0x0000,0x0000,0x0000,0x0000,0x0000,
    0x0000,0x0000,0x0000,0x0000,0x0000,0x0000,0x0000,0x0000,0x0000,0x0000,0x0000,0x0000,0x0000,0x0000,0x0000,0x0000,
    0x0000,0x0000,0x0000,0x0000,0x0000,0x0000,0x0000,0x0000,0x0000,0x0000,0x0000,0x0000,0x0000,0x0000,0x0000,0x0000,
    0x0000,0x0000,0x0000,0x0000,0x0000,0x0000,0x0000,0x0000,0x0000,0x0000,0x0000,0x0000,0x0000,0x0000,0x0000,0x0000,
    0x0000,0x0000,0x0000,0x0000,0x0000,0x0000,0x0000,0x0000,0x0000,0x0000,0x0000,0x0000,0x0000,0x0000,0x0000,0x0000,
    0x0000,0x0000,0x0000,0x0000,0x0000,0x0000,0x0000,0x0000,0x0000,0x0000,0x0000,0x0000,0x0000,0x0000,0x0000,0x0000,
    0x0000,0x0000,0x0000,0x0000,0x0000,0x0000,0x0000,0x0000,0x0000,0x0000,0x0000,0x0000,0x0000,0x0000,0x0000,0x0000,
    0x0000,0x0000,0x0000,0x0000,0x0000,0x0000,0x0000,0x0000,0x0000,0x0000,0x0000,0x0000,0x0000,0x0000,0x0000,0x0000,
    0x0000,0x0000,0x0000,0x0000,0x0000,0x0000,0x0000,0x0000,0x0000,0x0000,0x0000,0x0000,0x0000,0x0000,0x0000,0x0000,
    0x0000,0x0000,0x0000,0x0000,0x0000,0x0000,0x0000,0x0000,0x0000,0x0000,0x0000,0x0000,0x0000,0x0000,0x0000,0x0000,
    0x0000,0x0000,0x0000,0x0000,0x0000,0x0000,0x0000,0x0000,0x0000,0x0000,0x0000,0x0000,0x0000,0x0000,0x0000,0x0000,
    0x0000,0x0000,0x0000,0x0000,0x0000,0x0000,0x0000,0x0000,0x0000,0x0000,0x0000,0x0000,0x0000,0x0000,0x0000,0x0000,
    0x0000,0x0000,0x0000,0x0000,0x0000,0x0000,0x0000,0x0000,0x0000,0x0000,0x0000,0x0000,0x0000,0x0000,0x0000,0x0000,
    0x0000,0x0000,0x0000,0x0000,0x0000,0x0000,0x0000,0x0000,0x0000,0x0000,0x0000,0x0000,0x0000,0x0000,0x0000,0x0000,
    0x0000,0x0000,0x0000,0x0000,0x0000,0x0000,0x0000,0x0000,0x0000,0x0000,0x0000,0x0000,0x0000,0x0000,0x0000,0x0000,
    0x0000,0x0000,0x0000,0x0000,0x0000,0x0000,0x0000,0x0000,0x0000,0x0000,0x0000,0x0000,0x0000,0x0000,0x0000,0x0000,
    0x0000,0x0000,0x0000,0x0000,0x0000,0x0000,0x0000,0x0000,0x0000,0x0000,0x0000,0x0000,0x0000,0x0000,0x0000,0x0000,
    0x0000,0x0000,0x0000,0x0000,0x0000,0x0000,0x0000,0x0000,0x0000,0x0000,0x0000,0x0000,0x0000,0x0000,0x0000,0x0000,
    0x0000,0x0000,0x0000,0x0000,0x0000,0x0000,0x0000,0x0000,0x0000,0x0000,0x0000,0x0000,0x0000,0x0000,0x0000,0x0000,
    0x0000,0x0000,0x0000,0x0000,0x0000,0x0000,0x0000,0x0000,0x0000,0x0000,0x0000,0x0000,0x0000,0x0000,0x0000,0x0000,
    0x0000,0x0000,0x0000,0x0000,0x0000,0x0000,0x0000,0x0000,0x0000,0x0000,0x0000,0x0000,0x0000,0x0000,0x0000,0x0000,
    0x0000,0x0000,0x0000,0x0000,0x0000,0x0000,0x0000,0x1082,0x1082,0x1082,0x0000,0x0000,0x0000,0x0000,0x0000,0x0000,
    0x0000,0x0000,0x0000,0x0000,0x0000,0x0000,0x0000,0x0000,0x0000,0x0000,0x0000,0x0000,0x0000,0x0000,0x0000,0x0000,
    0x0000,0x0000,0x0000,0x0000,0x0000,0x0000,0x0000,0x0000,0x0000,0x0000,0x0000,0x0000,0x0000,0x0000,0x0000,0x0000,
    0x0000,0x0000,0x0000,0x0000,0x0000,0x0000,0x0000,0x0000,0x0000,0x0000,0x0000,0x0000,0x0000,0x0000,0x0000,0x0000,
    0x0000,0x0000,0x0000,0x0000,0x0000,0x0000,0x0000,0x0000,0x0000,0x0000,0x0000,0x0000,0x0000,0x0000,0x0000,0x0000,
    0x0000,0x0000,0x0000,0x0000,0x0000,0x0000,0x0000,0xbf3f,0xbf3f,0xbf3f,0x0000,0x0000,0x0000,0x0000,0x0000,0x0000,
    0x0000,0x0000,0x0000,0x0000,0x0000,0x0000,0x0000,0x0000,0x0000,0x0000,0x0000,0x0000,0x0000,0x0000,0x0000,0x0000,
    0x0000,0x0000,0x0000,0x0000,0x0000,0x0000,0x0000,0x0000,0x0000,0x0000,0x0000,0x0000,0x0000,0x0000,0x0000,0x0000,
    0x0000,0x0000,0x0000,0x0000,0x0000,0x0000,0x0000,0x0000,0x0000,0x0000,0x0000,0x0000,0x0000,0x0000,0x0000,0x0000,
    0x0000,0x0000,0x0000,0x0000,0x0000,0x0000,0x0000,0x0000,0x0000,0x0000,0x0000,0x0000,0x0000,0x0000,0x0000,0x0000,
    0x0000,0x0000,0x0000,0x0000,0x0000,0x0000,0x1082,0xbf3f,0xbf3f,0xbf3f,0x1082,0x0000,0x0000,0x0000,0x0000,0x0000,
    0x0000,0x0000,0x0000,0x0000,0x0000,0x0000,0x0000,0x0000,0x0000,0x0000,0x0000,0x0000,0x0000,0x0000,0x0000,0x0000,
    0x0000,0x0000,0x0000,0x0000,0x0000,0x0000,0x0000,0x0000,0x0000,0x0000,0x0000,0x0000,0x0000,0x0000,0x0000,0x0000,
    0x0000,0x0000,0x0000,0x0000,0x0000,0x0000,0x0000,0x0000,0x0000,0x0000,0x0000,0x0000,0x0000,0x0000,0x0000,0x0000,
    0x0000,0x0000,0x0000,0x0000,0x0000,0x0000,0x0000,0x0000,0x0000,0x0000,0x0000,0x0000,0x0000,0x0000,0x0000,0x0000,
    0x0000,0x0000,0x0000,0x0000,0x0000,0x0000,0x1082,0xbf3f,0xbf3f,0xbf3f,0x1082,0x0000,0x0000,0x0000,0x0000,0x0000,
    0x0000,0x0000,0x0000,0x0000,0x0000,0x0000,0x0000,0x0000,0x0000,0x0000,0x0000,0x0000,0x0000,0x0000,0x0000,0x0000,
    0x0000,0x0000,0x0000,0x0000,0x0000,0x0000,0x0000,0x0000,0x0000,0x0000,0x0000,0x0000,0x0000,0x0000,0x0000,0x0000,
    0x0000,0x0000,0x0000,0x0000,0x0000,0x0000,0x0000,0x0000,0x0000,0x0000,0x0000,0x0000,0x0000,0x0000,0x0000,0x0000,
    0x0000,0x0000,0x0000,0x0000,0x0000,0x0000,0x0000,0x0000,0x0000,0x0000,0x0000,0x0000,0x0000,0x0000,0x0000,0x0000,
    0x0000,0x1082,0x1082,0x1082,0x1082,0x1082,0xbf3f,0xbf3f,0xbf3f,0xbf3f,0xbf3f,0x1082,0x1082,0x1082,0x1082,0x1082,
    0x0000,0x0000,0x0000,0x0000,0x0000,0x0000,0x0000,0x0000,0x0000,0x0000,0x0000,0x0000,0x0000,0x0000,0x0000,0x0000,
    0x0000,0x0000,0x0000,0x0000,0x0000,0x0000,0x0000,0x0000,0x0000,0x0000,0x0000,0x0000,0x0000,0x0000,0x0000,0x0000,
    0x0000,0x0000,0x0000,0x0000,0x0000,0x0000,0x0000,0x0000,0x0000,0x0000,0x0000,0x0000,0x0000,0x0000,0x0000,0x0000,
    0x0000,0x0000,0x0000,0x0000,0x0000,0x0000,0x0000,0x0000,0x0000,0x0000,0x0000,0x0000,0x0000,0x0000,0x1082,0x1082,
    0x1082,0x1082,0x1082,0x1082,0x1082,0x1082,0xbf3f,0xbf3f,0xbf3f,0xbf3f,0xbf3f,0x1082,0x1082,0x1082,0x1082,0x1082,
    0x1082,0x1082,0x1082,0x0000,0x0000,0x0000,0x0000,0x0000,0x0000,0x0000,0x0000,0x0000,0x0000,0x0000,0x0000,0x0000,
    0x0000,0x0000,0x0000,0x0000,0x0000,0x0000,0x0000,0x0000,0x0000,0x0000,0x0000,0x0000,0x0000,0x0000,0x0000,0x0000,
    0x0000,0x0000,0x0000,0x0000,0x0000,0x0000,0x0000,0x0000,0x0000,0x0000,0x0000,0x0000,0x0000,0x0000,0x0000,0x0000,
    0x0000,0x0000,0x0000,0x0000,0x0000,0x0000,0x0000,0x0000,0x0000,0x0000,0x0000,0x1082,0x1082,0x1082,0x1082,0x1082,
    0x1082,0x03ff,0x03ff,0x03ff,0x03ff,0x1082,0xbf3f,0xbf3f,0xbf3f,0xbf3f,0xbf3f,0x1082,0x03ff,0x03ff,0x03ff,0x03ff,
    0x1082,0x1082,0x1082,0x1082,0x1082,0x1082,0x0000,0x0000,0x0000,0x0000,0x0000,0x0000,0x0000,0x0000,0x0000,0x0000,
    0x0000,0x0000,0x0000,0x0000,0x0000,0x0000,0x0000,0x0000,0x0000,0x0000,0x0000,0x0000,0x0000,0x0000,0x0000,0x0000,
    0x0000,0x0000,0x0000,0x0000,0x0000,0x0000,0x0000,0x0000,0x0000,0x0000,0x0000,0x0000,0x0000,0x0000,0x0000,0x0000,
    0x0000,0x0000,0x0000,0x0000,0x0000,0x0000,0x0000,0x0000,0x0000,0x1082,0x1082,0x1082,0x1082,0x1082,0x03ff,0x03ff,
    0x03ff,0x03ff,0x03ff,0x03ff,0x03ff,0x1082,0xbf3f,0xbf3f,0xbf3f,0xbf3f,0xbf3f,0x1082,0x03ff,0x03ff,0x03ff,0x03ff,
    0x03ff,0x03ff,0x03ff,0x1082,0x1082,0x1082,0x1082,0x1082,0x0000,0x0000,0x0000,0x0000,0x0000,0x0000,0x0000,0x0000,
    0x0000,0x0000,0x0000,0x0000,0x0000,0x0000,0x0000,0x0000,0x0000,0x0000,0x0000,0x0000,0x0000,0x0000,0x0000,0x0000,
    0x0000,0x0000,0x0000,0x0000,0x0000,0x0000,0x0000,0x0000,0x0000,0x0000,0x0000,0x0000,0x0000,0x0000,0x0000,0x0000,
    0x0000,0x0000,0x0000,0x0000,0x0000,0x0000,0x0000,0x0000,0x1082,0x1082,0x1082,0x1082,0x03ff,0x03ff,0x03ff,0x03ff,
    0x03ff,0x03ff,0x03ff,0x03ff,0x03ff,0x1082,0xbf3f,0xbf3f,0xbf3f,0xbf3f,0xbf3f,0x1082,0x03ff,0x03ff,0x03ff,0x03ff,
    0x03ff,0x03ff,0x03ff,0x03ff,0x03ff,0x1082,0x1082,0x1082,0x1082,0x0000,0x0000,0x0000,0x0000,0x0000,0x0000,0x0000,
    0x0000,0x0000,0x0000,0x0000,0xffff,0xffff,0xffff,0xffff,0xffff,0x0000,0x0000,0x0000,0x0000,0x0000,0x0000,0x0000,
    0x0000,0x0000,0x0000,0x0000,0x0000,0x0000,0x0000,0x0000,0x0000,0x0000,0x0000,0x0000,0x0000,0x0000,0x0000,0x0000,
    0x0000,0x0000,0x0000,0x0000,0x0000,0x0000,0x1082,0x1082,0x1082,0x1082,0x03ff,0x03ff,0x03ff,0x03ff,0x03ff,0x03ff,
    0x03ff,0x03ff,0x03ff,0x03ff,0x03ff,0x1082,0x1082,0x1082,0x03ff,0x1082,0x1082,0x1082,0x03ff,0x03ff,0x03ff,0x03ff,
    0x03ff,0x03ff,0x03ff,0x03ff,0x03ff,0x03ff,0x03ff,0x1082,0x1082,0x1082,0x1082,0x0000,0x0000,0x0000,0x0000,0x0000,
    0x0000,0x0000,0x0000,0x0000,0x0000,0x0000,0x0000,0xffff,0x0000,0x0000,0x0000,0x0000,0x0000,0x0000,0x0000,0x0000,
    0x0000,0x0000,0x0000,0x0000,0x0000,0x0000,0x0000,0x0000,0x0000,0x0000,0x0000,0x0000,0x0000,0x0000,0x0000,0x0000,
    0x0000,0x0000,0x0000,0x0000,0x0000,0x1082,0x1082,0x1082,0x1082,0x1082,0x1082,0x1082,0x1082,0x03ff,0x03ff,0x03ff,
    0x03ff,0x03ff,0x03ff,0x03ff,0x03ff,0x03ff,0x03ff,0x03ff,0x03ff,0x03ff,0x03ff,0x03ff,0x03ff,0x03ff,0x03ff,0x03ff,
    0x03ff,0x03ff,0x03ff,0x03ff,0x1082,0x1082,0x1082,0x1082,0x1082,0x1082,0x1082,0x1082,0x0000,0x0000,0x0000,0x0000,
    0x0000,0x0000,0x0000,0x0000,0x0000,0x0000,0xffff,0x0000,0x0000,0x0000,0x0000,0x0000,0x0000,0x0000,0x0000,0x0000,
    0x0000,0x0000,0x0000,0x0000,0x0000,0x0000,0x0000,0x0000,0x0000,0x0000,0x0000,0x0000,0x0000,0x0000,0x0000,0x0000,
    0x0000,0x0000,0x0000,0x0000,0x1082,0x1082,0x1082,0x1082,0x1082,0x1082,0x1082,0x1082,0x1082,0x1082,0x03ff,0x03ff,
    0x03ff,0x03ff,0x03ff,0x03ff,0x03ff,0x03ff,0x03ff,0x03ff,0x03ff,0x03ff,0x03ff,0x03ff,0x03ff,0x03ff,0x03ff,0x03ff,
    0x03ff,0x03ff,0x03ff,0x1082,0x1082,0x1082,0x1082,0x1082,0x1082,0x1082,0x1082,0x1082,0x1082,0x0000,0x0000,0x0000,
    0x0000,0x0000,0x0000,0x0000,0x0000,0xffff,0x0000,0x0000,0x0000,0x0000,0x0000,0x0000,0x0000,0x0000,0x0000,0x0000,
    0x0000,0x0000,0x0000,0x0000,0x0000,0x0000,0x0000,0x0000,0x0000,0x0000,0x0000,0x0000,0x0000,0x0000,0x0000,0x0000,
    0x0000,0x0000,0x0000,0x1082,0x1082,0x1082,0x1082,0x1082,0x1082,0xbf3f,0x1082,0x1082,0x1082,0x1082,0x1082,0x03ff,
    0x03ff,0x03ff,0x03ff,0x03ff,0x03ff,0x03ff,0x03ff,0x03ff,0x03ff,0x03ff,0x03ff,0x03ff,0x03ff,0x03ff,0x03ff,0x03ff,
    0x03ff,0x03ff,0x1082,0x1082,0x1082,0x1082,0x1082,0xbf3f,0x1082,0x1082,0x1082,0x1082,0x1082,0x1082,0x0000,0x0000,
    0x0000,0x0000,0x0000,0x0000,0xffff,0xffff,0xffff,0xffff,0xffff,0x0000,0x0000,0x0000,0x0000,0x0000,0x0000,0x0000,
    0x0000,0x0000,0x0000,0x0000,0x0000,0x0000,0x0000,0x0000,0x0000,0x0000,0x0000,0x0000,0x0000,0x0000,0x0000,0x0000,
    0x0000,0x0000,0x1082,0x1082,0x1082,0x1082,0x1082,0xbf3f,0xbf3f,0xbf3f,0xbf3f,0xbf3f,0x1082,0x1082,0x1082,0x1082,
    0x03ff,0x03ff,0x03ff,0x03ff,0x03ff,0x03ff,0x03ff,0x03ff,0x03ff,0x03ff,0x03ff,0x03ff,0x03ff,0x03ff,0x03ff,0x03ff,
    0x03ff,0x1082,0x1082,0x1082,0x1082,0xbf3f,0xbf3f,0xbf3f,0xbf3f,0xbf3f,0x1082,0x1082,0x1082,0x1082,0x1082,0x0000,
    0x0000,0x0000,0x0000,0x0000,0x0000,0x0000,0x0000,0x0000,0x0000,0x0000,0x0000,0x0000,0x0000,0x0000,0x0000,0x0000,
    0x0000,0x0000,0x0000,0x0000,0x0000,0x0000,0x0000,0x0000,0x0000,0x0000,0x0000,0x0000,0x0000,0x0000,0x0000,0x0000,
    0x0000,0x1082,0x1082,0x1082,0x1082,0x1082,0xbf3f,0xbf3f,0xbf3f,0xbf3f,0xbf3f,0xbf3f,0xbf3f,0x1082,0x1082,0x1082,
    0x03ff,0x03ff,0x03ff,0x03ff,0x03ff,0x03ff,0x03ff,0x03ff,0x03ff,0x03ff,0x03ff,0x03ff,0x03ff,0x03ff,0x03ff,0x03ff,
    0x03ff,0x1082,0x1082,0x1082,0xbf3f,0xbf3f,0xbf3f,0xbf3f,0xbf3f,0xbf3f,0xbf3f,0x1082,0x1082,0x1082,0x1082,0x1082,
    0x0000,0x0000,0x0000,0x0000,0x0000,0x0000,0x0000,0x0000,0x0000,0x0000,0x0000,0x0000,0x0000,0x0000,0x0000,0x0000,
    0x0000,0x0000,0x0000,0x0000,0x0000,0x0000,0x0000,0x0000,0x0000,0x0000,0x0000,0x0000,0x0000,0x0000,0x0000,0x0000,
    0x1082,0x1082,0x1082,0x1082,0x1082,0x1082,0xbf3f,0xbf3f,0xbf3f,0xbf3f,0xbf3f,0xbf3f,0xbf3f,0x1082,0x1082,0x1082,
    0x03ff,0x03ff,0x03ff,0x03ff,0x03ff,0x03ff,0x03ff,0x03ff,0x03ff,0x03ff,0x03ff,0x03ff,0x03ff,0x03ff,0x03ff,0x03ff,
    0x03ff,0x1082,0x1082,0x1082,0xbf3f,0xbf3f,0xbf3f,0xbf3f,0xbf3f,0xbf3f,0xbf3f,0x1082,0x1082,0x1082,0x1082,0x1082,
    0x1082,0x0000,0x0000,0x0000,0x0000,0x0000,0x0000,0x0000,0x0000,0x0000,0x0000,0x0000,0x0000,0x0000,0x0000,0x0000,
    0x0000,0x0000,0x0000,0x0000,0x0000,0x0000,0x0000,0x0000,0x0000,0x0000,0x0000,0x0000,0x0000,0x0000,0x0000,0x1082,
    0x1082,0x1082,0x1082,0x1082,0x1082,0xbf3f,0xbf3f,0xbf3f,0xbf3f,0xbf3f,0xbf3f,0xbf3f,0xbf3f,0xbf3f,0x1082,0x1082,
    0x1082,0x03ff,0x03ff,0x03ff,0x03ff,0x03ff,0x03ff,0x03ff,0x03ff,0x03ff,0x03ff,0x03ff,0x03ff,0x03ff,0x03ff,0x03ff,
    0x1082,0x1082,0x1082,0xbf3f,0xbf3f,0xbf3f,0xbf3f,0xbf3f,0xbf3f,0xbf3f,0xbf3f,0xbf3f,0x1082,0x1082,0xffff,0xffff,
    0xffff,0xffff,0xffff,0xffff,0x0000,0x0000,0x0000,0x0000,0x0000,0x0000,0x0000,0x0000,0x0000,0x0000,0x0000,0x0000,
    0x0000,0x0000,0x0000,0x0000,0x0000,0x0000,0x0000,0x0000,0x0000,0x0000,0x0000,0x0000,0x0000,0x0000,0x0000,0x1082,
    0x1082,0x03ff,0x03ff,0x1082,0x1082,0x1082,0xbf3f,0xbf3f,0xbf3f,0xbf3f,0xbf3f,0xbf3f,0xbf3f,0x1082,0x1082,0x1082,
    0x03ff,0x03ff,0x03ff,0x03ff,0x03ff,0x03ff,0x03ff,0x03ff,0x03ff,0x03ff,0x03ff,0x03ff,0x03ff,0x03ff,0x03ff,0x03ff,
    0x03ff,0x1082,0x1082,0x1082,0xbf3f,0xbf3f,0xbf3f,0xbf3f,0xbf3f,0xbf3f,0xbf3f,0x1082,0x1082,0x1082,0x03ff,0x03ff,
    0x1082,0x1082,0xffff,0x0000,0x0000,0x0000,0x0000,0x0000,0x0000,0x0000,0x0000,0x0000,0x0000,0x0000,0x0000,0x0000,
    0x0000,0x0000,0x0000,0x0000,0x0000,0x0000,0x0000,0x0000,0x0000,0x0000,0x0000,0x0000,0x0000,0x0000,0x1082,0x1082,
    0x03ff,0x03ff,0x03ff,0x1082,0x1082,0x1082,0xbf3f,0xbf3f,0xbf3f,0xbf3f,0xbf3f,0xbf3f,0xbf3f,0x1082,0x1082,0x1082,
    0x03ff,0x03ff,0x03ff,0x03ff,0x03ff,0x03ff,0x03ff,0x03ff,0x03ff,0x03ff,0x03ff,0x03ff,0x03ff,0x03ff,0x03ff,0x03ff,
    0x03ff,0x1082,0x1082,0x1082,0xbf3f,0xbf3f,0xbf3f,0xbf3f,0xbf3f,0xbf3f,0xbf3f,0x1082,0x1082,0x1082,0x03ff,0x03ff,
    0x03ff,0xffff,0x1082,0x0000,0x0000,0x0000,0x0000,0x0000,0x0000,0x0000,0x0000,0x0000,0x0000,0x0000,0x0000,0x0000,
    0x0000,0x0000,0x0000,0x0000,0x0000,0x0000,0x0000,0x0000,0x0000,0x0000,0x0000,0x0000,0x0000,0x1082,0x1082,0x1082,
    0x03ff,0x03ff,0x03ff,0x1082,0x1082,0x1082,0x1082,0xbf3f,0xbf3f,0xbf3f,0xbf3f,0xbf3f,0x1082,0x1082,0x1082,0x1082,
    0x03ff,0x03ff,0x03ff,0x03ff,0x03ff,0x03ff,0x03ff,0x03ff,0x03ff,0x03ff,0x03ff,0x03ff,0x03ff,0x03ff,0x03ff,0x03ff,
    0x03ff,0x1082,0x1082,0x1082,0x1082,0xbf3f,0xbf3f,0xbf3f,0xbf3f,0xbf3f,0x1082,0x1082,0x1082,0x1082,0x03ff,0x03ff,
    0xffff,0x1082,0x1082,0x1082,0x0000,0x0000,0x0000,0x0000,0x0000,0x0000,0x0000,0x0000,0x0000,0x0000,0x0000,0x0000,
    0x0000,0x0000,0x0000,0x0000,0x0000,0x0000,0x0000,0x0000,0x0000,0x0000,0x0000,0x0000,0x0000,0x1082,0x1082,0x03ff,
    0x03ff,0x03ff,0x03ff,0x03ff,0x1082,0x1082,0x1082,0x1082,0x1082,0xbf3f,0x1082,0x1082,0x1082,0x1082,0x1082,0x03ff,
    0x03ff,0x03ff,0x03ff,0x03ff,0x03ff,0x03ff,0x03ff,0x03ff,0x03ff,0x03ff,0x03ff,0x03ff,0x03ff,0x03ff,0x03ff,0x03ff,
    0x03ff,0x03ff,0x1082,0x1082,0x1082,0x1082,0x1082,0xbf3f,0x1082,0x1082,0x1082,0x1082,0x1082,0x03ff,0x03ff,0xffff,
    0x03ff,0x03ff,0x1082,0x1082,0x0000,0x0000,0x0000,0x0000,0x0000,0x0000,0x0000,0x0000,0x0000,0x0000,0x0000,0x0000,
    0x0000,0x0000,0x0000,0x0000,0x0000,0x0000,0x0000,0x0000,0x0000,0x0000,0x0000,0x0000,0x1082,0x1082,0x1082,0x03ff,
    0x03ff,0x03ff,0x03ff,0x03ff,0x03ff,0x1082,0x1082,0x1082,0x1082,0x1082,0x1082,0x1082,0x1082,0x1082,0x03ff,0x03ff,
    0x03ff,0x03ff,0x03ff,0x03ff,0x03ff,0x03ff,0x03ff,0x03ff,0x03ff,0x03ff,0x03ff,0x03ff,0x03ff,0x03ff,0x03ff,0x03ff,
    0x03ff,0x03ff,0x03ff,0x1082,0x1082,0x1082,0x1082,0x1082,0x1082,0x1082,0x1082,0x1082,0x03ff,0x03ff,0xffff,0xffff,
    0xffff,0xffff,0xffff,0xffff,0x1082,0x0000,0x0000,0x0000,0x0000,0x0000,0x0000,0x0000,0x0000,0x0000,0x0000,0x0000,
    0x0000,0x0000,0x0000,0x0000,0x0000,0x0000,0x0000,0x0000,0x0000,0x0000,0x0000,0x0000,0x1082,0x1082,0x03ff,0x03ff,
    0x03ff,0x03ff,0x03ff,0x03ff,0x03ff,0x03ff,0x1082,0x1082,0x1082,0x1082,0x1082,0x1082,0x1082,0x03ff,0x03ff,0x03ff,
    0x03ff,0x03ff,0x03ff,0x03ff,0x03ff,0x03ff,0x03ff,0x03ff,0x03ff,0x03ff,0x03ff,0x03ff,0x03ff,0x03ff,0x03ff,0x03ff,
    0x03ff,0x03ff,0x03ff,0x03ff,0x1082,0x1082,0x1082,0x1082,0x1082,0x1082,0x1082,0x03ff,0x03ff,0x03ff,0x03ff,0x03ff,
    0x03ff,0x03ff,0x03ff,0x1082,0x1082,0x0000,0x0000,0x0000,0x0000,0x0000,0x0000,0x0000,0x0000,0x0000,0x0000,0x0000,
    0x0000,0x0000,0x0000,0x0000,0x0000,0x0000,0x0000,0x0000,0x0000,0x0000,0x0000,0x0000,0x1082,0x1082,0x03ff,0x03ff,
    0x03ff,0x03ff,0x03ff,0x03ff,0x03ff,0x03ff,0x03ff,0x03ff,0x03ff,0x1082,0x03ff,0x03ff,0x03ff,0x03ff,0x03ff,0x03ff,
    0x03ff,0x03ff,0x03ff,0x03ff,0x03ff,0x03ff,0x03ff,0x03ff,0x03ff,0x03ff,0x03ff,0x03ff,0x03ff,0x03ff,0x03ff,0x03ff,
    0x03ff,0x03ff,0x03ff,0x03ff,0x03ff,0x03ff,0x03ff,0x1082,0x03ff,0x03ff,0x03ff,0x03ff,0x03ff,0x03ff,0x03ff,0x03ff,
    0x03ff,0x03ff,0x03ff,0x1082,0x1082,0x0000,0x0000,0x0000,0x0000,0x0000,0x0000,0x0000,0x0000,0x0000,0x0000,0x0000,
    0x0000,0x0000,0x0000,0x0000,0x0000,0x0000,0x0000,0x0000,0x0000,0x0000,0x0000,0x1082,0x1082,0x03ff,0x03ff,0x03ff,
    0x03ff,0x03ff,0x03ff,0x03ff,0x03ff,0x03ff,0x03ff,0x03ff,0x03ff,0x03ff,0x03ff,0x03ff,0x03ff,0x03ff,0x03ff,0x03ff,
    0x03ff,0x03ff,0x03ff,0x03ff,0x03ff,0x03ff,0x03ff,0x03ff,0x03ff,0x03ff,0x03ff,0x03ff,0x03ff,0x03ff,0x03ff,0x03ff,
    0x03ff,0x03ff,0x03ff,0x03ff,0x03ff,0x03ff,0x03ff,0x03ff,0x03ff,0x03ff,0x03ff,0x03ff,0x03ff,0x03ff,0x03ff,0x03ff,
    0x03ff,0x03ff,0x03ff,0x03ff,0x1082,0x1082,0x0000,0x0000,0x0000,0x0000,0x0000,0x0000,0x0000,0x0000,0x0000,0x0000,
    0x0000,0x0000,0x0000,0x0000,0x0000,0x0000,0x0000,0x0000,0x0000,0x0000,0x0000,0x1082,0x1082,0x03ff,0x03ff,0x03ff,
    0x03ff,0x03ff,0x03ff,0x03ff,0x03ff,0x03ff,0x03ff,0x03ff,0x03ff,0x03ff,0x03ff,0x03ff,0x03ff,0x03ff,0x03ff,0x03ff,
    0x03ff,0x0000,0x0000,0x0000,0x03ff,0x03ff,0x03ff,0x03ff,0x03ff,0x03ff,0x03ff,0x03ff,0x03ff,0x0000,0x0000,0x0000,
    0x03ff,0x03ff,0x03ff,0x03ff,0x03ff,0x03ff,0x03ff,0x03ff,0x03ff,0x03ff,0x03ff,0x03ff,0x03ff,0x03ff,0x03ff,0x03ff,
    0x03ff,0x03ff,0x03ff,0x03ff,0x1082,0x1082,0x0000,0x0000,0x0000,0x0000,0x0000,0x0000,0x0000,0x0000,0x0000,0x0000,
    0x0000,0x0000,0x0000,0x0000,0x0000,0x0000,0x0000,0x0000,0x0000,0x0000,0x0000,0x1082,0x1082,0x03ff,0x03ff,0x03ff,
    0x03ff,0x03ff,0x03ff,0x03ff,0x03ff,0x03ff,0x03ff,0x03ff,0x03ff,0x03ff,0x03ff,0x03ff,0x03ff,0x03ff,0x03ff,0x03ff,
    0x0000,0x0000,0x0000,0x0000,0x03ff,0x03ff,0x03ff,0x03ff,0x03ff,0x03ff,0x03ff,0x03ff,0x03ff,0x0000,0x0000,0x0000,
    0x0000,0x03ff,0x03ff,0x03ff,0x03ff,0x03ff,0x03ff,0x03ff,0x03ff,0x03ff,0x03ff,0x03ff,0x03ff,0x03ff,0x03ff,0x03ff,
    0x03ff,0x03ff,0x03ff,0x03ff,0x1082,0x1082,0x0000,0x0000,0x0000,0x0000,0x0000,0x0000,0x0000,0x0000,0x0000,0x0000,
    0x0000,0x0000,0x0000,0x0000,0x0000,0x0000,0x0000,0x0000,0x0000,0x0000,0x1082,0x1082,0x03ff,0x03ff,0x03ff,0x03ff,
    0x03ff,0x03ff,0x03ff,0x03ff,0x03ff,0x0000,0x0000,0x0000,0x0000,0x03ff,0x03ff,0x03ff,0x03ff,0x03ff,0x03ff,0x0000,
    0x0000,0x0000,0x0000,0x0000,0x03ff,0x03ff,0x03ff,0x03ff,0x03ff,0x03ff,0x03ff,0x03ff,0x03ff,0x0000,0x0000,0x0000,
    0x0000,0x0000,0x03ff,0x03ff,0x03ff,0x03ff,0x03ff,0x03ff,0x0000,0x0000,0x0000,0x0000,0x03ff,0x03ff,0x03ff,0x03ff,
    0x03ff,0x03ff,0x03ff,0x03ff,0x03ff,0x1082,0x1082,0x0000,0x0000,0x0000,0x0000,0x0000,0x0000,0x0000,0x0000,0x0000,
    0x0000,0x0000,0x0000,0x0000,0x0000,0x0000,0x0000,0x0000,0x0000,0x0000,0x1082,0x1082,0x03ff,0x03ff,0x03ff,0x03ff,
    0x03ff,0x03ff,0x03ff,0x03ff,0x03ff,0x0000,0x0000,0x0000,0x0000,0x0000,0x0000,0x03ff,0x03ff,0x03ff,0x03ff,0x0000,
    0x0000,0x0000,0x0000,0x03ff,0x03ff,0x03ff,0x03ff,0x03ff,0x03ff,0x03ff,0x03ff,0x03ff,0x03ff,0x03ff,0x0000,0x0000,
    0x0000,0x0000,0x03ff,0x03ff,0x03ff,0x03ff,0x0000,0x0000,0x0000,0x0000,0x0000,0x0000,0x03ff,0x03ff,0x03ff,0x03ff,
    0x03ff,0x03ff,0x03ff,0x03ff,0x03ff,0x1082,0x1082,0x0000,0x0000,0x0000,0x0000,0x0000,0x0000,0x0000,0x0000,0x0000,
    0x0000,0x0000,0x0000,0x0000,0x0000,0x0000,0x0000,0x0000,0x0000,0x0000,0x1082,0x1082,0x03ff,0x03ff,0x03ff,0x03ff,
    0x03ff,0x03ff,0x03ff,0x03ff,0x03ff,0x0000,0x0000,0x0000,0x0000,0x0000,0x0000,0x0000,0x0000,0x0000,0x0000,0x0000,
    0x0000,0x0000,0x03ff,0x03ff,0x03ff,0x03ff,0x03ff,0x03ff,0x03ff,0x03ff,0x03ff,0x03ff,0x03ff,0x03ff,0x03ff,0x0000,
    0x0000,0x0000,0x0000,0x0000,0x0000,0x0000,0x0000,0x0000,0x0000,0x0000,0x0000,0x0000,0x03ff,0x03ff,0x03ff,0x03ff,
    0x03ff,0x03ff,0x03ff,0x03ff,0x03ff,0x1082,0x1082,0x0000,0x0000,0x0000,0x0000,0x0000,0x0000,0x0000,0x0000,0x0000,
    0x0000,0x0000,0x0000,0x0000,0x0000,0x0000,0x0000,0x0000,0x0000,0x0000,0x1082,0x1082,0x03ff,0x03ff,0x03ff,0x03ff,
    0x03ff,0x03ff,0x03ff,0x03ff,0x03ff,0x03ff,0x03ff,0x0000,0x0000,0x0000,0x0000,0x0000,0x0000,0x0000,0x0000,0x0000,
    0x0000,0x0000,0x03ff,0x03ff,0x03ff,0x03ff,0x03ff,0x03ff,0x03ff,0x03ff,0x03ff,0x03ff,0x03ff,0x03ff,0x03ff,0x0000,
    0x0000,0x0000,0x0000,0x0000,0x0000,0x0000,0x0000,0x0000,0x0000,0x0000,0x03ff,0x03ff,0x03ff,0x03ff,0x03ff,0x03ff,
    0x03ff,0x03ff,0x03ff,0x03ff,0x03ff,0x1082,0x1082,0x0000,0x0000,0x0000,0x0000,0x0000,0x0000,0x0000,0x0000,0x0000,
    0x0000,0x0000,0x0000,0x0000,0x0000,0x0000,0x0000,0x0000,0x0000,0x0000,0x1082,0x1082,0x03ff,0x03ff,0x03ff,0x03ff,
    0x03ff,0x03ff,0x03ff,0x03ff,0x03ff,0x03ff,0x03ff,0x03ff,0x03ff,0x0000,0x0000,0x0000,0x0000,0x0000,0x0000,0x0000,
    0x0000,0x03ff,0x03ff,0x03ff,0x03ff,0x03ff,0x03ff,0x03ff,0x03ff,0x03ff,0x03ff,0x03ff,0x03ff,0x03ff,0x03ff,0x03ff,
    0x0000,0x0000,0x0000,0x0000,0x0000,0x0000,0x0000,0x0000,0x03ff,0x03ff,0x03ff,0x03ff,0x03ff,0x03ff,0x03ff,0x03ff,
    0x03ff,0x03ff,0x03ff,0x03ff,0x03ff,0x1082,0x1082,0x0000,0x0000,0x0000,0x0000,0x0000,0x0000,0x0000,0x0000,0x0000,
    0x0000,0x0000,0x0000,0x0000,0x0000,0x0000,0x0000,0x0000,0x0000,0x0000,0x1082,0x1082,0x03ff,0x03ff,0x03ff,0x03ff,
    0x03ff,0x03ff,0x03ff,0x03ff,0x03ff,0x03ff,0x03ff,0x03ff,0x03ff,0x03ff,0x03ff,0x03ff,0x0000,0x0000,0x0000,0x0000,
    0x03ff,0x03ff,0x03ff,0x03ff,0x03ff,0x03ff,0x03ff,0x03ff,0x03ff,0x03ff,0x03ff,0x03ff,0x03ff,0x03ff,0x03ff,0x03ff,
    0x03ff,0x0000,0x0000,0x0000,0x0000,0x03ff,0x03ff,0x03ff,0x03ff,0x03ff,0x03ff,0x03ff,0x03ff,0x03ff,0x03ff,0x03ff,
    0x03ff,0x03ff,0x03ff,0x03ff,0x03ff,0x1082,0x1082,0x0000,0x0000,0x0000,0x0000,0x0000,0x0000,0x0000,0x0000,0x0000,
    0x0000,0x0000,0x0000,0x0000,0x0000,0x0000,0x0000,0x0000,0x0000,0x0000,0x1082,0x1082,0x03ff,0x03ff,0x03ff,0x03ff,
    0x03ff,0x03ff,0x03ff,0x03ff,0x03ff,0x03ff,0x03ff,0x03ff,0x03ff,0x03ff,0x03ff,0x03ff,0x03ff,0x03ff,0x03ff,0x03ff,
    0x03ff,0x03ff,0x03ff,0x03ff,0x03ff,0x03ff,0x03ff,0x03ff,0x03ff,0x03ff,0x03ff,0x03ff,0x03ff,0x03ff,0x03ff,0x03ff,
    0x03ff,0x03ff,0x03ff,0x03ff,0x03ff,0x03ff,0x03ff,0x03ff,0x03ff,0x03ff,0x03ff,0x03ff,0x03ff,0x03ff,0x03ff,0x03ff,
    0x03ff,0x03ff,0x03ff,0x03ff,0x03ff,0x1082,0x1082,0x0000,0x0000,0x0000,0x0000,0x0000,0x0000,0x0000,0x0000,0x0000,
    0x0000,0x0000,0x0000,0x0000,0x0000,0x0000,0x0000,0x0000,0x0000,0x1082,0x1082,0x03ff,0x03ff,0x03ff,0x03ff,0x03ff,
    0x03ff,0x03ff,0x03ff,0x03ff,0x03ff,0x03ff,0x03ff,0x03ff,0x03ff,0x03ff,0x03ff,0x03ff,0x03ff,0x03ff,0x03ff,0x03ff,
    0x03ff,0x03ff,0x03ff,0x03ff,0x03ff,0x03ff,0x03ff,0x03ff,0x03ff,0x03ff,0x03ff,0x03ff,0x03ff,0x03ff,0x03ff,0x03ff,
    0x03ff,0x03ff,0x03ff,0x03ff,0x03ff,0x03ff,0x03ff,0x03ff,0x03ff,0x03ff,0x03ff,0x03ff,0x03ff,0x03ff,0x03ff,0x03ff,
    0x03ff,0x03ff,0x03ff,0x03ff,0x03ff,0x03ff,0x1082,0x1082,0x0000,0x0000,0x0000,0x0000,0x0000,0x0000,0x0000,0x0000,
    0x0000,0x0000,0x0000,0x0000,0x0000,0x0000,0x0000,0x0000,0x0000,0x0000,0x1082,0x1082,0x03ff,0x03ff,0x03ff,0x03ff,
    0x03ff,0x03ff,0x03ff,0x03ff,0x03ff,0x03ff,0x03ff,0x03ff,0x03ff,0x03ff,0x03ff,0x03ff,0x03ff,0x03ff,0x03ff,0x03ff,
    0x03ff,0x03ff,0x03ff,0x03ff,0x03ff,0x03ff,0x03ff,0x03ff,0x03ff,0x03ff,0x03ff,0x03ff,0x03ff,0x03ff,0x03ff,0x03ff,
    0x03ff,0x03ff,0x03ff,0x03ff,0x03ff,0x03ff,0x03ff,0x03ff,0x03ff,0x03ff,0x03ff,0x03ff,0x03ff,0x03ff,0x03ff,0x03ff,
    0x03ff,0x03ff,0x03ff,0x03ff,0x03ff,0x1082,0x1082,0x0000,0x0000,0x0000,0x0000,0x0000,0x0000,0x0000,0x0000,0x0000,
    0x0000,0x0000,0x0000,0x0000,0x0000,0x0000,0x0000,0x0000,0x0000,0x0000,0x1082,0x1082,0x03ff,0x03ff,0x03ff,0x03ff,
    0x03ff,0x03ff,0x03ff,0x03ff,0x03ff,0x03ff,0x03ff,0x03ff,0x03ff,0x03ff,0x03ff,0x03ff,0x03ff,0x03ff,0x03ff,0x03ff,
    0x03ff,0x03ff,0x03ff,0x03ff,0x03ff,0x03ff,0x03ff,0x03ff,0x1082,0x03ff,0x03ff,0x03ff,0x03ff,0x03ff,0x03ff,0x03ff,
    0x03ff,0x03ff,0x03ff,0x03ff,0x03ff,0x03ff,0x03ff,0x03ff,0x03ff,0x03ff,0x03ff,0x03ff,0x03ff,0x03ff,0x03ff,0x03ff,
    0x03ff,0x03ff,0x03ff,0x03ff,0x03ff,0x1082,0x1082,0x1082,0x0000,0x0000,0x0000,0x0000,0x0000,0x0000,0x0000,0x0000,
    0x0000,0x0000,0x0000,0x0000,0x0000,0x0000,0x0000,0x0000,0x0000,0x0000,0x1082,0x1082,0x03ff,0x03ff,0x03ff,0x03ff,
    0x03ff,0x03ff,0x03ff,0x03ff,0x03ff,0x03ff,0x03ff,0x03ff,0x03ff,0x03ff,0x03ff,0x03ff,0x03ff,0x03ff,0x03ff,0x03ff,
    0x03ff,0x03ff,0x03ff,0x1082,0x1082,0x1082,0x1082,0x1082,0x1082,0x1082,0x1082,0x1082,0x1082,0x1082,0x03ff,0x03ff,
    0x03ff,0x03ff,0x03ff,0x03ff,0x03ff,0x03ff,0x03ff,0x03ff,0x03ff,0x03ff,0x03ff,0x03ff,0x03ff,0x03ff,0x03ff,0x03ff,
    0x03ff,0x03ff,0x03ff,0x03ff,0x03ff,0x1082,0x1082,0x1082,0x1082,0x1082,0x0000,0x0000,0x0000,0x0000,0x0000,0x0000,
    0x0000,0x0000,0x0000,0x0000,0x0000,0x0000,0x0000,0x0000,0x0000,0x0000,0x1082,0x1082,0x03ff,0x03ff,0x1082,0x1082,
    0x1082,0x03ff,0x03ff,0x03ff,0x03ff,0x03ff,0x03ff,0x03ff,0x03ff,0x03ff,0x03ff,0x03ff,0x03ff,0x03ff,0x03ff,0x03ff,
    0x1082,0x1082,0x1082,0x1082,0x1082,0x1082,0x1082,0x1082,0xbf3f,0x1082,0x1082,0x1082,0x1082,0x1082,0x1082,0x1082,
    0x1082,0x03ff,0x03ff,0x03ff,0x03ff,0x03ff,0x03ff,0x03ff,0x03ff,0x03ff,0x03ff,0x03ff,0x03ff,0x03ff,0x03ff,0x03ff,
    0x1082,0x1082,0x1082,0x03ff,0x03ff,0x1082,0x1082,0x1082,0x1082,0x1082,0x1082,0x1082,0x0000,0x0000,0x0000,0x0000,
    0x0000,0x0000,0x0000,0x0000,0x0000,0x0000,0x0000,0x0000,0x0000,0x0000,0x1082,0x1082,0x03ff,0x1082,0x1082,0x1082,
    0x1082,0x03ff,0x03ff,0x03ff,0x03ff,0x03ff,0x03ff,0x03ff,0x03ff,0x03ff,0x03ff,0x03ff,0x03ff,0x03ff,0x03ff,0x1082,
    0x1082,0x1082,0x1082,0xbf3f,0xbf3f,0xbf3f,0xbf3f,0xbf3f,0xbf3f,0xbf3f,0xbf3f,0xbf3f,0xbf3f,0xbf3f,0x1082,0x1082,
    0x1082,0x1082,0x03ff,0x03ff,0x03ff,0x03ff,0x03ff,0x03ff,0x03ff,0x03ff,0x03ff,0x03ff,0x03ff,0x03ff,0x03ff,0x03ff,
    0x1082,0x1082,0x1082,0x1082,0x03ff,0x1082,0x1082,0xbf3f,0x1082,0x1082,0x1082,0x1082,0x0000,0x0000,0x0000,0x0000,
    0x0000,0x0000,0x0000,0x0000,0x0000,0x0000,0x0000,0x0000,0x0000,0x0000,0x1082,0x1082,0x1082,0x1082,0x1082,0x1082,
    0x1082,0x03ff,0x03ff,0x03ff,0x03ff,0x03ff,0x03ff,0x03ff,0x03ff,0x03ff,0x03ff,0x03ff,0x03ff,0x1082,0x1082,0x1082,
    0x1082,0xbf3f,0xbf3f,0xbf3f,0xbf3f,0xbf3f,0xbf3f,0xbf3f,0xbf3f,0xbf3f,0xbf3f,0xbf3f,0xbf3f,0xbf3f,0xbf3f,0xbf3f,
    0x1082,0x1082,0x1082,0x1082,0x03ff,0x03ff,0x03ff,0x03ff,0x03ff,0x03ff,0x03ff,0x03ff,0x03ff,0x03ff,0x03ff,0x03ff,
    0x1082,0x1082,0x1082,0x1082,0x1082,0x1082,0x1082,0xbf3f,0xbf3f,0x1082,0x1082,0x1082,0x1082,0x0000,0x0000,0x0000,
    0x0000,0x0000,0x0000,0x0000,0x0000,0x0000,0x0000,0x0000,0x0000,0x0000,0x1082,0x1082,0x1082,0x1082,0x1082,0x1082,
    0x03ff,0x03ff,0x03ff,0x03ff,0x03ff,0x03ff,0x03ff,0x03ff,0x03ff,0x03ff,0x03ff,0x03ff,0x1082,0x1082,0x1082,0x1082,
    0xbf3f,0xbf3f,0xbf3f,0xbf3f,0xbf3f,0xbf3f,0xbf3f,0xbf3f,0xbf3f,0xbf3f,0xbf3f,0xbf3f,0xbf3f,0xbf3f,0xbf3f,0xbf3f,
    0xbf3f,0x1082,0x1082,0x1082,0x1082,0x03ff,0x03ff,0x03ff,0x03ff,0x03ff,0x03ff,0x03ff,0x03ff,0x03ff,0x03ff,0x03ff,
    0x03ff,0x1082,0x1082,0x1082,0x1082,0x1082,0x1082,0xbf3f,0xbf3f,0x1082,0x1082,0x1082,0x1082,0x0000,0x0000,0x0000,
    0x0000,0x0000,0x0000,0x0000,0x0000,0x0000,0x0000,0x0000,0x0000,0x0000,0x1082,0x1082,0x1082,0x1082,0x1082,0x03ff,
    0x03ff,0x03ff,0x03ff,0x03ff,0x03ff,0x03ff,0x03ff,0x03ff,0x03ff,0x03ff,0x03ff,0x03ff,0x1082,0x1082,0x1082,0xbf3f,
    0xbf3f,0xbf3f,0xbf3f,0xbf3f,0xbf3f,0xbf3f,0xbf3f,0xbf3f,0xbf3f,0xbf3f,0xbf3f,0xbf3f,0xbf3f,0xbf3f,0xbf3f,0xbf3f,
    0xbf3f,0xbf3f,0x1082,0x1082,0x1082,0x03ff,0x03ff,0x03ff,0x03ff,0x03ff,0x03ff,0x03ff,0x03ff,0x03ff,0x03ff,0x03ff,
    0x03ff,0x03ff,0x1082,0x1082,0x1082,0x1082,0x1082,0xbf3f,0xbf3f,0xbf3f,0x1082,0x1082,0x1082,0x1082,0x0000,0x0000,
    0x0000,0x0000,0x0000,0x0000,0x0000,0x0000,0x0000,0x0000,0x0000,0x1082,0xbf3f,0x1082,0x1082,0x1082,0x03ff,0x03ff,
    0x03ff,0x03ff,0x03ff,0x03ff,0x03ff,0x03ff,0x03ff,0x03ff,0x03ff,0x03ff,0x03ff,0x1082,0x1082,0x1082,0xbf3f,0xbf3f,
    0xbf3f,0xbf3f,0xbf3f,0xbf3f,0xbf3f,0xbf3f,0xbf3f,0xbf3f,0xbf3f,0xbf3f,0xbf3f,0xbf3f,0xbf3f,0xbf3f,0xbf3f,0xbf3f,
    0xbf3f,0xbf3f,0xbf3f,0x1082,0x1082,0x1082,0x03ff,0x03ff,0x03ff,0x03ff,0x03ff,0x03ff,0x03ff,0x03ff,0x03ff,0x03ff,
    0x03ff,0x03ff,0x03ff,0x1082,0x1082,0x1082,0xbf3f,0x1082,0xbf3f,0x1082,0x1082,0x1082,0x1082,0x0000,0x0000,0x0000,
    0x0000,0x0000,0x0000,0x0000,0x0000,0x0000,0x0000,0x0000,0xbf3f,0xbf3f,0xbf3f,0xbf3f,0xbf3f,0x03ff,0x03ff,0x03ff,
    0x03ff,0x03ff,0x03ff,0x03ff,0x03ff,0x03ff,0x03ff,0x03ff,0x03ff,0x03ff,0x1082,0x1082,0x1082,0xbf3f,0xbf3f,0xbf3f,
    0xbf3f,0xbf3f,0xbf3f,0x0000,0x0000,0x0000,0xbf3f,0xbf3f,0xbf3f,0xbf3f,0xbf3f,0x0000,0x0000,0x0000,0xbf3f,0xbf3f,
    0xbf3f,0xbf3f,0xbf3f,0xbf3f,0x1082,0x1082,0x1082,0x03ff,0x03ff,0x03ff,0x03ff,0x03ff,0x03ff,0x03ff,0x03ff,0x03ff,
    0x03ff,0x03ff,0x03ff,0x03ff,0xbf3f,0xbf3f,0xbf3f,0xbf3f,0xbf3f,0x1082,0x1082,0x1082,0x1082,0x0000,0x0000,0x0000,
    0x0000,0x0000,0x0000,0x0000,0x0000,0x0000,0x0000,0x0000,0xbf3f,0xbf3f,0xbf3f,0xbf3f,0xbf3f,0x1082,0x03ff,0x03ff,
    0x03ff,0x03ff,0x03ff,0x03ff,0x03ff,0x03ff,0x03ff,0x03ff,0x03ff,0x03ff,0x1082,0x1082,0x1082,0xbf3f,0xbf3f,0xbf3f,
    0xbf3f,0xbf3f,0xbf3f,0x0000,0x0000,0x0000,0x0000,0x0000,0xbf3f,0x0000,0x0000,0x0000,0x0000,0x0000,0xbf3f,0xbf3f,
    0xbf3f,0xbf3f,0xbf3f,0xbf3f,0x1082,0x1082,0x1082,0x03ff,0x03ff,0x03ff,0x03ff,0x03ff,0x03ff,0x03ff,0x03ff,0x03ff,
    0x03ff,0x03ff,0x03ff,0x1082,0xbf3f,0xbf3f,0xbf3f,0xbf3f,0xbf3f,0x1082,0x1082,0x1082,0x0000,0x0000,0x0000,0x0000,
    0x0000,0x0000,0x0000,0x0000,0x0000,0x0000,0x0000,0xbf3f,0xbf3f,0xbf3f,0xbf3f,0xbf3f,0xbf3f,0xbf3f,0x03ff,0x03ff,
    0x03ff,0x03ff,0x03ff,0x03ff,0x03ff,0x03ff,0x03ff,0x03ff,0x03ff,0x03ff,0x1082,0x1082,0x1082,0xbf3f,0xbf3f,0xbf3f,
    0xbf3f,0xbf3f,0xbf3f,0x0000,0x0000,0x0000,0x0000,0x0000,0x0000,0x0000,0x0000,0x0000,0x0000,0x0000,0xbf3f,0xbf3f,
    0xbf3f,0xbf3f,0xbf3f,0xbf3f,0x1082,0x1082,0x1082,0x03ff,0x03ff,0x03ff,0x03ff,0x03ff,0x03ff,0x03ff,0x03ff,0x03ff,
    0x03ff,0x03ff,0x03ff,0xbf3f,0xbf3f,0xbf3f,0xbf3f,0xbf3f,0xbf3f,0xbf3f,0x1082,0x1082,0x0000,0x0000,0x0000,0x0000,
    0x0000,0x0000,0x0000,0x0000,0x0000,0x0000,0x0000,0x0000,0xbf3f,0xbf3f,0xbf3f,0xbf3f,0xbf3f,0x1082,0x1082,0x03ff,
    0x03ff,0x03ff,0x03ff,0x03ff,0x03ff,0x03ff,0x03ff,0x03ff,0x03ff,0x03ff,0x1082,0x1082,0xbf3f,0xbf3f,0xbf3f,0xbf3f,
    0xbf3f,0xbf3f,0xbf3f,0x0000,0x0000,0x0000,0x0000,0x0000,0x0000,0x0000,0x0000,0x0000,0x0000,0x0000,0xbf3f,0xbf3f,
    0xbf3f,0xbf3f,0xbf3f,0xbf3f,0xbf3f,0x1082,0x1082,0x03ff,0x03ff,0x03ff,0x03ff,0x03ff,0x03ff,0x03ff,0x03ff,0x03ff,
    0x03ff,0x03ff,0x1082,0x1082,0xbf3f,0xbf3f,0xbf3f,0xbf3f,0xbf3f,0x1082,0x0000,0x0000,0x0000,0x0000,0x0000,0x0000,
    0x0000,0x0000,0x0000,0x0000,0x0000,0x0000,0x0000,0x0000,0xbf3f,0xbf3f,0xbf3f,0xbf3f,0xbf3f,0x1082,0x1082,0x03ff,
    0x03ff,0x03ff,0x03ff,0x03ff,0x03ff,0x03ff,0x03ff,0x03ff,0x03ff,0x1082,0x1082,0x1082,0x1082,0xbf3f,0xbf3f,0xbf3f,
    0xbf3f,0xbf3f,0xbf3f,0xbf3f,0xbf3f,0x0000,0x0000,0x0000,0x0000,0x0000,0x0000,0x0000,0xbf3f,0xbf3f,0xbf3f,0xbf3f,
    0xbf3f,0xbf3f,0xbf3f,0xbf3f,0x1082,0x1082,0x1082,0x1082,0x03ff,0x03ff,0x03ff,0x03ff,0x03ff,0x03ff,0x03ff,0x03ff,
    0x03ff,0x03ff,0x1082,0x1082,0xbf3f,0xbf3f,0xbf3f,0xbf3f,0xbf3f,0x0000,0x0000,0x0000,0x0000,0x0000,0x0000,0x0000,
    0x0000,0x0000,0x0000,0x0000,0x0000,0x0000,0x0000,0x0000,0x0000,0x0000,0xbf3f,0x0000,0x0000,0x1082,0x1082,0x1082,
    0x03ff,0x03ff,0x03ff,0x03ff,0x03ff,0x03ff,0x03ff,0x03ff,0x03ff,0x03ff,0x1082,0x1082,0x1082,0xbf3f,0xbf3f,0xbf3f,
    0xbf3f,0xbf3f,0xbf3f,0xbf3f,0xbf3f,0xbf3f,0xbf3f,0xbf3f,0xbf3f,0xbf3f,0xbf3f,0xbf3f,0xbf3f,0xbf3f,0xbf3f,0xbf3f,
    0xbf3f,0xbf3f,0xbf3f,0xbf3f,0x1082,0x1082,0x1082,0x03ff,0x03ff,0x03ff,0x03ff,0x03ff,0x03ff,0x03ff,0x03ff,0x03ff,
    0x03ff,0x1082,0x1082,0x1082,0x0000,0x0000,0xbf3f,0x0000,0x0000,0x0000,0x0000,0x0000,0x0000,0x0000,0x0000,0x0000,
    0x0000,0x0000,0x0000,0x0000,0x0000,0x0000,0x0000,0x0000,0x0000,0x0000,0x0000,0x0000,0x0000,0x0000,0x1082,0x1082,
    0x03ff,0x03ff,0x03ff,0x03ff,0x03ff,0x03ff,0x03ff,0x03ff,0x03ff,0x03ff,0x1082,0x1082,0x1082,0xbf3f,0xbf3f,0xbf3f,
    0xbf3f,0xbf3f,0xbf3f,0xbf3f,0xbf3f,0xbf3f,0xbf3f,0xbf3f,0xbf3f,0xbf3f,0xbf3f,0xbf3f,0xbf3f,0xbf3f,0xbf3f,0xbf3f,
    0xbf3f,0xbf3f,0xbf3f,0xbf3f,0x1082,0x1082,0x1082,0x03ff,0x03ff,0x03ff,0x03ff,0x03ff,0x03ff,0x03ff,0x03ff,0x03ff,
    0x03ff,0x1082,0x1082,0x0000,0x0000,0x0000,0x0000,0x0000,0x0000,0x0000,0x0000,0x0000,0x0000,0x0000,0x0000,0x0000,
    0x0000,0x0000,0x0000,0x0000,0x0000,0x0000,0x0000,0x0000,0x0000,0x0000,0x0000,0x0000,0x0000,0x0000,0x0000,0x1082,
    0x1082,0x03ff,0x03ff,0x03ff,0x03ff,0x03ff,0x03ff,0x03ff,0x03ff,0x03ff,0x1082,0x1082,0x1082,0x1082,0xbf3f,0xbf3f,
    0xbf3f,0xbf3f,0xbf3f,0xbf3f,0xbf3f,0xbf3f,0xbf3f,0xbf3f,0xbf3f,0xbf3f,0xbf3f,0xbf3f,0xbf3f,0xbf3f,0xbf3f,0xbf3f,
    0xbf3f,0xbf3f,0xbf3f,0x1082,0x1082,0x1082,0x1082,0x03ff,0x03ff,0x03ff,0x03ff,0x03ff,0x03ff,0x03ff,0x03ff,0x03ff,
    0x1082,0x1082,0x0000,0x0000,0x0000,0x0000,0x0000,0x0000,0x0000,0x0000,0x0000,0x0000,0x0000,0x0000,0x0000,0x0000,
    0x0000,0x0000,0x0000,0x0000,0x0000,0x0000,0x0000,0x0000,0x0000,0x0000,0x0000,0x0000,0x0000,0x0000,0x0000,0x1082,
    0x1082,0x1082,0x03ff,0x03ff,0x03ff,0x03ff,0x03ff,0x03ff,0x03ff,0x03ff,0x1082,0x1082,0x1082,0x1082,0x1082,0xbf3f,
    0xbf3f,0xbf3f,0xbf3f,0xbf3f,0xbf3f,0xbf3f,0xbf3f,0xbf3f,0xbf3f,0xbf3f,0xbf3f,0xbf3f,0xbf3f,0xbf3f,0xbf3f,0xbf3f,
    0xbf3f,0xbf3f,0x1082,0x1082,0x1082,0x1082,0x1082,0x03ff,0x03ff,0x03ff,0x03ff,0x03ff,0x03ff,0x03ff,0x03ff,0x1082,
    0x1082,0x1082,0x0000,0x0000,0x0000,0x0000,0x0000,0x0000,0x0000,0x0000,0x0000,0x0000,0x0000,0x0000,0x0000,0x0000,
    0x0000,0x0000,0x0000,0x0000,0x0000,0x0000,0x0000,0x0000,0x0000,0x0000,0x0000,0x0000,0x0000,0x0000,0x0000,0x0000,
    0x1082,0x1082,0x1082,0x03ff,0x03ff,0x03ff,0x03ff,0x03ff,0x03ff,0x03ff,0x03ff,0x1082,0x1082,0x1082,0x1082,0x1082,
    0xbf3f,0xbf3f,0xbf3f,0xbf3f,0xbf3f,0xbf3f,0xbf3f,0xbf3f,0xbf3f,0xbf3f,0xbf3f,0xbf3f,0xbf3f,0xbf3f,0xbf3f,0xbf3f,
    0xbf3f,0x1082,0x1082,0x1082,0x1082,0x1082,0x03ff,0x03ff,0x03ff,0x03ff,0x03ff,0x03ff,0x03ff,0x03ff,0x1082,0x1082,
    0x1082,0x0000,0x0000,0x0000,0x0000,0x0000,0x0000,0x0000,0x0000,0x0000,0x0000,0x0000,0x0000,0x0000,0x0000,0x0000,
    0x0000,0x0000,0x0000,0x0000,0x0000,0x0000,0x0000,0x0000,0x0000,0x0000,0x0000,0x0000,0x0000,0x0000,0x0000,0x0000,
    0x0000,0x1082,0x1082,0x03ff,0x03ff,0x03ff,0x03ff,0x03ff,0x03ff,0x03ff,0x03ff,0x03ff,0x1082,0x1082,0x1082,0x1082,
    0x1082,0xbf3f,0xbf3f,0xbf3f,0xbf3f,0xbf3f,0xbf3f,0xbf3f,0xbf3f,0xbf3f,0xbf3f,0xbf3f,0xbf3f,0xbf3f,0xbf3f,0xbf3f,
    0x1082,0x1082,0x1082,0x1082,0x1082,0x03ff,0x03ff,0x03ff,0x03ff,0x03ff,0x03ff,0x03ff,0x03ff,0x03ff,0x1082,0x1082,
    0x0000,0x0000,0x0000,0x0000,0x0000,0x0000,0x0000,0x0000,0x0000,0x0000,0x0000,0x0000,0x0000,0x0000,0x0000,0x0000,
    0x0000,0x0000,0x0000,0x0000,0x0000,0x0000,0x0000,0x0000,0x0000,0x0000,0x0000,0x0000,0x0000,0x0000,0x0000,0x0000,
    0x0000,0x0000,0x1082,0x1082,0x03ff,0x03ff,0x03ff,0x03ff,0x03ff,0x03ff,0x03ff,0x03ff,0x1082,0x1082,0x1082,0x1082,
    0x1082,0x1082,0x1082,0xbf3f,0xbf3f,0xbf3f,0xbf3f,0xbf3f,0xbf3f,0xbf3f,0xbf3f,0xbf3f,0xbf3f,0xbf3f,0x1082,0x1082,
    0x1082,0x1082,0x1082,0x1082,0x1082,0x03ff,0x03ff,0x03ff,0x03ff,0x03ff,0x03ff,0x03ff,0x03ff,0x1082,0x1082,0x0000,
    0x0000,0x0000,0x0000,0x0000,0x0000,0x0000,0x0000,0x0000,0x0000,0x0000,0x0000,0x0000,0x0000,0x0000,0x0000,0x0000,
    0x0000,0x0000,0x0000,0x0000,0x0000,0x0000,0x0000,0x0000,0x0000,0x0000,0x0000,0x0000,0x0000,0x0000,0x0000,0x0000,
    0x0000,0x0000,0x0000,0x1082,0x1082,0x1082,0x03ff,0x03ff,0x03ff,0x03ff,0x03ff,0x03ff,0x03ff,0x1082,0x1082,0x1082,
    0x1082,0x1082,0x1082,0x1082,0x1082,0x1082,0x1082,0x1082,0xbf3f,0x1082,0x1082,0x1082,0x1082,0x1082,0x1082,0x1082,
    0x1082,0x1082,0x1082,0x1082,0x03ff,0x03ff,0x03ff,0x03ff,0x03ff,0x03ff,0x03ff,0x1082,0x1082,0x1082,0x0000,0x0000,
    0x0000,0x0000,0x0000,0x0000,0x0000,0x0000,0x0000,0x0000,0x0000,0x0000,0x0000,0x0000,0x0000,0x0000,0x0000,0x0000,
    0x0000,0x0000,0x0000,0x0000,0x0000,0x0000,0x0000,0x0000,0x0000,0x0000,0x0000,0x0000,0x0000,0x0000,0x0000,0x0000,
    0x0000,0x0000,0x0000,0x0000,0x1082,0x1082,0x1082,0x03ff,0x03ff,0x03ff,0x03ff,0x03ff,0x03ff,0x03ff,0x03ff,0x1082,
    0x1082,0x1082,0x1082,0x1082,0x1082,0x1082,0x1082,0x1082,0x1082,0x1082,0x1082,0x1082,0x1082,0x1082,0x1082,0x1082,
    0x1082,0x1082,0x03ff,0x03ff,0x03ff,0x03ff,0x03ff,0x03ff,0x03ff,0x03ff,0x1082,0x1082,0x1082,0x0000,0x0000,0x0000,
    0x0000,0x0000,0x0000,0x0000,0x0000,0x0000,0x0000,0x0000,0x0000,0x0000,0x0000,0x0000,0x0000,0x0000,0x0000,0x0000,
    0x0000,0x0000,0x0000,0x0000,0x0000,0x0000,0x0000,0x0000,0x0000,0x0000,0x0000,0x0000,0x0000,0x0000,0x0000,0x0000,
    0x0000,0x0000,0x0000,0x0000,0x1082,0x1082,0x1082,0x1082,0x03ff,0x03ff,0x03ff,0x03ff,0x03ff,0x03ff,0x03ff,0x03ff,
    0x1082,0x1082,0x1082,0x1082,0x1082,0x1082,0x1082,0x1082,0x1082,0x1082,0x1082,0x1082,0x1082,0x1082,0x1082,0x1082,
    0x1082,0x03ff,0x03ff,0x03ff,0x03ff,0x03ff,0x03ff,0x03ff,0x03ff,0x1082,0x1082,0x1082,0x1082,0x0000,0x0000,0x0000,
    0x0000,0x0000,0x0000,0x0000,0x0000,0x0000,0x0000,0x0000,0x0000,0x0000,0x0000,0x0000,0x0000,0x0000,0x0000,0x0000,
    0x0000,0x0000,0x0000,0x0000,0x0000,0x0000,0x0000,0x0000,0x0000,0x0000,0x0000,0x0000,0x0000,0x0000,0x0000,0x0000,
    0x0000,0x0000,0x0000,0x1082,0x1082,0x59c4,0x1082,0x1082,0x1082,0x1082,0x03ff,0x03ff,0x03ff,0x03ff,0x03ff,0x03ff,
    0x03ff,0x03ff,0x03ff,0x1082,0x1082,0x1082,0x1082,0x1082,0x1082,0x1082,0x1082,0x1082,0x1082,0x1082,0x03ff,0x03ff,
    0x03ff,0x03ff,0x03ff,0x03ff,0x03ff,0x03ff,0x03ff,0x1082,0x1082,0x1082,0x1082,0x59c4,0x1082,0x1082,0x0000,0x0000,
    0x0000,0x0000,0x0000,0x0000,0x0000,0x0000,0x0000,0x0000,0x0000,0x0000,0x0000,0x0000,0x0000,0x0000,0x0000,0x0000,
    0x0000,0x0000,0x0000,0x0000,0x0000,0x0000,0x0000,0x0000,0x0000,0x0000,0x0000,0x0000,0x0000,0x0000,0x0000,0x0000,
    0x0000,0x0000,0x0000,0x1082,0x59c4,0x59c4,0x59c4,0x59c4,0x1082,0x1082,0x1082,0x1082,0x03ff,0x03ff,0x03ff,0x03ff,
    0x03ff,0x03ff,0x03ff,0x03ff,0x03ff,0x03ff,0x03ff,0x03ff,0x1082,0x03ff,0x03ff,0x03ff,0x03ff,0x03ff,0x03ff,0x03ff,
    0x03ff,0x03ff,0x03ff,0x03ff,0x03ff,0x1082,0x1082,0x1082,0x1082,0x59c4,0x59c4,0x59c4,0x59c4,0x1082,0x0000,0x0000,
    0x0000,0x0000,0x0000,0x0000,0x0000,0x0000,0x0000,0x0000,0x0000,0x0000,0x0000,0x0000,0x0000,0x0000,0x0000,0x0000,
    0x0000,0x0000,0x0000,0x0000,0x0000,0x0000,0x0000,0x0000,0x0000,0x0000,0x0000,0x0000,0x0000,0x0000,0x0000,0x0000,
    0x0000,0x0000,0x1082,0x1082,0x1082,0x59c4,0x59c4,0x59c4,0x59c4,0x1082,0x1082,0x1082,0x1082,0x1082,0x03ff,0x03ff,
    0x03ff,0x03ff,0x03ff,0x03ff,0x03ff,0x03ff,0x03ff,0x03ff,0x03ff,0x03ff,0x03ff,0x03ff,0x03ff,0x03ff,0x03ff,0x03ff,
    0x03ff,0x03ff,0x03ff,0x1082,0x1082,0x1082,0x1082,0x1082,0x59c4,0x59c4,0x59c4,0x59c4,0x1082,0x1082,0x1082,0x0000,
    0x0000,0x0000,0x0000,0x0000,0x0000,0x0000,0x0000,0x0000,0x0000,0x0000,0x0000,0x0000,0x0000,0x0000,0x0000,0x0000,
    0x0000,0x0000,0x0000,0x0000,0x0000,0x0000,0x0000,0x0000,0x0000,0x0000,0x0000,0x0000,0x0000,0x0000,0x0000,0x0000,
    0x0000,0x0000,0x0000,0x1082,0x1082,0x59c4,0x59c4,0x59c4,0x59c4,0x59c4,0x59c4,0x1082,0x1082,0x1082,0x1082,0x1082,
    0x1082,0x03ff,0x03ff,0x03ff,0x03ff,0x03ff,0x03ff,0x03ff,0x03ff,0x03ff,0x03ff,0x03ff,0x03ff,0x03ff,0x03ff,0x03ff,
    0x1082,0x1082,0x1082,0x1082,0x1082,0x1082,0x59c4,0x59c4,0x59c4,0x59c4,0x59c4,0x59c4,0x1082,0x1082,0x0000,0x0000,
    0x0000,0x0000,0x0000,0x0000,0x0000,0x0000,0x0000,0x0000,0x0000,0x0000,0x0000,0x0000,0x0000,0x0000,0x0000,0x0000,
    0x0000,0x0000,0x0000,0x0000,0x0000,0x0000,0x0000,0x0000,0x0000,0x0000,0x0000,0x0000,0x0000,0x0000,0x0000,0x0000,
    0x0000,0x0000,0x0000,0x1082,0x1082,0x1082,0x1082,0x59c4,0x59c4,0x59c4,0x59c4,0x59c4,0x59c4,0x59c4,0x1082,0x1082,
    0x1082,0x1082,0x1082,0x1082,0x1082,0x1082,0x1082,0x1082,0x03ff,0x1082,0x1082,0x1082,0x1082,0x1082,0x1082,0x1082,
    0x1082,0x1082,0x1082,0x59c4,0x59c4,0x59c4,0x59c4,0x59c4,0x59c4,0x59c4,0x1082,0x1082,0x1082,0x1082,0x0000,0x0000,
    0x0000,0x0000,0x0000,0x0000,0x0000,0x0000,0x0000,0x0000,0x0000,0x0000,0x0000,0x0000,0x0000,0x0000,0x0000,0x0000,
    0x0000,0x0000,0x0000,0x0000,0x0000,0x0000,0x0000,0x0000,0x0000,0x0000,0x0000,0x0000,0x0000,0x0000,0x0000,0x0000,
    0x0000,0x0000,0x0000,0x0000,0x1082,0x1082,0x1082,0x1082,0x1082,0x1082,0x1082,0x59c4,0x1082,0x1082,0x1082,0x1082,
    0x1082,0x1082,0x1082,0x1082,0x1082,0x1082,0x1082,0x1082,0x1082,0x1082,0x1082,0x1082,0x1082,0x1082,0x1082,0x1082,
    0x1082,0x1082,0x1082,0x1082,0x1082,0x59c4,0x1082,0x1082,0x1082,0x1082,0x1082,0x1082,0x1082,0x0000,0x0000,0x0000,
    0x0000,0x0000,0x0000,0x0000,0x0000,0x0000,0x0000,0x0000,0x0000,0x0000,0x0000,0x0000,0x0000,0x0000,0x0000,0x0000,
    0x0000,0x0000,0x0000,0x0000,0x0000,0x0000,0x0000,0x0000,0x0000,0x0000,0x0000,0x0000,0x0000,0x0000,0x0000,0x0000,
    0x0000,0x0000,0x0000,0x0000,0x0000,0x0000,0x1082,0x1082,0x1082,0x1082,0x1082,0x1082,0x1082,0x1082,0x1082,0x1082,
    0x1082,0x0000,0x0000,0x0000,0x0000,0x0000,0x0000,0x0000,0x1082,0x0000,0x0000,0x0000,0x0000,0x0000,0x0000,0x0000,
    0x1082,0x1082,0x1082,0x1082,0x1082,0x1082,0x1082,0x1082,0x1082,0x1082,0x1082,0x0000,0x0000,0x0000,0x0000,0x0000,
    0x0000,0x0000,0x0000,0x0000,0x0000,0x0000,0x0000,0x0000,0x0000,0x0000,0x0000,0x0000,0x0000,0x0000,0x0000,0x0000,
    0x0000,0x0000,0x0000,0x0000,0x0000,0x0000,0x0000,0x0000,0x0000,0x0000,0x0000,0x0000,0x0000,0x0000,0x0000,0x0000,
    0x0000,0x0000,0x0000,0x0000,0x0000,0x0000,0x0000,0x0000,0x0000,0x0000,0x0000,0x1082,0x0000,0x0000,0x0000,0x0000,
    0x0000,0x0000,0x0000,0x0000,0x0000,0x0000,0x0000,0x0000,0x0000,0x0000,0x0000,0x0000,0x0000,0x0000,0x0000,0x0000,
    0x0000,0x0000,0x0000,0x0000,0x0000,0x1082,0x0000,0x0000,0x0000,0x0000,0x0000,0x0000,0x0000,0x0000,0x0000,0x0000,
    0x0000,0x0000,0x0000,0x0000,0x0000,0x0000,0x0000,0x0000,0x0000,0x0000,0x0000,0x0000,0x0000,0x0000,0x0000,0x0000,
    0x0000,0x0000,0x0000,0x0000,0x0000,0x0000,0x0000,0x0000,0x0000,0x0000,0x0000,0x0000,0x0000,0x0000,0x0000,0x0000,
    0x0000,0x0000,0x0000,0x0000,0x0000,0x0000,0x0000,0x0000,0x0000,0x0000,0x0000,0x0000,0x0000,0x0000,0x0000,0x0000,
    0x0000,0x0000,0x0000,0x0000,0x0000,0x0000,0x0000,0x0000,0x0000,0x0000,0x0000,0x0000,0x0000,0x0000,0x0000,0x0000,
    0x0000,0x0000,0x0000,0x0000,0x0000,0x0000,0x0000,0x0000,0x0000,0x0000,0x0000,0x0000,0x0000,0x0000,0x0000,0x0000,
    0x0000,0x0000,0x0000,0x0000,0x0000,0x0000,0x0000,0x0000,0x0000,0x0000,0x0000,0x0000,0x0000,0x0000,0x0000,0x0000,
    0x0000,0x0000,0x0000,0x0000,0x0000,0x0000,0x0000,0x0000,0x0000,0x0000,0x0000,0x0000,0x0000,0x0000,0x0000,0x0000,
    0x0000,0x0000,0x0000,0x0000,0x0000,0x0000,0x0000,0x0000,0x0000,0x0000,0x0000,0x0000,0x0000,0x0000,0x0000,0x0000,
    0x0000,0x0000,0x0000,0x0000,0x0000,0x0000,0x0000,0x0000,0x0000,0x0000,0x0000,0x0000,0x0000,0x0000,0x0000,0x0000,
    0x0000,0x0000,0x0000,0x0000,0x0000,0x0000,0x0000,0x0000,0x0000,0x0000,0x0000,0x0000,0x0000,0x0000,0x0000,0x0000,
    0x0000,0x0000,0x0000,0x0000,0x0000,0x0000,0x0000,0x0000,0x0000,0x0000,0x0000,0x0000,0x0000,0x0000,0x0000,0x0000,
    0x0000,0x0000,0x0000,0x0000,0x0000,0x0000,0x0000,0x0000,0x0000,0x0000,0x0000,0x0000,0x0000,0x0000,0x0000,0x0000,
    0x0000,0x0000,0x0000,0x0000,0x0000,0x0000,0x0000,0x0000,0x0000,0x0000,0x0000,0x0000,0x0000,0x0000,0x0000,0x0000,
    0x0000,0x0000,0x0000,0x0000,0x0000,0x0000,0x0000,0x0000,0x0000,0x0000,0x0000,0x0000,0x0000,0x0000,0x0000,0x0000,
    0x0000,0x0000,0x0000,0x0000,0x0000,0x0000,0x0000,0x0000,0x0000,0x0000,0x0000,0x0000,0x0000,0x0000,0x0000,0x0000,
    0x0000,0x0000,0x0000,0x0000,0x0000,0x0000,0x0000,0x0000,0x0000,0x0000,0x0000,0x0000,0x0000,0x0000,0x0000,0x0000,
    0x0000,0x0000,0x0000,0x0000,0x0000,0x0000,0x0000,0x0000,0x0000,0x0000,0x0000,0x0000,0x0000,0x0000,0x0000,0x0000,
    0x0000,0x0000,0x0000,0x0000,0x0000,0x0000,0x0000,0x0000,0x0000,0x0000,0x0000,0x0000,0x0000,0x0000,0x0000,0x0000,
    0x0000,0x0000,0x0000,0x0000,0x0000,0x0000,0x0000,0x0000,0x0000,0x0000,0x0000,0x0000,0x0000,0x0000,0x0000,0x0000,
    0x0000,0x0000,0x0000,0x0000,0x0000,0x0000,0x0000,0x0000,0x0000,0x0000,0x0000,0x0000,0x0000,0x0000,0x0000,0x0000,
    0x0000,0x0000,0x0000,0x0000,0x0000,0x0000,0x0000,0x0000,0x0000,0x0000,0x0000,0x0000,0x0000,0x0000,0x0000,0x0000,
    0x0000,0x0000,0x0000,0x0000,0x0000,0x0000,0x0000,0x0000,0x0000,0x0000,0x0000,0x0000,0x0000,0x0000,0x0000,0x0000,
    0x0000,0x0000,0x0000,0x0000,0x0000,0x0000,0x0000,0x0000,0x0000,0x0000,0x0000,0x0000,0x0000,0x0000,0x0000,0x0000,
    0x0000,0x0000,0x0000,0x0000,0x0000,0x0000,0x0000,0x0000,0x0000,0x0000,0x0000,0x0000,0x0000,0x0000,0x0000,0x0000,
    0x0000,0x0000,0x0000,0x0000,0x0000,0x0000,0x0000,0x0000,0x0000,0x0000,0x0000,0x0000,0x0000,0x0000,0x0000,0x0000,
    0x0000,0x0000,0x0000,0x0000,0x0000,0x0000,0x0000,0x0000,0x0000,0x0000,0x0000,0x0000,0x0000,0x0000,0x0000,0x0000,
    0x0000,0x0000,0x0000,0x0000,0x0000,0x0000,0x0000,0x0000,0x0000,0x0000,0x0000,0x0000,0x0000,0x0000,0x0000,0x0000,
    0x0000,0x0000,0x0000,0x0000,0x0000,0x0000,0x0000,0x0000,0x0000,0x0000,0x0000,0x0000,0x0000,0x0000,0x0000,0x0000,
    0x0000,0x0000,0x0000,0x0000,0x0000,0x0000,0x0000,0x0000,0x0000,0x0000,0x0000,0x0000,0x0000,0x0000,0x0000,0x0000,
    0x0000,0x0000,0x0000,0x0000,0x0000,0x0000,0x0000,0x0000,0x0000,0x0000,0x0000,0x0000,0x0000,0x0000,0x0000,0x0000,
    0x0000,0x0000,0x0000,0x0000,0x0000,0x0000,0x0000,0x0000,0x0000,0x0000,0x0000,0x0000,0x0000,0x0000,0x0000,0x0000,
    0x0000,0x0000,0x0000,0x0000,0x0000,0x0000,0x0000,0x0000,0x0000,0x0000,0x0000,0x0000,0x0000,0x0000,0x0000,0x0000,
    0x0000,0x0000,0x0000,0x0000,0x0000,0x0000,0x0000,0x0000,0x0000,0x0000,0x0000,0x0000,0x0000,0x0000,0x0000,0x0000,
    0x0000,0x0000,0x0000,0x0000,0x0000,0x0000,0x0000,0x0000,0x0000,0x0000,0x0000,0x0000,0x0000,0x0000,0x0000,0x0000,
    0x0000,0x0000,0x0000,0x0000,0x0000,0x0000,0x0000,0x0000,0x0000,0x0000,0x0000,0x0000,0x0000,0x0000,0x0000,0x0000,
    0x0000,0x0000,0x0000,0x0000,0x0000,0x0000,0x0000,0x0000,0x0000,0x0000,0x0000,0x0000,0x0000,0x0000,0x0000,0x0000,
  },
  // sleepy frame 1
  {
    0x0000,0x0000,0x0000,0x0000,0x0000,0x0000,0x0000,0x0000,0x0000,0x0000,0x0000,0x0000,0x0000,0x0000,0x0000,0x0000,
    0x0000,0x0000,0x0000,0x0000,0x0000,0x0000,0x0000,0x0000,0x0000,0x0000,0x0000,0x0000,0x0000,0x0000,0x0000,0x0000,
    0x0000,0x0000,0x0000,0x0000,0x0000,0x0000,0x0000,0x0000,0x0000,0x0000,0x0000,0x0000,0x0000,0x0000,0x0000,0x0000,
    0x0000,0x0000,0x0000,0x0000,0x0000,0x0000,0x0000,0x0000,0x0000,0x0000,0x0000,0x0000,0x0000,0x0000,0x0000,0x0000,
    0x0000,0x0000,0x0000,0x0000,0x0000,0x0000,0x0000,0x0000,0x0000,0x0000,0x0000,0x0000,0x0000,0x0000,0x0000,0x0000,
    0x0000,0x0000,0x0000,0x0000,0x0000,0x0000,0x0000,0x0000,0x0000,0x0000,0x0000,0x0000,0x0000,0x0000,0x0000,0x0000,
    0x0000,0x0000,0x0000,0x0000,0x0000,0x0000,0x0000,0x0000,0x0000,0x0000,0x0000,0x0000,0x0000,0x0000,0x0000,0x0000,
    0x0000,0x0000,0x0000,0x0000,0x0000,0x0000,0x0000,0x0000,0x0000,0x0000,0x0000,0x0000,0x0000,0x0000,0x0000,0x0000,
    0x0000,0x0000,0x0000,0x0000,0x0000,0x0000,0x0000,0x0000,0x0000,0x0000,0x0000,0x0000,0x0000,0x0000,0x0000,0x0000,
    0x0000,0x0000,0x0000,0x0000,0x0000,0x0000,0x0000,0x0000,0x0000,0x0000,0x0000,0x0000,0x0000,0x0000,0x0000,0x0000,
    0x0000,0x0000,0x0000,0x0000,0x0000,0x0000,0x0000,0x0000,0x0000,0x0000,0x0000,0x0000,0x0000,0x0000,0x0000,0x0000,
    0x0000,0x0000,0x0000,0x0000,0x0000,0x0000,0x0000,0x0000,0x0000,0x0000,0x0000,0x0000,0x0000,0x0000,0x0000,0x0000,
    0x0000,0x0000,0x0000,0x0000,0x0000,0x0000,0x0000,0x0000,0x0000,0x0000,0x0000,0x0000,0x0000,0x0000,0x0000,0x0000,
    0x0000,0x0000,0x0000,0x0000,0x0000,0x0000,0x0000,0x0000,0x0000,0x0000,0x0000,0x0000,0x0000,0x0000,0x0000,0x0000,
    0x0000,0x0000,0x0000,0x0000,0x0000,0x0000,0x0000,0x0000,0x0000,0x0000,0x0000,0x0000,0x0000,0x0000,0x0000,0x0000,
    0x0000,0x0000,0x0000,0x0000,0x0000,0x0000,0x0000,0x0000,0x0000,0x0000,0x0000,0x0000,0x0000,0x0000,0x0000,0x0000,
    0x0000,0x0000,0x0000,0x0000,0x0000,0x0000,0x0000,0x0000,0x0000,0x0000,0x0000,0x0000,0x0000,0x0000,0x0000,0x0000,
    0x0000,0x0000,0x0000,0x0000,0x0000,0x0000,0x0000,0x0000,0x0000,0x0000,0x0000,0x0000,0x0000,0x0000,0x0000,0x0000,
    0x0000,0x0000,0x0000,0x0000,0x0000,0x0000,0x0000,0x0000,0x0000,0x0000,0x0000,0x0000,0x0000,0x0000,0x0000,0x0000,
    0x0000,0x0000,0x0000,0x0000,0x0000,0x0000,0x0000,0x0000,0x0000,0x0000,0x0000,0x0000,0x0000,0x0000,0x0000,0x0000,
    0x0000,0x0000,0x0000,0x0000,0x0000,0x0000,0x0000,0x0000,0x0000,0x0000,0x0000,0x0000,0x0000,0x0000,0x0000,0x0000,
    0x0000,0x0000,0x0000,0x0000,0x0000,0x0000,0x0000,0x0000,0x0000,0x0000,0x0000,0x0000,0x0000,0x0000,0x0000,0x0000,
    0x0000,0x0000,0x0000,0x0000,0x0000,0x0000,0x0000,0x0000,0x0000,0x0000,0x0000,0x0000,0x0000,0x0000,0x0000,0x0000,
    0x0000,0x0000,0x0000,0x0000,0x0000,0x0000,0x0000,0x0000,0x0000,0x0000,0x0000,0x0000,0x0000,0x0000,0x0000,0x0000,
    0x0000,0x0000,0x0000,0x0000,0x0000,0x0000,0x0000,0x0000,0x0000,0x0000,0x0000,0x0000,0x0000,0x0000,0x0000,0x0000,
    0x0000,0x0000,0x0000,0x0000,0x0000,0x0000,0x0000,0x0000,0x0000,0x0000,0x0000,0x0000,0x0000,0x0000,0x0000,0x0000,
    0x0000,0x0000,0x0000,0x0000,0x0000,0x0000,0x0000,0x0000,0x0000,0x0000,0x0000,0x0000,0x0000,0x0000,0x0000,0x0000,
    0x0000,0x0000,0x0000,0x0000,0x0000,0x0000,0x0000,0x0000,0x0000,0x0000,0x0000,0x0000,0x0000,0x0000,0x0000,0x0000,
    0x0000,0x0000,0x0000,0x0000,0x0000,0x0000,0x0000,0x0000,0x0000,0x0000,0x0000,0x0000,0x0000,0x0000,0x0000,0x0000,
    0x0000,0x0000,0x0000,0x0000,0x0000,0x0000,0x0000,0x0000,0x0000,0x0000,0x0000,0x0000,0x0000,0x0000,0x0000,0x0000,
    0x0000,0x0000,0x0000,0x0000,0x0000,0x0000,0x0000,0x0000,0x0000,0x0000,0x0000,0x0000,0x0000,0x0000,0x0000,0x0000,
    0x0000,0x0000,0x0000,0x0000,0x0000,0x0000,0x0000,0x0000,0x0000,0x0000,0x0000,0x0000,0x0000,0x0000,0x0000,0x0000,
    0x0000,0x0000,0x0000,0x0000,0x0000,0x0000,0x0000,0x0000,0x0000,0x0000,0x0000,0x0000,0x0000,0x0000,0x0000,0x0000,
    0x0000,0x0000,0x0000,0x0000,0x0000,0x0000,0x0000,0x0000,0x0000,0x0000,0x0000,0x0000,0x0000,0x0000,0x0000,0x0000,
    0x0000,0x0000,0x0000,0x0000,0x0000,0x0000,0x0000,0x0000,0x0000,0x0000,0x0000,0x0000,0x0000,0x0000,0x0000,0x0000,
    0x0000,0x0000,0x0000,0x0000,0x0000,0x0000,0x0000,0x0000,0x0000,0x0000,0x0000,0x0000,0x0000,0x0000,0x0000,0x0000,
    0x0000,0x0000,0x0000,0x0000,0x0000,0x0000,0x0000,0x0000,0x0000,0x0000,0x0000,0x0000,0x0000,0x0000,0x0000,0x0000,
    0x0000,0x0000,0x0000,0x0000,0x0000,0x0000,0x0000,0x1082,0x1082,0x1082,0x0000,0x0000,0x0000,0x0000,0x0000,0x0000,
    0x0000,0x0000,0x0000,0x0000,0x0000,0x0000,0x0000,0x0000,0x0000,0x0000,0x0000,0x0000,0x0000,0x0000,0x0000,0x0000,
    0x0000,0x0000,0x0000,0x0000,0x0000,0x0000,0x0000,0x0000,0x0000,0x0000,0x0000,0x0000,0x0000,0x0000,0x0000,0x0000,
    0x0000,0x0000,0x0000,0x0000,0x0000,0x0000,0x0000,0x0000,0x0000,0x0000,0x0000,0x0000,0x0000,0x0000,0x0000,0x0000,
    0x0000,0x0000,0x0000,0x0000,0x0000,0x0000,0x0000,0x0000,0x0000,0x0000,0x0000,0x0000,0x0000,0x0000,0x0000,0x0000,
    0x0000,0x0000,0x0000,0x0000,0x0000,0x0000,0x0000,0xbf3f,0xbf3f,0xbf3f,0x0000,0x0000,0x0000,0x0000,0x0000,0x0000,
    0x0000,0x0000,0x0000,0x0000,0x0000,0x0000,0x0000,0x0000,0x0000,0x0000,0x0000,0x0000,0x0000,0x0000,0x0000,0x0000,
    0x0000,0x0000,0x0000,0x0000,0x0000,0x0000,0x0000,0x0000,0x0000,0x0000,0x0000,0x0000,0x0000,0x0000,0x0000,0x0000,
    0x0000,0x0000,0x0000,0x0000,0x0000,0x0000,0x0000,0x0000,0x0000,0x0000,0x0000,0x0000,0x0000,0x0000,0x0000,0x0000,
    0x0000,0x0000,0x0000,0x0000,0x0000,0x0000,0x0000,0x0000,0x0000,0x0000,0x0000,0x0000,0x0000,0x0000,0x0000,0x0000,
    0x0000,0x0000,0x0000,0x0000,0x0000,0x0000,0x1082,0xbf3f,0xbf3f,0xbf3f,0x1082,0x0000,0x0000,0x0000,0x0000,0x0000,
    0x0000,0x0000,0x0000,0x0000,0x0000,0x0000,0x0000,0x0000,0x0000,0x0000,0x0000,0x0000,0x0000,0x0000,0x0000,0x0000,
    0x0000,0x0000,0x0000,0x0000,0x0000,0x0000,0x0000,0x0000,0x0000,0x0000,0x0000,0x0000,0x0000,0x0000,0x0000,0x0000,
    0x0000,0x0000,0x0000,0x0000,0x0000,0x0000,0x0000,0x0000,0x0000,0x0000,0x0000,0x0000,0x0000,0x0000,0x0000,0x0000,
    0x0000,0x0000,0x0000,0x0000,0x0000,0x0000,0x0000,0x0000,0x0000,0x0000,0x0000,0x0000,0x0000,0x0000,0x0000,0x0000,
    0x0000,0x0000,0x0000,0x0000,0x0000,0x0000,0x1082,0xbf3f,0xbf3f,0xbf3f,0x1082,0x0000,0x0000,0x0000,0x0000,0x0000,
    0x0000,0x0000,0x0000,0x0000,0x0000,0x0000,0x0000,0x0000,0x0000,0x0000,0x0000,0x0000,0x0000,0x0000,0x0000,0x0000,
    0x0000,0x0000,0x0000,0x0000,0x0000,0x0000,0x0000,0x0000,0x0000,0x0000,0x0000,0x0000,0x0000,0x0000,0x0000,0x0000,
    0x0000,0x0000,0x0000,0x0000,0x0000,0x0000,0x0000,0x0000,0x0000,0x0000,0x0000,0x0000,0x0000,0x0000,0x0000,0x0000,
    0x0000,0x0000,0x0000,0x0000,0x0000,0x0000,0x0000,0x0000,0x0000,0x0000,0x0000,0x0000,0x0000,0x0000,0x0000,0x0000,
    0x0000,0x1082,0x1082,0x1082,0x1082,0x1082,0xbf3f,0xbf3f,0xbf3f,0xbf3f,0xbf3f,0x1082,0x1082,0x1082,0x1082,0x1082,
    0x0000,0x0000,0x0000,0x0000,0x0000,0x0000,0x0000,0x0000,0x0000,0x0000,0x0000,0x0000,0x0000,0x0000,0x0000,0x0000,
    0x0000,0x0000,0x0000,0x0000,0x0000,0x0000,0x0000,0x0000,0x0000,0x0000,0x0000,0x0000,0x0000,0x0000,0x0000,0x0000,
    0x0000,0x0000,0x0000,0x0000,0x0000,0x0000,0x0000,0x0000,0x0000,0x0000,0x0000,0x0000,0x0000,0x0000,0x0000,0x0000,
    0x0000,0x0000,0x0000,0x0000,0x0000,0x0000,0x0000,0x0000,0x0000,0x0000,0x0000,0x0000,0x0000,0x0000,0x1082,0x1082,
    0x1082,0x1082,0x1082,0x1082,0x1082,0x1082,0xbf3f,0xbf3f,0xbf3f,0xbf3f,0xbf3f,0x1082,0x1082,0x1082,0x1082,0x1082,
    0x1082,0x1082,0x1082,0x0000,0x0000,0x0000,0x0000,0x0000,0x0000,0x0000,0x0000,0x0000,0x0000,0x0000,0x0000,0x0000,
    0x0000,0x0000,0x0000,0x0000,0x0000,0x0000,0x0000,0x0000,0x0000,0x0000,0x0000,0x0000,0x0000,0x0000,0x0000,0x0000,
    0x0000,0x0000,0x0000,0x0000,0x0000,0x0000,0x0000,0x0000,0x0000,0x0000,0x0000,0x0000,0x0000,0x0000,0x0000,0x0000,
    0x0000,0x0000,0x0000,0x0000,0x0000,0x0000,0x0000,0x0000,0x0000,0x0000,0x0000,0x1082,0x1082,0x1082,0x1082,0x1082,
    0x1082,0x03ff,0x03ff,0x03ff,0x03ff,0x1082,0xbf3f,0xbf3f,0xbf3f,0xbf3f,0xbf3f,0x1082,0x03ff,0x03ff,0x03ff,0x03ff,
    0x1082,0x1082,0x1082,0x1082,0x1082,0x1082,0x0000,0x0000,0x0000,0x0000,0x0000,0x0000,0x0000,0x0000,0x0000,0x0000,
    0x0000,0x0000,0x0000,0x0000,0x0000,0x0000,0x0000,0x0000,0x0000,0x0000,0x0000,0x0000,0x0000,0x0000,0x0000,0x0000,
    0x0000,0x0000,0x0000,0x0000,0x0000,0x0000,0x0000,0x0000,0x0000,0x0000,0x0000,0x0000,0x0000,0x0000,0x0000,0x0000,
    0x0000,0x0000,0x0000,0x0000,0x0000,0x0000,0x0000,0x0000,0x0000,0x1082,0x1082,0x1082,0x1082,0x1082,0x03ff,0x03ff,
    0x03ff,0x03ff,0x03ff,0x03ff,0x03ff,0x1082,0xbf3f,0xbf3f,0xbf3f,0xbf3f,0xbf3f,0x1082,0x03ff,0x03ff,0x03ff,0x03ff,
    0x03ff,0x03ff,0x03ff,0x1082,0x1082,0x1082,0x1082,0x1082,0x0000,0x0000,0x0000,0x0000,0x0000,0x0000,0x0000,0x0000,
    0x0000,0x0000,0x0000,0x0000,0x0000,0x0000,0x0000,0x0000,0x0000,0x0000,0x0000,0x0000,0x0000,0x0000,0x0000,0x0000,
    0x0000,0x0000,0x0000,0x0000,0x0000,0x0000,0x0000,0x0000,0x0000,0x0000,0x0000,0x0000,0x0000,0x0000,0x0000,0x0000,
    0x0000,0x0000,0x0000,0x0000,0x0000,0x0000,0x0000,0x0000,0x1082,0x1082,0x1082,0x1082,0x03ff,0x03ff,0x03ff,0x03ff,
    0x03ff,0x03ff,0x03ff,0x03ff,0x03ff,0x1082,0xbf3f,0xbf3f,0xbf3f,0xbf3f,0xbf3f,0x1082,0x03ff,0x03ff,0x03ff,0x03ff,
    0x03ff,0x03ff,0x03ff,0x03ff,0x03ff,0x1082,0x1082,0x1082,0x1082,0x0000,0x0000,0x0000,0x0000,0x0000,0x0000,0x0000,
    0x0000,0x0000,0x0000,0x0000,0x0000,0x0000,0x0000,0x0000,0x0000,0x0000,0x0000,0x0000,0x0000,0x0000,0x0000,0x0000,
    0x0000,0x0000,0x0000,0x0000,0x0000,0x0000,0x0000,0x0000,0x0000,0x0000,0x0000,0x0000,0x0000,0x0000,0x0000,0x0000,
    0x0000,0x0000,0x0000,0x0000,0x0000,0x0000,0x1082,0x1082,0x1082,0x1082,0x03ff,0x03ff,0x03ff,0x03ff,0x03ff,0x03ff,
    0x03ff,0x03ff,0x03ff,0x03ff,0x03ff,0x1082,0x1082,0x1082,0x03ff,0x1082,0x1082,0x1082,0x03ff,0x03ff,0x03ff,0x03ff,
    0x03ff,0x03ff,0x03ff,0x03ff,0x03ff,0x03ff,0x03ff,0x1082,0x1082,0x1082,0x1082,0x0000,0x0000,0x0000,0x0000,0x0000,
    0x0000,0x0000,0x0000,0x0000,0x0000,0x0000,0x0000,0x0000,0x0000,0x0000,0x0000,0x0000,0x0000,0x0000,0x0000,0x0000,
    0x0000,0x0000,0x0000,0x0000,0x0000,0x0000,0x0000,0x0000,0x0000,0x0000,0x0000,0x0000,0x0000,0x0000,0x0000,0x0000,
    0x0000,0x0000,0x0000,0x0000,0x0000,0x1082,0x1082,0x1082,0x1082,0x1082,0x1082,0x1082,0x1082,0x03ff,0x03ff,0x03ff,
    0x03ff,0x03ff,0x03ff,0x03ff,0x03ff,0x03ff,0x03ff,0x03ff,0x03ff,0x03ff,0x03ff,0x03ff,0x03ff,0x03ff,0x03ff,0x03ff,
    0x03ff,0x03ff,0x03ff,0x03ff,0x1082,0x1082,0x1082,0x1082,0x1082,0x1082,0x1082,0x1082,0x0000,0x0000,0x0000,0x0000,
    0x0000,0x0000,0x0000,0x0000,0x0000,0x0000,0x0000,0x0000,0x0000,0x0000,0x0000,0x0000,0x0000,0x0000,0x0000,0x0000,
    0x0000,0x0000,0x0000,0x0000,0x0000,0x0000,0x0000,0x0000,0x0000,0x0000,0x0000,0x0000,0x0000,0x0000,0x0000,0x0000,
    0x0000,0x0000,0x0000,0x0000,0x1082,0x1082,0x1082,0x1082,0x1082,0x1082,0x1082,0x1082,0x1082,0x1082,0x03ff,0x03ff,
    0x03ff,0x03ff,0x03ff,0x03ff,0x03ff,0x03ff,0x03ff,0x03ff,0x03ff,0x03ff,0x03ff,0x03ff,0x03ff,0x03ff,0x03ff,0x03ff,
    0x03ff,0x03ff,0x03ff,0x1082,0x1082,0x1082,0x1082,0x1082,0x1082,0x1082,0x1082,0x1082,0x1082,0x0000,0x0000,0x0000,
    0x0000,0x0000,0x0000,0x0000,0x0000,0x0000,0x0000,0x0000,0x0000,0x0000,0x0000,0x0000,0x0000,0x0000,0x0000,0x0000,
    0x0000,0x0000,0x0000,0x0000,0x0000,0x0000,0x0000,0x0000,0x0000,0x0000,0x0000,0x0000,0x0000,0x0000,0x0000,0x0000,
    0x0000,0x0000,0x0000,0x1082,0x1082,0x1082,0x1082,0x1082,0x1082,0xbf3f,0x1082,0x1082,0x1082,0x1082,0x1082,0x03ff,
    0x03ff,0x03ff,0x03ff,0x03ff,0x03ff,0x03ff,0x03ff,0x03ff,0x03ff,0x03ff,0x03ff,0x03ff,0x03ff,0x03ff,0x03ff,0x03ff,
    0x03ff,0x03ff,0x1082,0x1082,0x1082,0x1082,0x1082,0xbf3f,0x1082,0x1082,0x1082,0x1082,0x1082,0x1082,0x0000,0x0000,
    0x0000,0x0000,0x0000,0x0000,0x0000,0x0000,0x0000,0x0000,0x0000,0x0000,0x0000,0x0000,0x0000,0x0000,0x0000,0x0000,
    0x0000,0x0000,0x0000,0x0000,0x0000,0x0000,0x0000,0x0000,0x0000,0x0000,0x0000,0x0000,0x0000,0x0000,0x0000,0x0000,
    0x0000,0x0000,0x1082,0x1082,0x1082,0x1082,0x1082,0xbf3f,0xbf3f,0xbf3f,0xbf3f,0xbf3f,0x1082,0x1082,0x1082,0x1082,
    0x03ff,0x03ff,0x03ff,0x03ff,0x03ff,0x03ff,0x03ff,0x03ff,0x03ff,0x03ff,0x03ff,0x03ff,0x03ff,0x03ff,0x03ff,0x03ff,
    0x03ff,0x1082,0x1082,0x1082,0x1082,0xbf3f,0xbf3f,0xbf3f,0xbf3f,0xbf3f,0x1082,0x1082,0x1082,0x1082,0x1082,0x0000,
    0x0000,0x0000,0x0000,0x0000,0x0000,0x0000,0x0000,0x0000,0x0000,0x0000,0x0000,0x0000,0x0000,0x0000,0x0000,0x0000,
    0x0000,0x0000,0x0000,0x0000,0x0000,0x0000,0x0000,0x0000,0x0000,0x0000,0x0000,0x0000,0x0000,0x0000,0x0000,0x0000,
    0x0000,0x1082,0x1082,0x1082,0x1082,0x1082,0xbf3f,0xbf3f,0xbf3f,0xbf3f,0xbf3f,0xbf3f,0xbf3f,0x1082,0x1082,0x1082,
    0x03ff,0x03ff,0x03ff,0x03ff,0x03ff,0x03ff,0x03ff,0x03ff,0x03ff,0x03ff,0x03ff,0x03ff,0x03ff,0x03ff,0x03ff,0x03ff,
    0x03ff,0x1082,0x1082,0x1082,0xbf3f,0xbf3f,0xbf3f,0xbf3f,0xbf3f,0xbf3f,0xbf3f,0x1082,0x1082,0x1082,0x1082,0x1082,
    0x0000,0x0000,0x0000,0x0000,0x0000,0x0000,0x0000,0x0000,0x0000,0x0000,0x0000,0x0000,0x0000,0x0000,0x0000,0x0000,
    0x0000,0x0000,0x0000,0x0000,0x0000,0x0000,0x0000,0x0000,0x0000,0x0000,0x0000,0x0000,0x0000,0x0000,0x0000,0x0000,
    0x1082,0x1082,0x1082,0x1082,0x1082,0x1082,0xbf3f,0xbf3f,0xbf3f,0xbf3f,0xbf3f,0xbf3f,0xbf3f,0x1082,0x1082,0x1082,
    0x03ff,0x03ff,0x03ff,0x03ff,0x03ff,0x03ff,0x03ff,0x03ff,0x03ff,0x03ff,0x03ff,0x03ff,0x03ff,0x03ff,0x03ff,0x03ff,
    0x03ff,0x1082,0x1082,0x1082,0xbf3f,0xbf3f,0xbf3f,0xbf3f,0xbf3f,0xbf3f,0xbf3f,0x1082,0x1082,0x1082,0x1082,0x1082,
    0x1082,0x0000,0x0000,0x0000,0x0000,0x0000,0x0000,0x0000,0x0000,0x0000,0x0000,0x0000,0x0000,0x0000,0x0000,0x0000,
    0x0000,0x0000,0x0000,0x0000,0x0000,0x0000,0x0000,0x0000,0x0000,0x0000,0x0000,0x0000,0x0000,0x0000,0x0000,0x1082,
    0x1082,0x1082,0x1082,0x1082,0x1082,0xbf3f,0xbf3f,0xbf3f,0xbf3f,0xbf3f,0xbf3f,0xbf3f,0xbf3f,0xbf3f,0x1082,0x1082,
    0x1082,0x03ff,0x03ff,0x03ff,0x03ff,0x03ff,0x03ff,0x03ff,0x03ff,0x03ff,0x03ff,0x03ff,0x03ff,0x03ff,0x03ff,0x03ff,
    0x1082,0x1082,0x1082,0xbf3f,0xbf3f,0xbf3f,0xbf3f,0xbf3f,0xbf3f,0xbf3f,0xbf3f,0xbf3f,0x1082,0x1082,0x1082,0x1082,
    0x1082,0x1082,0x0000,0x0000,0x0000,0x0000,0x0000,0x0000,0x0000,0x0000,0x0000,0x0000,0x0000,0x0000,0x0000,0x0000,
    0x0000,0x0000,0x0000,0x0000,0x0000,0x0000,0x0000,0x0000,0x0000,0x0000,0x0000,0x0000,0x0000,0x0000,0x0000,0x1082,
    0x1082,0x03ff,0x03ff,0x1082,0x1082,0x1082,0xbf3f,0xbf3f,0xbf3f,0xbf3f,0xbf3f,0xbf3f,0xbf3f,0x1082,0x1082,0x1082,
    0x03ff,0x03ff,0x03ff,0x03ff,0x03ff,0x03ff,0x03ff,0x03ff,0x03ff,0x03ff,0x03ff,0x03ff,0x03ff,0x03ff,0x03ff,0x03ff,
    0x03ff,0x1082,0x1082,0x1082,0xbf3f,0xbf3f,0xbf3f,0xbf3f,0xbf3f,0xbf3f,0xbf3f,0x1082,0x1082,0x1082,0x03ff,0x03ff,
    0x1082,0x1082,0x0000,0x0000,0x0000,0x0000,0x0000,0x0000,0x0000,0x0000,0x0000,0x0000,0x0000,0x0000,0x0000,0x0000,
    0x0000,0x0000,0x0000,0x0000,0x0000,0x0000,0x0000,0x0000,0x0000,0x0000,0x0000,0x0000,0x0000,0x0000,0x1082,0x1082,
    0x03ff,0x03ff,0x03ff,0x1082,0x1082,0x1082,0xbf3f,0xbf3f,0xbf3f,0xbf3f,0xbf3f,0xbf3f,0xbf3f,0x1082,0x1082,0x1082,
    0x03ff,0x03ff,0x03ff,0x03ff,0x03ff,0x03ff,0x03ff,0x03ff,0x03ff,0x03ff,0x03ff,0x03ff,0x03ff,0x03ff,0x03ff,0x03ff,
    0x03ff,0x1082,0x1082,0x1082,0xbf3f,0xbf3f,0xbf3f,0xbf3f,0xbf3f,0xbf3f,0xbf3f,0x1082,0x1082,0x1082,0x03ff,0x03ff,
    0x03ff,0x1082,0x1082,0x0000,0x0000,0x0000,0x0000,0x0000,0x0000,0x0000,0x0000,0x0000,0x0000,0x0000,0x0000,0x0000,
    0x0000,0x0000,0x0000,0x0000,0x0000,0x0000,0x0000,0x0000,0x0000,0x0000,0x0000,0x0000,0x0000,0x1082,0x1082,0x1082,
    0x03ff,0x03ff,0x03ff,0x1082,0x1082,0x1082,0x1082,0xbf3f,0xbf3f,0xbf3f,0xbf3f,0xbf3f,0x1082,0x1082,0x1082,0x1082,
    0x03ff,0x03ff,0x03ff,0x03ff,0x03ff,0x03ff,0x03ff,0x03ff,0x03ff,0x03ff,0x03ff,0x03ff,0x03ff,0x03ff,0x03ff,0x03ff,
    0x03ff,0x1082,0x1082,0x1082,0x1082,0xbf3f,0xbf3f,0xbf3f,0xbf3f,0xbf3f,0x1082,0x1082,0x1082,0x1082,0x03ff,0x03ff,
    0x03ff,0x1082,0x1082,0x1082,0x0000,0x0000,0x0000,0x0000,0x0000,0x0000,0x0000,0x0000,0x0000,0x0000,0x0000,0x0000,
    0x0000,0x0000,0x0000,0x0000,0x0000,0x0000,0x0000,0x0000,0x0000,0x0000,0x0000,0x0000,0x0000,0x1082,0x1082,0x03ff,
    0x03ff,0x03ff,0x03ff,0x03ff,0x1082,0x1082,0x1082,0x1082,0x1082,0xbf3f,0x1082,0x1082,0x1082,0x1082,0x1082,0x03ff,
    0x03ff,0x03ff,0x03ff,0x03ff,0x03ff,0x03ff,0x03ff,0x03ff,0x03ff,0x03ff,0x03ff,0x03ff,0x03ff,0x03ff,0x03ff,0x03ff,
    0x03ff,0x03ff,0x1082,0x1082,0x1082,0x1082,0x1082,0xbf3f,0x1082,0x1082,0x1082,0x1082,0x1082,0x03ff,0x03ff,0x03ff,
    0x03ff,0x03ff,0x1082,0x1082,0x0000,0x0000,0x0000,0x0000,0x0000,0x0000,0x0000,0x0000,0x0000,0x0000,0x0000,0x0000,
    0x0000,0x0000,0x0000,0x0000,0x0000,0x0000,0x0000,0x0000,0x0000,0x0000,0x0000,0x0000,0x1082,0x1082,0x1082,0x03ff,
    0x03ff,0x03ff,0x03ff,0x03ff,0x03ff,0x1082,0x1082,0x1082,0x1082,0x1082,0x1082,0x1082,0x1082,0x1082,0x03ff,0x03ff,
    0x03ff,0x03ff,0x03ff,0x03ff,0x03ff,0x03ff,0x03ff,0x03ff,0x03ff,0x03ff,0x03ff,0x03ff,0x03ff,0x03ff,0x03ff,0x03ff,
    0x03ff,0x03ff,0x03ff,0x1082,0x1082,0x1082,0x1082,0x1082,0x1082,0x1082,0x1082,0x1082,0x03ff,0x03ff,0x03ff,0x03ff,
    0x03ff,0x03ff,0x1082,0x1082,0x1082,0x0000,0x0000,0x0000,0x0000,0x0000,0x0000,0x0000,0x0000,0x0000,0x0000,0x0000,
    0x0000,0x0000,0x0000,0x0000,0x0000,0x0000,0x0000,0x0000,0x0000,0x0000,0x0000,0x0000,0x1082,0x1082,0x03ff,0x03ff,
    0x03ff,0x03ff,0x03ff,0x03ff,0x03ff,0x03ff,0x1082,0x1082,0x1082,0x1082,0x1082,0x1082,0x1082,0x03ff,0x03ff,0x03ff,
    0x03ff,0x03ff,0x03ff,0x03ff,0x03ff,0x03ff,0x03ff,0x03ff,0x03ff,0x03ff,0x03ff,0x03ff,0x03ff,0x03ff,0x03ff,0x03ff,
    0x03ff,0x03ff,0x03ff,0x03ff,0x1082,0x1082,0x1082,0x1082,0x1082,0x1082,0x1082,0x03ff,0x03ff,0x03ff,0x03ff,0x03ff,
    0x03ff,0x03ff,0x03ff,0x1082,0x1082,0x0000,0x0000,0x0000,0x0000,0x0000,0x0000,0x0000,0x0000,0x0000,0x0000,0x0000,
    0x0000,0x0000,0x0000,0x0000,0x0000,0x0000,0x0000,0x0000,0x0000,0x0000,0x0000,0x0000,0x1082,0x1082,0x03ff,0x03ff,
    0x03ff,0x03ff,0x03ff,0x03ff,0x03ff,0x03ff,0x03ff,0x03ff,0x03ff,0x1082,0x03ff,0x03ff,0x03ff,0x03ff,0x03ff,0x03ff,
    0x03ff,0x03ff,0x03ff,0x03ff,0x03ff,0x03ff,0x03ff,0x03ff,0x03ff,0x03ff,0x03ff,0x03ff,0x03ff,0x03ff,0x03ff,0x03ff,
    0x03ff,0x03ff,0x03ff,0x03ff,0x03ff,0x03ff,0x03ff,0x1082,0x03ff,0x03ff,0x03ff,0x03ff,0x03ff,0x03ff,0x03ff,0x03ff,
    0x03ff,0x03ff,0x03ff,0x1082,0x1082,0x0000,0x0000,0x0000,0x0000,0x0000,0x0000,0x0000,0x0000,0x0000,0x0000,0x0000,
    0x0000,0x0000,0x0000,0x0000,0x0000,0x0000,0x0000,0x0000,0x0000,0x0000,0x0000,0x1082,0x1082,0x03ff,0x03ff,0x03ff,
    0x03ff,0x03ff,0x03ff,0x03ff,0x03ff,0x03ff,0x03ff,0x03ff,0x03ff,0x03ff,0x03ff,0x03ff,0x03ff,0x03ff,0x03ff,0x03ff,
    0x03ff,0x0000,0x0000,0x0000,0x03ff,0x03ff,0x03ff,0x03ff,0x03ff,0x03ff,0x03ff,0x03ff,0x03ff,0x0000,0x0000,0x0000,
    0x03ff,0x03ff,0x03ff,0x03ff,0x03ff,0x03ff,0x03ff,0x03ff,0x03ff,0x03ff,0x03ff,0x03ff,0x03ff,0x03ff,0x03ff,0x03ff,
    0x03ff,0x03ff,0x03ff,0x03ff,0x1082,0x1082,0x0000,0x0000,0x0000,0x0000,0x0000,0x0000,0x0000,0x0000,0x0000,0x0000,
    0x0000,0x0000,0x0000,0x0000,0x0000,0x0000,0x0000,0x0000,0x0000,0x0000,0x0000,0x1082,0x1082,0x03ff,0x03ff,0x03ff,
    0x03ff,0x03ff,0x03ff,0x03ff,0x03ff,0x03ff,0x03ff,0x03ff,0x03ff,0x03ff,0x03ff,0x03ff,0x03ff,0x03ff,0x03ff,0x03ff,
    0x0000,0x0000,0x0000,0x0000,0x03ff,0x03ff,0x03ff,0x03ff,0x03ff,0x03ff,0x03ff,0x03ff,0x03ff,0x0000,0x0000,0x0000,
    0x0000,0x03ff,0x03ff,0x03ff,0x03ff,0x03ff,0x03ff,0x03ff,0x03ff,0x03ff,0x03ff,0x03ff,0x03ff,0x03ff,0x03ff,0x03ff,
    0x03ff,0x03ff,0x03ff,0x03ff,0x1082,0x1082,0x0000,0x0000,0x0000,0x0000,0x0000,0x0000,0x0000,0x0000,0x0000,0x0000,
    0x0000,0x0000,0x0000,0x0000,0x0000,0x0000,0x0000,0x0000,0x0000,0x0000,0x0000,0x1082,0x1082,0x03ff,0x03ff,0x03ff,
    0x03ff,0x03ff,0x03ff,0x03ff,0x03ff,0x0000,0x0000,0x0000,0x0000,0x03ff,0x03ff,0x03ff,0x03ff,0x03ff,0x03ff,0x0000,
    0x0000,0x0000,0x0000,0x0000,0x03ff,0x03ff,0x03ff,0x03ff,0x03ff,0x03ff,0x03ff,0x03ff,0x03ff,0x0000,0x0000,0x0000,
    0x0000,0x0000,0x03ff,0x03ff,0x03ff,0x03ff,0x03ff,0x03ff,0x0000,0x0000,0x0000,0x0000,0x03ff,0x03ff,0x03ff,0x03ff,
    0x03ff,0x03ff,0x03ff,0x03ff,0x1082,0x1082,0x0000,0x0000,0x0000,0x0000,0x0000,0x0000,0x0000,0x0000,0x0000,0x0000,
    0x0000,0x0000,0x0000,0x0000,0x0000,0x0000,0x0000,0x0000,0x0000,0x0000,0x1082,0x1082,0x03ff,0x03ff,0x03ff,0x03ff,
    0x03ff,0x03ff,0x03ff,0x03ff,0x03ff,0x0000,0x0000,0x0000,0x0000,0x0000,0x0000,0x03ff,0x03ff,0x03ff,0x03ff,0x0000,
    0x0000,0x0000,0x0000,0x03ff,0x03ff,0x03ff,0x03ff,0x03ff,0x03ff,0x03ff,0x03ff,0x03ff,0x03ff,0x03ff,0x0000,0x0000,
    0x0000,0x0000,0x03ff,0x03ff,0x03ff,0x03ff,0x0000,0x0000,0x0000,0x0000,0x0000,0x0000,0x03ff,0x03ff,0x03ff,0x03ff,
    0x03ff,0x03ff,0x03ff,0x03ff,0x03ff,0x1082,0x1082,0x0000,0x0000,0x0000,0x0000,0x0000,0x0000,0x0000,0x0000,0x0000,
    0x0000,0x0000,0x0000,0x0000,0x0000,0x0000,0x0000,0x0000,0x0000,0x0000,0x1082,0x1082,0x03ff,0x03ff,0x03ff,0x03ff,
    0x03ff,0x03ff,0x03ff,0x03ff,0x03ff,0x0000,0x0000,0x0000,0x0000,0x0000,0x0000,0x0000,0x0000,0x0000,0x0000,0x0000,
    0x0000,0x0000,0x03ff,0x03ff,0x03ff,0x03ff,0x03ff,0x03ff,0x03ff,0x03ff,0x03ff,0x03ff,0x03ff,0x03ff,0x03ff,0x0000,
    0x0000,0x0000,0x0000,0x0000,0x0000,0x0000,0x0000,0x0000,0x0000,0x0000,0x0000,0x0000,0x03ff,0x03ff,0x03ff,0x03ff,
    0x03ff,0x03ff,0x03ff,0x03ff,0x03ff,0x1082,0x1082,0x0000,0x0000,0x0000,0x0000,0x0000,0x0000,0x0000,0x0000,0x0000,
    0x0000,0x0000,0x0000,0x0000,0x0000,0x0000,0x0000,0x0000,0x0000,0x0000,0x1082,0x1082,0x03ff,0x03ff,0x03ff,0x03ff,
    0x03ff,0x03ff,0x03ff,0x03ff,0x03ff,0x03ff,0x03ff,0x0000,0x0000,0x0000,0x0000,0x0000,0x0000,0x0000,0x0000,0x0000,
    0x0000,0x0000,0x03ff,0x03ff,0x03ff,0x03ff,0x03ff,0x03ff,0x03ff,0x03ff,0x03ff,0x03ff,0x03ff,0x03ff,0x03ff,0x0000,
    0x0000,0x0000,0x0000,0x0000,0x0000,0x0000,0x0000,0x0000,0x0000,0x0000,0x03ff,0x03ff,0x03ff,0x03ff,0x03ff,0x03ff,
    0x03ff,0x03ff,0x03ff,0x03ff,0x03ff,0x1082,0x1082,0x0000,0x0000,0x0000,0x0000,0x0000,0x0000,0x0000,0x0000,0x0000,
    0x0000,0x0000,0x0000,0x0000,0x0000,0x0000,0x0000,0x0000,0x0000,0x0000,0x1082,0x1082,0x03ff,0x03ff,0x03ff,0x03ff,
    0x03ff,0x03ff,0x03ff,0x03ff,0x03ff,0x03ff,0x03ff,0x03ff,0x03ff,0x0000,0x0000,0x0000,0x0000,0x0000,0x0000,0x0000,
    0x0000,0x03ff,0x03ff,0x03ff,0x03ff,0x03ff,0x03ff,0x03ff,0x03ff,0x03ff,0x03ff,0x03ff,0x03ff,0x03ff,0x03ff,0x03ff,
    0x0000,0x0000,0x0000,0x0000,0x0000,0x0000,0x0000,0x0000,0x03ff,0x03ff,0x03ff,0x03ff,0x03ff,0x03ff,0x03ff,0x03ff,
    0x03ff,0x03ff,0x03ff,0x03ff,0x03ff,0x1082,0x1082,0x0000,0x0000,0x0000,0x0000,0x0000,0x0000,0x0000,0x0000,0x0000,
    0x0000,0x0000,0x0000,0x0000,0x0000,0x0000,0x0000,0x0000,0x0000,0x0000,0x1082,0x1082,0x03ff,0x03ff,0x03ff,0x03ff,
    0x03ff,0x03ff,0x03ff,0x03ff,0x03ff,0x03ff,0x03ff,0x03ff,0x03ff,0x03ff,0x03ff,0x03ff,0x0000,0x0000,0x0000,0x0000,
    0x03ff,0x03ff,0x03ff,0x03ff,0x03ff,0x03ff,0x03ff,0x03ff,0x03ff,0x03ff,0x03ff,0x03ff,0x03ff,0x03ff,0x03ff,0x03ff,
    0x03ff,0x0000,0x0000,0x0000,0x0000,0x03ff,0x03ff,0x03ff,0x03ff,0x03ff,0x03ff,0x03ff,0x03ff,0x03ff,0x03ff,0x03ff,
    0x03ff,0x03ff,0x03ff,0x03ff,0x03ff,0x1082,0x1082,0x0000,0x0000,0x0000,0x0000,0x0000,0x0000,0x0000,0x0000,0x0000,
    0x0000,0x0000,0x0000,0x0000,0x0000,0x0000,0x0000,0x0000,0x0000,0x0000,0x1082,0x1082,0x03ff,0x03ff,0x03ff,0x03ff,
    0x03ff,0x03ff,0x03ff,0x03ff,0x03ff,0x03ff,0x03ff,0x03ff,0x03ff,0x03ff,0x03ff,0x03ff,0x03ff,0x03ff,0x03ff,0x03ff,
    0x03ff,0x03ff,0x03ff,0x03ff,0x03ff,0x03ff,0x03ff,0x03ff,0x03ff,0x03ff,0x03ff,0x03ff,0x03ff,0x03ff,0x03ff,0x03ff,
    0x03ff,0x03ff,0x03ff,0x03ff,0x03ff,0x03ff,0x03ff,0x03ff,0x03ff,0x03ff,0x03ff,0x03ff,0x03ff,0x03ff,0x03ff,0x03ff,
    0x03ff,0x03ff,0x03ff,0x03ff,0x03ff,0x1082,0x1082,0x0000,0x0000,0x0000,0x0000,0x0000,0x0000,0x0000,0x0000,0x0000,
    0x0000,0x0000,0x0000,0x0000,0x0000,0x0000,0x0000,0x0000,0x0000,0x0000,0x1082,0x1082,0x03ff,0x03ff,0x03ff,0x03ff,
    0x03ff,0x03ff,0x03ff,0x03ff,0x03ff,0x03ff,0x03ff,0x03ff,0x03ff,0x03ff,0x03ff,0x03ff,0x03ff,0x03ff,0x03ff,0x03ff,
    0x03ff,0x03ff,0x03ff,0x03ff,0x03ff,0x03ff,0x03ff,0x03ff,0x03ff,0x03ff,0x03ff,0x03ff,0x03ff,0x03ff,0x03ff,0x03ff,
    0x03ff,0x03ff,0x03ff,0x03ff,0x03ff,0x03ff,0x03ff,0x03ff,0x03ff,0x03ff,0x03ff,0x03ff,0x03ff,0x03ff,0x03ff,0x03ff,
    0x03ff,0x03ff,0x03ff,0x03ff,0x03ff,0x1082,0x1082,0x0000,0x0000,0x0000,0x0000,0x0000,0x0000,0x0000,0x0000,0x0000,
    0x0000,0x0000,0x0000,0x0000,0x0000,0x0000,0x0000,0x0000,0x0000,0x1082,0x1082,0x03ff,0x03ff,0x03ff,0x03ff,0x03ff,
    0x03ff,0x03ff,0x03ff,0x03ff,0x03ff,0x03ff,0x03ff,0x03ff,0x03ff,0x03ff,0x03ff,0x03ff,0x03ff,0x03ff,0x03ff,0x03ff,
    0x03ff,0x03ff,0x03ff,0x03ff,0x03ff,0x03ff,0x03ff,0x03ff,0x03ff,0x03ff,0x03ff,0x03ff,0x03ff,0x03ff,0x03ff,0x03ff,
    0x03ff,0x03ff,0x03ff,0x03ff,0x03ff,0x03ff,0x03ff,0x03ff,0x03ff,0x03ff,0x03ff,0x03ff,0x03ff,0x03ff,0x03ff,0x03ff,
    0x03ff,0x03ff,0x03ff,0x03ff,0x03ff,0x03ff,0x1082,0x1082,0x0000,0x0000,0x0000,0x0000,0x0000,0x0000,0x0000,0x0000,
    0x0000,0x0000,0x0000,0x0000,0x0000,0x0000,0x0000,0x0000,0x0000,0x0000,0x1082,0x1082,0x03ff,0x03ff,0x03ff,0x03ff,
    0x03ff,0x03ff,0x03ff,0x03ff,0x03ff,0x03ff,0x03ff,0x03ff,0x03ff,0x03ff,0x03ff,0x03ff,0x03ff,0x03ff,0x03ff,0x03ff,
    0x03ff,0x03ff,0x03ff,0x03ff,0x03ff,0x03ff,0x03ff,0x03ff,0x03ff,0x03ff,0x03ff,0x03ff,0x03ff,0x03ff,0x03ff,0x03ff,
    0x03ff,0x03ff,0x03ff,0x03ff,0x03ff,0x03ff,0x03ff,0x03ff,0x03ff,0x03ff,0x03ff,0x03ff,0x03ff,0x03ff,0x03ff,0x03ff,
    0x03ff,0x03ff,0x03ff,0x03ff,0x03ff,0x1082,0x1082,0x1082,0x0000,0x0000,0x0000,0x0000,0x0000,0x0000,0x0000,0x0000,
    0x0000,0x0000,0x0000,0x0000,0x0000,0x0000,0x0000,0x0000,0x0000,0x0000,0x1082,0x1082,0x03ff,0x03ff,0x03ff,0x03ff,
    0x03ff,0x03ff,0x03ff,0x03ff,0x03ff,0x03ff,0x03ff,0x03ff,0x03ff,0x03ff,0x03ff,0x03ff,0x03ff,0x03ff,0x03ff,0x03ff,
    0x03ff,0x03ff,0x03ff,0x03ff,0x03ff,0x03ff,0x03ff,0x03ff,0x1082,0x03ff,0x03ff,0x03ff,0x03ff,0x03ff,0x03ff,0x03ff,
    0x03ff,0x03ff,0x03ff,0x03ff,0x03ff,0x03ff,0x03ff,0x03ff,0x03ff,0x03ff,0x03ff,0x03ff,0x03ff,0x03ff,0x03ff,0x03ff,
    0x03ff,0x03ff,0x03ff,0x03ff,0x03ff,0x1082,0x1082,0x1082,0x1082,0x1082,0x0000,0x0000,0x0000,0x0000,0x0000,0x0000,
    0x0000,0x0000,0x0000,0x0000,0x0000,0x0000,0x0000,0x0000,0x0000,0x0000,0x1082,0x1082,0x03ff,0x03ff,0x03ff,0x03ff,
    0x03ff,0x03ff,0x03ff,0x03ff,0x03ff,0x03ff,0x03ff,0x03ff,0x03ff,0x03ff,0x03ff,0x03ff,0x03ff,0x03ff,0x03ff,0x03ff,
    0x03ff,0x03ff,0x03ff,0x1082,0x1082,0x1082,0x1082,0x1082,0x1082,0x1082,0x1082,0x1082,0x1082,0x1082,0x03ff,0x03ff,
    0x03ff,0x03ff,0x03ff,0x03ff,0x03ff,0x03ff,0x03ff,0x03ff,0x03ff,0x03ff,0x03ff,0x03ff,0x03ff,0x03ff,0x03ff,0x03ff,
    0x03ff,0x03ff,0x03ff,0x03ff,0x03ff,0x1082,0x1082,0x1082,0x1082,0x1082,0x1082,0x1082,0x0000,0x0000,0x0000,0x0000,
    0x0000,0x0000,0x0000,0x0000,0x0000,0x0000,0x0000,0x0000,0x0000,0x0000,0x1082,0x1082,0x03ff,0x03ff,0x1082,0x1082,
    0x1082,0x03ff,0x03ff,0x03ff,0x03ff,0x03ff,0x03ff,0x03ff,0x03ff,0x03ff,0x03ff,0x03ff,0x03ff,0x03ff,0x03ff,0x03ff,
    0x1082,0x1082,0x1082,0x1082,0x1082,0x1082,0x1082,0x1082,0xbf3f,0x1082,0x1082,0x1082,0x1082,0x1082,0x1082,0x1082,
    0x1082,0x03ff,0x03ff,0x03ff,0x03ff,0x03ff,0x03ff,0x03ff,0x03ff,0x03ff,0x03ff,0x03ff,0x03ff,0x03ff,0x03ff,0x03ff,
    0x1082,0x1082,0x1082,0x03ff,0x03ff,0x1082,0x1082,0xbf3f,0x1082,0x1082,0x1082,0x1082,0x0000,0x0000,0x0000,0x0000,
    0x0000,0x0000,0x0000,0x0000,0x0000,0x0000,0x0000,0x0000,0x0000,0x0000,0x1082,0x1082,0x03ff,0x1082,0x1082,0x1082,
    0x1082,0x03ff,0x03ff,0x03ff,0x03ff,0x03ff,0x03ff,0x03ff,0x03ff,0x03ff,0x03ff,0x03ff,0x03ff,0x03ff,0x03ff,0x1082,
    0x1082,0x1082,0x1082,0xbf3f,0xbf3f,0xbf3f,0xbf3f,0xbf3f,0xbf3f,0xbf3f,0xbf3f,0xbf3f,0xbf3f,0xbf3f,0x1082,0x1082,
    0x1082,0x1082,0x03ff,0x03ff,0x03ff,0x03ff,0x03ff,0x03ff,0x03ff,0x03ff,0x03ff,0x03ff,0x03ff,0x03ff,0x03ff,0x03ff,
    0x1082,0x1082,0x1082,0x1082,0x03ff,0x1082,0x1082,0xbf3f,0xbf3f,0x1082,0x1082,0x1082,0x1082,0x0000,0x0000,0x0000,
    0x0000,0x0000,0x0000,0x0000,0x0000,0x0000,0x0000,0x0000,0x0000,0x0000,0x1082,0x1082,0x1082,0x1082,0x1082,0x1082,
    0x1082,0x03ff,0x03ff,0x03ff,0x03ff,0x03ff,0x03ff,0x03ff,0x03ff,0x03ff,0x03ff,0x03ff,0x03ff,0x1082,0x1082,0x1082,
    0x1082,0xbf3f,0xbf3f,0xbf3f,0xbf3f,0xbf3f,0xbf3f,0xbf3f,0xbf3f,0xbf3f,0xbf3f,0xbf3f,0xbf3f,0xbf3f,0xbf3f,0xbf3f,
    0x1082,0x1082,0x1082,0x1082,0x03ff,0x03ff,0x03ff,0x03ff,0x03ff,0x03ff,0x03ff,0x03ff,0x03ff,0x03ff,0x03ff,0x03ff,
    0x1082,0x1082,0x1082,0x1082,0x1082,0x1082,0x1082,0xbf3f,0xbf3f,0x1082,0x1082,0x1082,0x1082,0x0000,0x0000,0x0000,
    0x0000,0x0000,0x0000,0x0000,0x0000,0x0000,0x0000,0x0000,0x0000,0x0000,0x1082,0x1082,0x1082,0x1082,0x1082,0x1082,
    0x03ff,0x03ff,0x03ff,0x03ff,0x03ff,0x03ff,0x03ff,0x03ff,0x03ff,0x03ff,0x03ff,0x03ff,0x1082,0x1082,0x1082,0x1082,
    0xbf3f,0xbf3f,0xbf3f,0xbf3f,0xbf3f,0xbf3f,0xbf3f,0xbf3f,0xbf3f,0xbf3f,0xbf3f,0xbf3f,0xbf3f,0xbf3f,0xbf3f,0xbf3f,
    0xbf3f,0x1082,0x1082,0x1082,0x1082,0x03ff,0x03ff,0x03ff,0x03ff,0x03ff,0x03ff,0x03ff,0x03ff,0x03ff,0x03ff,0x03ff,
    0x03ff,0x1082,0x1082,0x1082,0x1082,0x1082,0x1082,0xbf3f,0xbf3f,0xbf3f,0x1082,0x1082,0x1082,0x1082,0x0000,0x0000,
    0x0000,0x0000,0x0000,0x0000,0x0000,0x0000,0x0000,0x0000,0x0000,0x0000,0x1082,0x1082,0x1082,0x1082,0x1082,0x03ff,
    0x03ff,0x03ff,0x03ff,0x03ff,0x03ff,0x03ff,0x03ff,0x03ff,0x03ff,0x03ff,0x03ff,0x03ff,0x1082,0x1082,0x1082,0xbf3f,
    0xbf3f,0xbf3f,0xbf3f,0xbf3f,0xbf3f,0xbf3f,0xbf3f,0xbf3f,0xbf3f,0xbf3f,0xbf3f,0xbf3f,0xbf3f,0xbf3f,0xbf3f,0xbf3f,
    0xbf3f,0xbf3f,0x1082,0x1082,0x1082,0x03ff,0x03ff,0x03ff,0x03ff,0x03ff,0x03ff,0x03ff,0x03ff,0x03ff,0x03ff,0x03ff,
    0x03ff,0x03ff,0x1082,0x1082,0x1082,0x1082,0x1082,0xbf3f,0xbf3f,0x1082,0x1082,0x1082,0x1082,0x0000,0x0000,0x0000,
    0x0000,0x0000,0x0000,0x0000,0x0000,0x0000,0x0000,0x0000,0x0000,0x1082,0xbf3f,0x1082,0x1082,0x1082,0x03ff,0x03ff,
    0x03ff,0x03ff,0x03ff,0x03ff,0x03ff,0x03ff,0x03ff,0x03ff,0x03ff,0x03ff,0x03ff,0x1082,0x1082,0x1082,0xbf3f,0xbf3f,
    0xbf3f,0xbf3f,0xbf3f,0x0000,0x0000,0x0000,0xbf3f,0xbf3f,0xbf3f,0xbf3f,0xbf3f,0x0000,0x0000,0x0000,0xbf3f,0xbf3f,
    0xbf3f,0xbf3f,0xbf3f,0x1082,0x1082,0x1082,0x03ff,0x03ff,0x03ff,0x03ff,0x03ff,0x03ff,0x03ff,0x03ff,0x03ff,0x03ff,
    0x03ff,0x03ff,0x03ff,0x1082,0x1082,0x1082,0xbf3f,0x1082,0xbf3f,0x1082,0x1082,0x1082,0x1082,0x0000,0x0000,0x0000,
    0x0000,0x0000,0x0000,0x0000,0x0000,0x0000,0x0000,0x0000,0xbf3f,0xbf3f,0xbf3f,0xbf3f,0xbf3f,0x03ff,0x03ff,0x03ff,
    0x03ff,0x03ff,0x03ff,0x03ff,0x03ff,0x03ff,0x03ff,0x03ff,0x03ff,0x03ff,0x1082,0x1082,0x1082,0xbf3f,0xbf3f,0xbf3f,
    0xbf3f,0xbf3f,0xbf3f,0x0000,0x0000,0x0000,0x0000,0x0000,0xbf3f,0x0000,0x0000,0x0000,0x0000,0x0000,0xbf3f,0xbf3f,
    0xbf3f,0xbf3f,0xbf3f,0xbf3f,0x1082,0x1082,0x1082,0x03ff,0x03ff,0x03ff,0x03ff,0x03ff,0x03ff,0x03ff,0x03ff,0x03ff,
    0x03ff,0x03ff,0x03ff,0x03ff,0xbf3f,0xbf3f,0xbf3f,0xbf3f,0xbf3f,0x1082,0x1082,0x1082,0x0000,0x0000,0x0000,0x0000,
    0x0000,0x0000,0x0000,0x0000,0x0000,0x0000,0x0000,0x0000,0xbf3f,0xbf3f,0xbf3f,0xbf3f,0xbf3f,0x1082,0x03ff,0x03ff,
    0x03ff,0x03ff,0x03ff,0x03ff,0x03ff,0x03ff,0x03ff,0x03ff,0x03ff,0x03ff,0x1082,0x1082,0x1082,0xbf3f,0xbf3f,0xbf3f,
    0xbf3f,0xbf3f,0xbf3f,0x0000,0x0000,0x0000,0x0000,0x0000,0x0000,0x0000,0x0000,0x0000,0x0000,0x0000,0xbf3f,0xbf3f,
    0xbf3f,0xbf3f,0xbf3f,0xbf3f,0x1082,0x1082,0x1082,0x03ff,0x03ff,0x03ff,0x03ff,0x03ff,0x03ff,0x03ff,0x03ff,0x03ff,
    0x03ff,0x03ff,0x03ff,0x1082,0xbf3f,0xbf3f,0xbf3f,0xbf3f,0xbf3f,0x1082,0x1082,0x1082,0x0000,0x0000,0x0000,0x0000,
    0x0000,0x0000,0x0000,0x0000,0x0000,0x0000,0x0000,0xbf3f,0xbf3f,0xbf3f,0xbf3f,0xbf3f,0xbf3f,0xbf3f,0x03ff,0x03ff,
    0x03ff,0x03ff,0x03ff,0x03ff,0x03ff,0x03ff,0x03ff,0x03ff,0x03ff,0x03ff,0x1082,0x1082,0x1082,0xbf3f,0xbf3f,0xbf3f,
    0xbf3f,0xbf3f,0xbf3f,0x0000,0x0000,0x0000,0x0000,0x0000,0x0000,0x0000,0x0000,0x0000,0x0000,0x0000,0xbf3f,0xbf3f,
    0xbf3f,0xbf3f,0xbf3f,0xbf3f,0x1082,0x1082,0x1082,0x03ff,0x03ff,0x03ff,0x03ff,0x03ff,0x03ff,0x03ff,0x03ff,0x03ff,
    0x03ff,0x03ff,0x03ff,0xbf3f,0xbf3f,0xbf3f,0xbf3f,0xbf3f,0xbf3f,0xbf3f,0x0000,0x0000,0x0000,0x0000,0x0000,0x0000,
    0x0000,0x0000,0x0000,0x0000,0x0000,0x0000,0x0000,0x0000,0xbf3f,0xbf3f,0xbf3f,0xbf3f,0xbf3f,0x1082,0x1082,0x03ff,
    0x03ff,0x03ff,0x03ff,0x03ff,0x03ff,0x03ff,0x03ff,0x03ff,0x03ff,0x03ff,0x1082,0x1082,0xbf3f,0xbf3f,0xbf3f,0xbf3f,
    0xbf3f,0xbf3f,0xbf3f,0xbf3f,0xbf3f,0x0000,0x0000,0x0000,0x0000,0x0000,0x0000,0x0000,0xbf3f,0xbf3f,0xbf3f,0xbf3f,
    0xbf3f,0xbf3f,0xbf3f,0xbf3f,0xbf3f,0x1082,0x1082,0x03ff,0x03ff,0x03ff,0x03ff,0x03ff,0x03ff,0x03ff,0x03ff,0x03ff,
    0x03ff,0x03ff,0x1082,0x1082,0xbf3f,0xbf3f,0xbf3f,0xbf3f,0xbf3f,0x0000,0x0000,0x0000,0x0000,0x0000,0x0000,0x0000,
    0x0000,0x0000,0x0000,0x0000,0x0000,0x0000,0x0000,0x0000,0xbf3f,0xbf3f,0xbf3f,0xbf3f,0xbf3f,0x1082,0x1082,0x03ff,
    0x03ff,0x03ff,0x03ff,0x03ff,0x03ff,0x03ff,0x03ff,0x03ff,0x03ff,0x1082,0x1082,0x1082,0x1082,0xbf3f,0xbf3f,0xbf3f,
    0xbf3f,0xbf3f,0xbf3f,0xbf3f,0xbf3f,0xbf3f,0xbf3f,0xbf3f,0xbf3f,0xbf3f,0xbf3f,0xbf3f,0xbf3f,0xbf3f,0xbf3f,0xbf3f,
    0xbf3f,0xbf3f,0xbf3f,0xbf3f,0x1082,0x1082,0x1082,0x1082,0x03ff,0x03ff,0x03ff,0x03ff,0x03ff,0x03ff,0x03ff,0x03ff,
    0x03ff,0x03ff,0x1082,0x1082,0xbf3f,0xbf3f,0xbf3f,0xbf3f,0xbf3f,0x0000,0x0000,0x0000,0x0000,0x0000,0x0000,0x0000,
    0x0000,0x0000,0x0000,0x0000,0x0000,0x0000,0x0000,0x0000,0x0000,0x0000,0xbf3f,0x0000,0x0000,0x1082,0x1082,0x1082,
    0x03ff,0x03ff,0x03ff,0x03ff,0x03ff,0x03ff,0x03ff,0x03ff,0x03ff,0x03ff,0x1082,0x1082,0x1082,0xbf3f,0xbf3f,0xbf3f,
    0xbf3f,0xbf3f,0xbf3f,0xbf3f,0xbf3f,0xbf3f,0xbf3f,0xbf3f,0xbf3f,0xbf3f,0xbf3f,0xbf3f,0xbf3f,0xbf3f,0xbf3f,0xbf3f,
    0xbf3f,0xbf3f,0xbf3f,0xbf3f,0x1082,0x1082,0x1082,0x03ff,0x03ff,0x03ff,0x03ff,0x03ff,0x03ff,0x03ff,0x03ff,0x03ff,
    0x03ff,0x1082,0x1082,0x1082,0x0000,0x0000,0xbf3f,0x0000,0x0000,0x0000,0x0000,0x0000,0x0000,0x0000,0x0000,0x0000,
    0x0000,0x0000,0x0000,0x0000,0x0000,0x0000,0x0000,0x0000,0x0000,0x0000,0x0000,0x0000,0x0000,0x0000,0x1082,0x1082,
    0x03ff,0x03ff,0x03ff,0x03ff,0x03ff,0x03ff,0x03ff,0x03ff,0x03ff,0x03ff,0x1082,0x1082,0x1082,0xbf3f,0xbf3f,0xbf3f,
    0xbf3f,0xbf3f,0xbf3f,0xbf3f,0xbf3f,0xbf3f,0xbf3f,0xbf3f,0xbf3f,0xbf3f,0xbf3f,0xbf3f,0xbf3f,0xbf3f,0xbf3f,0xbf3f,
    0xbf3f,0xbf3f,0xbf3f,0xbf3f,0x1082,0x1082,0x1082,0x03ff,0x03ff,0x03ff,0x03ff,0x03ff,0x03ff,0x03ff,0x03ff,0x03ff,
    0x03ff,0x1082,0x1082,0x0000,0x0000,0x0000,0x0000,0x0000,0x0000,0x0000,0x0000,0x0000,0x0000,0x0000,0x0000,0x0000,
    0x0000,0x0000,0x0000,0x0000,0x0000,0x0000,0x0000,0x0000,0x0000,0x0000,0x0000,0x0000,0x0000,0x0000,0x0000,0x1082,
    0x1082,0x03ff,0x03ff,0x03ff,0x03ff,0x03ff,0x03ff,0x03ff,0x03ff,0x03ff,0x1082,0x1082,0x1082,0x1082,0xbf3f,0xbf3f,
    0xbf3f,0xbf3f,0xbf3f,0xbf3f,0xbf3f,0xbf3f,0xbf3f,0xbf3f,0xbf3f,0xbf3f,0xbf3f,0xbf3f,0xbf3f,0xbf3f,0xbf3f,0xbf3f,
    0xbf3f,0xbf3f,0xbf3f,0x1082,0x1082,0x1082,0x1082,0x03ff,0x03ff,0x03ff,0x03ff,0x03ff,0x03ff,0x03ff,0x03ff,0x03ff,
    0x1082,0x1082,0x0000,0x0000,0x0000,0x0000,0x0000,0x0000,0x0000,0x0000,0x0000,0x0000,0x0000,0x0000,0x0000,0x0000,
    0x0000,0x0000,0x0000,0x0000,0x0000,0x0000,0x0000,0x0000,0x0000,0x0000,0x0000,0x0000,0x0000,0x0000,0x0000,0x1082,
    0x1082,0x1082,0x03ff,0x03ff,0x03ff,0x03ff,0x03ff,0x03ff,0x03ff,0x03ff,0x1082,0x1082,0x1082,0x1082,0x1082,0xbf3f,
    0xbf3f,0xbf3f,0xbf3f,0xbf3f,0xbf3f,0xbf3f,0xbf3f,0xbf3f,0xbf3f,0xbf3f,0xbf3f,0xbf3f,0xbf3f,0xbf3f,0xbf3f,0xbf3f,
    0xbf3f,0xbf3f,0x1082,0x1082,0x1082,0x1082,0x1082,0x03ff,0x03ff,0x03ff,0x03ff,0x03ff,0x03ff,0x03ff,0x03ff,0x1082,
    0x1082,0x1082,0x0000,0x0000,0x0000,0x0000,0x0000,0x0000,0x0000,0x0000,0x0000,0x0000,0x0000,0x0000,0x0000,0x0000,
    0x0000,0x0000,0x0000,0x0000,0x0000,0x0000,0x0000,0x0000,0x0000,0x0000,0x0000,0x0000,0x0000,0x0000,0x0000,0x0000,
    0x1082,0x1082,0x1082,0x03ff,0x03ff,0x03ff,0x03ff,0x03ff,0x03ff,0x03ff,0x03ff,0x1082,0x1082,0x1082,0x1082,0x1082,
    0xbf3f,0xbf3f,0xbf3f,0xbf3f,0xbf3f,0xbf3f,0xbf3f,0xbf3f,0xbf3f,0xbf3f,0xbf3f,0xbf3f,0xbf3f,0xbf3f,0xbf3f,0xbf3f,
    0xbf3f,0x1082,0x1082,0x1082,0x1082,0x1082,0x03ff,0x03ff,0x03ff,0x03ff,0x03ff,0x03ff,0x03ff,0x03ff,0x1082,0x1082,
    0x1082,0x0000,0x0000,0x0000,0x0000,0x0000,0x0000,0x0000,0x0000,0x0000,0x0000,0x0000,0x0000,0x0000,0x0000,0x0000,
    0x0000,0x0000,0x0000,0x0000,0x0000,0x0000,0x0000,0x0000,0x0000,0x0000,0x0000,0x0000,0x0000,0x0000,0x0000,0x0000,
    0x0000,0x1082,0x1082,0x03ff,0x03ff,0x03ff,0x03ff,0x03ff,0x03ff,0x03ff,0x03ff,0x03ff,0x1082,0x1082,0x1082,0x1082,
    0x1082,0xbf3f,0xbf3f,0xbf3f,0xbf3f,0xbf3f,0xbf3f,0xbf3f,0xbf3f,0xbf3f,0xbf3f,0xbf3f,0xbf3f,0xbf3f,0xbf3f,0xbf3f,
    0x1082,0x1082,0x1082,0x1082,0x1082,0x03ff,0x03ff,0x03ff,0x03ff,0x03ff,0x03ff,0x03ff,0x03ff,0x03ff,0x1082,0x1082,
    0x0000,0x0000,0x0000,0x0000,0x0000,0x0000,0x0000,0x0000,0x0000,0x0000,0x0000,0x0000,0x0000,0x0000,0x0000,0x0000,
    0x0000,0x0000,0x0000,0x0000,0x0000,0x0000,0x0000,0x0000,0x0000,0x0000,0x0000,0x0000,0x0000,0x0000,0x0000,0x0000,
    0x0000,0x0000,0x1082,0x1082,0x03ff,0x03ff,0x03ff,0x03ff,0x03ff,0x03ff,0x03ff,0x03ff,0x1082,0x1082,0x1082,0x1082,
    0x1082,0x1082,0x1082,0xbf3f,0xbf3f,0xbf3f,0xbf3f,0xbf3f,0xbf3f,0xbf3f,0xbf3f,0xbf3f,0xbf3f,0xbf3f,0x1082,0x1082,
    0x1082,0x1082,0x1082,0x1082,0x1082,0x03ff,0x03ff,0x03ff,0x03ff,0x03ff,0x03ff,0x03ff,0x03ff,0x1082,0x1082,0x0000,
    0x0000,0x0000,0x0000,0x0000,0x0000,0x0000,0x0000,0x0000,0x0000,0x0000,0x0000,0x0000,0x0000,0x0000,0x0000,0x0000,
    0x0000,0x0000,0x0000,0x0000,0x0000,0x0000,0x0000,0x0000,0x0000,0x0000,0x0000,0x0000,0x0000,0x0000,0x0000,0x0000,
    0x0000,0x0000,0x0000,0x1082,0x1082,0x1082,0x03ff,0x03ff,0x03ff,0x03ff,0x03ff,0x03ff,0x03ff,0x1082,0x1082,0x1082,
    0x1082,0x1082,0x1082,0x1082,0x1082,0x1082,0x1082,0x1082,0xbf3f,0x1082,0x1082,0x1082,0x1082,0x1082,0x1082,0x1082,
    0x1082,0x1082,0x1082,0x1082,0x03ff,0x03ff,0x03ff,0x03ff,0x03ff,0x03ff,0x03ff,0x1082,0x1082,0x1082,0x0000,0x0000,
    0x0000,0x0000,0x0000,0x0000,0x0000,0x0000,0x0000,0x0000,0x0000,0x0000,0x0000,0x0000,0x0000,0x0000,0x0000,0x0000,
    0x0000,0x0000,0x0000,0x0000,0x0000,0x0000,0x0000,0x0000,0x0000,0x0000,0x0000,0x0000,0x0000,0x0000,0x0000,0x0000,
    0x0000,0x0000,0x0000,0x0000,0x1082,0x1082,0x1082,0x03ff,0x03ff,0x03ff,0x03ff,0x03ff,0x03ff,0x03ff,0x03ff,0x1082,
    0x1082,0x1082,0x1082,0x1082,0x1082,0x1082,0x1082,0x1082,0x1082,0x1082,0x1082,0x1082,0x1082,0x1082,0x1082,0x1082,
    0x1082,0x1082,0x03ff,0x03ff,0x03ff,0x03ff,0x03ff,0x03ff,0x03ff,0x03ff,0x1082,0x1082,0x1082,0x0000,0x0000,0x0000,
    0x0000,0x0000,0x0000,0x0000,0x0000,0x0000,0x0000,0x0000,0x0000,0x0000,0x0000,0x0000,0x0000,0x0000,0x0000,0x0000,
    0x0000,0x0000,0x0000,0x0000,0x0000,0x0000,0x0000,0x0000,0x0000,0x0000,0x0000,0x0000,0x0000,0x0000,0x0000,0x0000,
    0x0000,0x0000,0x0000,0x1082,0x1082,0x1082,0x1082,0x1082,0x03ff,0x03ff,0x03ff,0x03ff,0x03ff,0x03ff,0x03ff,0x03ff,
    0x1082,0x1082,0x1082,0x1082,0x1082,0x1082,0x1082,0x1082,0x1082,0x1082,0x1082,0x1082,0x1082,0x1082,0x1082,0x1082,
    0x1082,0x03ff,0x03ff,0x03ff,0x03ff,0x03ff,0x03ff,0x03ff,0x03ff,0x1082,0x1082,0x1082,0x1082,0x1082,0x0000,0x0000,
    0x0000,0x0000,0x0000,0x0000,0x0000,0x0000,0x0000,0x0000,0x0000,0x0000,0x0000,0x0000,0x0000,0x0000,0x0000,0x0000,
    0x0000,0x0000,0x0000,0x0000,0x0000,0x0000,0x0000,0x0000,0x0000,0x0000,0x0000,0x0000,0x0000,0x0000,0x0000,0x0000,
    0x0000,0x0000,0x0000,0x1082,0x59c4,0x59c4,0x1082,0x1082,0x1082,0x1082,0x03ff,0x03ff,0x03ff,0x03ff,0x03ff,0x03ff,
    0x03ff,0x03ff,0x03ff,0x1082,0x1082,0x1082,0x1082,0x1082,0x1082,0x1082,0x1082,0x1082,0x1082,0x1082,0x03ff,0x03ff,
    0x03ff,0x03ff,0x03ff,0x03ff,0x03ff,0x03ff,0x03ff,0x1082,0x1082,0x1082,0x1082,0x59c4,0x59c4,0x1082,0x0000,0x0000,
    0x0000,0x0000,0x0000,0x0000,0x0000,0x0000,0x0000,0x0000,0x0000,0x0000,0x0000,0x0000,0x0000,0x0000,0x0000,0x0000,
    0x0000,0x0000,0x0000,0x0000,0x0000,0x0000,0x0000,0x0000,0x0000,0x0000,0x0000,0x0000,0x0000,0x0000,0x0000,0x0000,
    0x0000,0x0000,0x1082,0x1082,0x1082,0x59c4,0x59c4,0x59c4,0x1082,0x1082,0x1082,0x1082,0x03ff,0x03ff,0x03ff,0x03ff,
    0x03ff,0x03ff,0x03ff,0x03ff,0x03ff,0x03ff,0x03ff,0x03ff,0x1082,0x03ff,0x03ff,0x03ff,0x03ff,0x03ff,0x03ff,0x03ff,
    0x03ff,0x03ff,0x03ff,0x03ff,0x03ff,0x1082,0x1082,0x1082,0x1082,0x59c4,0x59c4,0x59c4,0x1082,0x1082,0x1082,0x0000,
    0x0000,0x0000,0x0000,0x0000,0x0000,0x0000,0x0000,0x0000,0x0000,0x0000,0x0000,0x0000,0x0000,0x0000,0x0000,0x0000,
    0x0000,0x0000,0x0000,0x0000,0x0000,0x0000,0x0000,0x0000,0x0000,0x0000,0x0000,0x0000,0x0000,0x0000,0x0000,0x0000,
    0x0000,0x0000,0x0000,0x1082,0x1082,0x59c4,0x59c4,0x59c4,0x59c4,0x1082,0x1082,0x1082,0x1082,0x1082,0x03ff,0x03ff,
    0x03ff,0x03ff,0x03ff,0x03ff,0x03ff,0x03ff,0x03ff,0x03ff,0x03ff,0x03ff,0x03ff,0x03ff,0x03ff,0x03ff,0x03ff,0x03ff,
    0x03ff,0x03ff,0x03ff,0x1082,0x1082,0x1082,0x1082,0x1082,0x59c4,0x59c4,0x59c4,0x59c4,0x1082,0x1082,0x0000,0x0000,
    0x0000,0x0000,0x0000,0x0000,0x0000,0x0000,0x0000,0x0000,0x0000,0x0000,0x0000,0x0000,0x0000,0x0000,0x0000,0x0000,
    0x0000,0x0000,0x0000,0x0000,0x0000,0x0000,0x0000,0x0000,0x0000,0x0000,0x0000,0x0000,0x0000,0x0000,0x0000,0x0000,
    0x0000,0x0000,0x0000,0x1082,0x1082,0x1082,0x1082,0x59c4,0x59c4,0x59c4,0x59c4,0x1082,0x1082,0x1082,0x1082,0x1082,
    0x1082,0x03ff,0x03ff,0x03ff,0x03ff,0x03ff,0x03ff,0x03ff,0x03ff,0x03ff,0x03ff,0x03ff,0x03ff,0x03ff,0x03ff,0x03ff,
    0x1082,0x1082,0x1082,0x1082,0x1082,0x1082,0x59c4,0x59c4,0x59c4,0x59c4,0x1082,0x1082,0x1082,0x1082,0x0000,0x0000,
    0x0000,0x0000,0x0000,0x0000,0x0000,0x0000,0x0000,0x0000,0x0000,0x0000,0x0000,0x0000,0x0000,0x0000,0x0000,0x0000,
    0x0000,0x0000,0x0000,0x0000,0x0000,0x0000,0x0000,0x0000,0x0000,0x0000,0x0000,0x0000,0x0000,0x0000,0x0000,0x0000,
    0x0000,0x0000,0x0000,0x0000,0x1082,0x1082,0x1082,0x1082,0x1082,0x1082,0x1082,0x59c4,0x1082,0x1082,0x1082,0x1082,
    0x1082,0x1082,0x1082,0x1082,0x1082,0x1082,0x1082,0x1082,0x03ff,0x1082,0x1082,0x1082,0x1082,0x1082,0x1082,0x1082,
    0x1082,0x1082,0x1082,0x1082,0x1082,0x59c4,0x1082,0x1082,0x1082,0x1082,0x1082,0x1082,0x1082,0x0000,0x0000,0x0000,
    0x0000,0x0000,0x0000,0x0000,0x0000,0x0000,0x0000,0x0000,0x0000,0x0000,0x0000,0x0000,0x0000,0x0000,0x0000,0x0000,
    0x0000,0x0000,0x0000,0x0000,0x0000,0x0000,0x0000,0x0000,0x0000,0x0000,0x0000,0x0000,0x0000,0x0000,0x0000,0x0000,
    0x0000,0x0000,0x0000,0x0000,0x0000,0x0000,0x1082,0x1082,0x1082,0x1082,0x1082,0x1082,0x1082,0x1082,0x1082,0x1082,
    0x1082,0x1082,0x1082,0x1082,0x1082,0x1082,0x1082,0x1082,0x1082,0x1082,0x1082,0x1082,0x1082,0x1082,0x1082,0x1082,
    0x1082,0x1082,0x1082,0x1082,0x1082,0x1082,0x1082,0x1082,0x1082,0x1082,0x1082,0x0000,0x0000,0x0000,0x0000,0x0000,
    0x0000,0x0000,0x0000,0x0000,0x0000,0x0000,0x0000,0x0000,0x0000,0x0000,0x0000,0x0000,0x0000,0x0000,0x0000,0x0000,
    0x0000,0x0000,0x0000,0x0000,0x0000,0x0000,0x0000,0x0000,0x0000,0x0000,0x0000,0x0000,0x0000,0x0000,0x0000,0x0000,
    0x0000,0x0000,0x0000,0x0000,0x0000,0x0000,0x0000,0x0000,0x0000,0x0000,0x0000,0x1082,0x0000,0x0000,0x0000,0x0000,
    0x0000,0x0000,0x0000,0x0000,0x0000,0x0000,0x0000,0x0000,0x1082,0x0000,0x0000,0x0000,0x0000,0x0000,0x0000,0x0000,
    0x0000,0x0000,0x0000,0x0000,0x0000,0x1082,0x0000,0x0000,0x0000,0x0000,0x0000,0x0000,0x0000,0x0000,0x0000,0x0000,
    0x0000,0x0000,0x0000,0x0000,0x0000,0x0000,0x0000,0x0000,0x0000,0x0000,0x0000,0x0000,0x0000,0x0000,0x0000,0x0000,
    0x0000,0x0000,0x0000,0x0000,0x0000,0x0000,0x0000,0x0000,0x0000,0x0000,0x0000,0x0000,0x0000,0x0000,0x0000,0x0000,
    0x0000,0x0000,0x0000,0x0000,0x0000,0x0000,0x0000,0x0000,0x0000,0x0000,0x0000,0x0000,0x0000,0x0000,0x0000,0x0000,
    0x0000,0x0000,0x0000,0x0000,0x0000,0x0000,0x0000,0x0000,0x0000,0x0000,0x0000,0x0000,0x0000,0x0000,0x0000,0x0000,
    0x0000,0x0000,0x0000,0x0000,0x0000,0x0000,0x0000,0x0000,0x0000,0x0000,0x0000,0x0000,0x0000,0x0000,0x0000,0x0000,
    0x0000,0x0000,0x0000,0x0000,0x0000,0x0000,0x0000,0x0000,0x0000,0x0000,0x0000,0x0000,0x0000,0x0000,0x0000,0x0000,
    0x0000,0x0000,0x0000,0x0000,0x0000,0x0000,0x0000,0x0000,0x0000,0x0000,0x0000,0x0000,0x0000,0x0000,0x0000,0x0000,
    0x0000,0x0000,0x0000,0x0000,0x0000,0x0000,0x0000,0x0000,0x0000,0x0000,0x0000,0x0000,0x0000,0x0000,0x0000,0x0000,
    0x0000,0x0000,0x0000,0x0000,0x0000,0x0000,0x0000,0x0000,0x0000,0x0000,0x0000,0x0000,0x0000,0x0000,0x0000,0x0000,
    0x0000,0x0000,0x0000,0x0000,0x0000,0x0000,0x0000,0x0000,0x0000,0x0000,0x0000,0x0000,0x0000,0x0000,0x0000,0x0000,
    0x0000,0x0000,0x0000,0x0000,0x0000,0x0000,0x0000,0x0000,0x0000,0x0000,0x0000,0x0000,0x0000,0x0000,0x0000,0x0000,
    0x0000,0x0000,0x0000,0x0000,0x0000,0x0000,0x0000,0x0000,0x0000,0x0000,0x0000,0x0000,0x0000,0x0000,0x0000,0x0000,
    0x0000,0x0000,0x0000,0x0000,0x0000,0x0000,0x0000,0x0000,0x0000,0x0000,0x0000,0x0000,0x0000,0x0000,0x0000,0x0000,
    0x0000,0x0000,0x0000,0x0000,0x0000,0x0000,0x0000,0x0000,0x0000,0x0000,0x0000,0x0000,0x0000,0x0000,0x0000,0x0000,
    0x0000,0x0000,0x0000,0x0000,0x0000,0x0000,0x0000,0x0000,0x0000,0x0000,0x0000,0x0000,0x0000,0x0000,0x0000,0x0000,
    0x0000,0x0000,0x0000,0x0000,0x0000,0x0000,0x0000,0x0000,0x0000,0x0000,0x0000,0x0000,0x0000,0x0000,0x0000,0x0000,
    0x0000,0x0000,0x0000,0x0000,0x0000,0x0000,0x0000,0x0000,0x0000,0x0000,0x0000,0x0000,0x0000,0x0000,0x0000,0x0000,
    0x0000,0x0000,0x0000,0x0000,0x0000,0x0000,0x0000,0x0000,0x0000,0x0000,0x0000,0x0000,0x0000,0x0000,0x0000,0x0000,
    0x0000,0x0000,0x0000,0x0000,0x0000,0x0000,0x0000,0x0000,0x0000,0x0000,0x0000,0x0000,0x0000,0x0000,0x0000,0x0000,
    0x0000,0x0000,0x0000,0x0000,0x0000,0x0000,0x0000,0x0000,0x0000,0x0000,0x0000,0x0000,0x0000,0x0000,0x0000,0x0000,
    0x0000,0x0000,0x0000,0x0000,0x0000,0x0000,0x0000,0x0000,0x0000,0x0000,0x0000,0x0000,0x0000,0x0000,0x0000,0x0000,
    0x0000,0x0000,0x0000,0x0000,0x0000,0x0000,0x0000,0x0000,0x0000,0x0000,0x0000,0x0000,0x0000,0x0000,0x0000,0x0000,
    0x0000,0x0000,0x0000,0x0000,0x0000,0x0000,0x0000,0x0000,0x0000,0x0000,0x0000,0x0000,0x0000,0x0000,0x0000,0x0000,
    0x0000,0x0000,0x0000,0x0000,0x0000,0x0000,0x0000,0x0000,0x0000,0x0000,0x0000,0x0000,0x0000,0x0000,0x0000,0x0000,
    0x0000,0x0000,0x0000,0x0000,0x0000,0x0000,0x0000,0x0000,0x0000,0x0000,0x0000,0x0000,0x0000,0x0000,0x0000,0x0000,
    0x0000,0x0000,0x0000,0x0000,0x0000,0x0000,0x0000,0x0000,0x0000,0x0000,0x0000,0x0000,0x0000,0x0000,0x0000,0x0000,
    0x0000,0x0000,0x0000,0x0000,0x0000,0x0000,0x0000,0x0000,0x0000,0x0000,0x0000,0x0000,0x0000,0x0000,0x0000,0x0000,
    0x0000,0x0000,0x0000,0x0000,0x0000,0x0000,0x0000,0x0000,0x0000,0x0000,0x0000,0x0000,0x0000,0x0000,0x0000,0x0000,
    0x0000,0x0000,0x0000,0x0000,0x0000,0x0000,0x0000,0x0000,0x0000,0x0000,0x0000,0x0000,0x0000,0x0000,0x0000,0x0000,
    0x0000,0x0000,0x0000,0x0000,0x0000,0x0000,0x0000,0x0000,0x0000,0x0000,0x0000,0x0000,0x0000,0x0000,0x0000,0x0000,
    0x0000,0x0000,0x0000,0x0000,0x0000,0x0000,0x0000,0x0000,0x0000,0x0000,0x0000,0x0000,0x0000,0x0000,0x0000,0x0000,
    0x0000,0x0000,0x0000,0x0000,0x0000,0x0000,0x0000,0x0000,0x0000,0x0000,0x0000,0x0000,0x0000,0x0000,0x0000,0x0000,
    0x0000,0x0000,0x0000,0x0000,0x0000,0x0000,0x0000,0x0000,0x0000,0x0000,0x0000,0x0000,0x0000,0x0000,0x0000,0x0000,
    0x0000,0x0000,0x0000,0x0000,0x0000,0x0000,0x0000,0x0000,0x0000,0x0000,0x0000,0x0000,0x0000,0x0000,0x0000,0x0000,
    0x0000,0x0000,0x0000,0x0000,0x0000,0x0000,0x0000,0x0000,0x0000,0x0000,0x0000,0x0000,0x0000,0x0000,0x0000,0x0000,
    0x0000,0x0000,0x0000,0x0000,0x0000,0x0000,0x0000,0x0000,0x0000,0x0000,0x0000,0x0000,0x0000,0x0000,0x0000,0x0000,
  },
  // sleepy frame 2
  {
    0x0000,0x0000,0x0000,0x0000,0x0000,0x0000,0x0000,0x0000,0x0000,0x0000,0x0000,0x0000,0x0000,0x0000,0x0000,0x0000,
    0x0000,0x0000,0x0000,0x0000,0x0000,0x0000,0x0000,0x0000,0x0000,0x0000,0x0000,0x0000,0x0000,0x0000,0x0000,0x0000,
    0x0000,0x0000,0x0000,0x0000,0x0000,0x0000,0x0000,0x0000,0x0000,0x0000,0x0000,0x0000,0x0000,0x0000,0x0000,0x0000,
    0x0000,0x0000,0x0000,0x0000,0x0000,0x0000,0x0000,0x0000,0x0000,0x0000,0x0000,0x0000,0x0000,0x0000,0x0000,0x0000,
    0x0000,0x0000,0x0000,0x0000,0x0000,0x0000,0x0000,0x0000,0x0000,0x0000,0x0000,0x0000,0x0000,0x0000,0x0000,0x0000,
    0x0000,0x0000,0x0000,0x0000,0x0000,0x0000,0x0000,0x0000,0x0000,0x0000,0x0000,0x0000,0x0000,0x0000,0x0000,0x0000,
    0x0000,0x0000,0x0000,0x0000,0x0000,0x0000,0x0000,0x0000,0x0000,0x0000,0x0000,0x0000,0x0000,0x0000,0x0000,0x0000,
    0x0000,0x0000,0x0000,0x0000,0x0000,0x0000,0x0000,0x0000,0x0000,0x0000,0x0000,0x0000,0x0000,0x0000,0x0000,0x0000,
    0x0000,0x0000,0x0000,0x0000,0x0000,0x0000,0x0000,0x0000,0x0000,0x0000,0x0000,0x0000,0x0000,0x0000,0x0000,0x0000,
    0x0000,0x0000,0x0000,0x0000,0x0000,0x0000,0x0000,0x0000,0x0000,0x0000,0x0000,0x0000,0x0000,0x0000,0x0000,0x0000,
    0x0000,0x0000,0x0000,0x0000,0x0000,0x0000,0x0000,0x0000,0x0000,0x0000,0x0000,0x0000,0x0000,0x0000,0x0000,0x0000,
    0x0000,0x0000,0x0000,0x0000,0x0000,0x0000,0x0000,0x0000,0x0000,0x0000,0x0000,0x0000,0x0000,0x0000,0x0000,0x0000,
    0x0000,0x0000,0x0000,0x0000,0x0000,0x0000,0x0000,0x0000,0x0000,0x0000,0x0000,0x0000,0x0000,0x0000,0x0000,0x0000,
    0x0000,0x0000,0x0000,0x0000,0x0000,0x0000,0x0000,0x0000,0x0000,0x0000,0x0000,0x0000,0x0000,0x0000,0x0000,0x0000,
    0x0000,0x0000,0x0000,0x0000,0x0000,0x0000,0x0000,0x0000,0x0000,0x0000,0x0000,0x0000,0x0000,0x0000,0x0000,0x0000,
    0x0000,0x0000,0x0000,0x0000,0x0000,0x0000,0x0000,0x0000,0x0000,0x0000,0x0000,0x0000,0x0000,0x0000,0x0000,0x0000,
    0x0000,0x0000,0x0000,0x0000,0x0000,0x0000,0x0000,0x0000,0x0000,0x0000,0x0000,0x0000,0x0000,0x0000,0x0000,0x0000,
    0x0000,0x0000,0x0000,0x0000,0x0000,0x0000,0x0000,0x0000,0x0000,0x0000,0x0000,0x0000,0x0000,0x0000,0x0000,0x0000,
    0x0000,0x0000,0x0000,0x0000,0x0000,0x0000,0x0000,0x0000,0x0000,0x0000,0x0000,0x0000,0x0000,0x0000,0x0000,0x0000,
    0x0000,0x0000,0x0000,0x0000,0x0000,0x0000,0x0000,0x0000,0x0000,0x0000,0x0000,0x0000,0x0000,0x0000,0x0000,0x0000,
    0x0000,0x0000,0x0000,0x0000,0x0000,0x0000,0x0000,0x0000,0x0000,0x0000,0x0000,0x0000,0x0000,0x0000,0x0000,0x0000,
    0x0000,0x0000,0x0000,0x0000,0x0000,0x0000,0x0000,0x0000,0x0000,0x0000,0x0000,0x0000,0x0000,0x0000,0x0000,0x0000,
    0x0000,0x0000,0x0000,0x0000,0x0000,0x0000,0x0000,0x0000,0x0000,0x0000,0x0000,0x0000,0x0000,0x0000,0x0000,0x0000,
    0x0000,0x0000,0x0000,0x0000,0x0000,0x0000,0x0000,0x0000,0x0000,0x0000,0x0000,0x0000,0x0000,0x0000,0x0000,0x0000,
    0x0000,0x0000,0x0000,0x0000,0x0000,0x0000,0x0000,0x0000,0x0000,0x0000,0x0000,0x0000,0x0000,0x0000,0x0000,0x0000,
    0x0000,0x0000,0x0000,0x0000,0x0000,0x0000,0x0000,0x0000,0x0000,0x0000,0x0000,0x0000,0x0000,0x0000,0x0000,0x0000,
    0x0000,0x0000,0x0000,0x0000,0x0000,0x0000,0x0000,0x0000,0x0000,0x0000,0x0000,0x0000,0x0000,0x0000,0x0000,0x0000,
    0x0000,0x0000,0x0000,0x0000,0x0000,0x0000,0x0000,0x0000,0x0000,0x0000,0x0000,0x0000,0x0000,0x0000,0x0000,0x0000,
    0x0000,0x0000,0x0000,0x0000,0x0000,0x0000,0x0000,0x0000,0x0000,0x0000,0x0000,0x0000,0x0000,0x0000,0x0000,0x0000,
    0x0000,0x0000,0x0000,0x0000,0x0000,0x0000,0x0000,0x0000,0x0000,0x0000,0x0000,0x0000,0x0000,0x0000,0x0000,0x0000,
    0x0000,0x0000,0x0000,0x0000,0x0000,0x0000,0x0000,0x0000,0x0000,0x0000,0x0000,0x0000,0x0000,0x0000,0x0000,0x0000,
    0x0000,0x0000,0x0000,0x0000,0x0000,0x0000,0x0000,0x0000,0x0000,0x0000,0x0000,0x0000,0x0000,0x0000,0x0000,0x0000,
    0x0000,0x0000,0x0000,0x0000,0x0000,0x0000,0x0000,0x1082,0x1082,0x1082,0x0000,0x0000,0x0000,0x0000,0x0000,0x0000,
    0x0000,0x0000,0x0000,0x0000,0x0000,0x0000,0x0000,0x0000,0x0000,0x0000,0x0000,0x0000,0x0000,0x0000,0x0000,0x0000,
    0x0000,0x0000,0x0000,0x0000,0x0000,0x0000,0x0000,0x0000,0x0000,0x0000,0x0000,0x0000,0x0000,0x0000,0x0000,0x0000,
    0x0000,0x0000,0x0000,0x0000,0x0000,0x0000,0x0000,0x0000,0x0000,0x0000,0x0000,0x0000,0x0000,0x0000,0x0000,0x0000,
    0x0000,0x0000,0x0000,0x0000,0x0000,0x0000,0x0000,0x0000,0x0000,0x0000,0x0000,0x0000,0x0000,0x0000,0x0000,0x0000,
    0x0000,0x0000,0x0000,0x0000,0x0000,0x0000,0x0000,0xbf3f,0xbf3f,0xbf3f,0x0000,0x0000,0x0000,0x0000,0x0000,0x0000,
    0x0000,0x0000,0x0000,0x0000,0x0000,0x0000,0x0000,0x0000,0x0000,0x0000,0x0000,0x0000,0x0000,0x0000,0x0000,0x0000,
    0x0000,0x0000,0x0000,0x0000,0x0000,0x0000,0x0000,0x0000,0x0000,0x0000,0x0000,0x0000,0x0000,0x0000,0x0000,0x0000,
    0x0000,0x0000,0x0000,0x0000,0x0000,0x0000,0x0000,0x0000,0x0000,0x0000,0x0000,0x0000,0x0000,0x0000,0x0000,0x0000,
    0x0000,0x0000,0x0000,0x0000,0x0000,0x0000,0x0000,0x0000,0x0000,0x0000,0x0000,0x0000,0x0000,0x0000,0x0000,0x0000,
    0x0000,0x0000,0x0000,0x0000,0x0000,0x0000,0x1082,0xbf3f,0xbf3f,0xbf3f,0x1082,0x0000,0x0000,0x0000,0x0000,0x0000,
    0x0000,0x0000,0x0000,0x0000,0x0000,0x0000,0x0000,0x0000,0x0000,0x0000,0x0000,0x0000,0x0000,0x0000,0x0000,0x0000,
    0x0000,0x0000,0x0000,0x0000,0x0000,0x0000,0x0000,0x0000,0x0000,0x0000,0x0000,0x0000,0x0000,0x0000,0x0000,0x0000,
    0x0000,0x0000,0x0000,0x0000,0x0000,0x0000,0x0000,0x0000,0x0000,0x0000,0x0000,0x0000,0x0000,0x0000,0x0000,0x0000,
    0x0000,0x0000,0x0000,0x0000,0x0000,0x0000,0x0000,0x0000,0x0000,0x0000,0x0000,0x0000,0x0000,0x0000,0x0000,0x0000,
    0x0000,0x0000,0x0000,0x0000,0x0000,0x0000,0x1082,0xbf3f,0xbf3f,0xbf3f,0x1082,0x0000,0x0000,0x0000,0x0000,0x0000,
    0x0000,0x0000,0x0000,0x0000,0x0000,0x0000,0x0000,0x0000,0x0000,0x0000,0x0000,0x0000,0x0000,0x0000,0x0000,0x0000,
    0x0000,0x0000,0x0000,0x0000,0x0000,0x0000,0x0000,0x0000,0x0000,0x0000,0x0000,0x0000,0x0000,0x0000,0x0000,0x0000,
    0x0000,0x0000,0x0000,0x0000,0x0000,0x0000,0x0000,0x0000,0x0000,0x0000,0x0000,0x0000,0x0000,0x0000,0x0000,0x0000,
    0x0000,0x0000,0x0000,0x0000,0x0000,0x0000,0x0000,0x0000,0x0000,0x0000,0x0000,0x0000,0x0000,0x0000,0x0000,0x0000,
    0x0000,0x1082,0x1082,0x1082,0x1082,0x1082,0xbf3f,0xbf3f,0xbf3f,0xbf3f,0xbf3f,0x1082,0x1082,0x1082,0x1082,0x1082,
    0x0000,0x0000,0x0000,0x0000,0x0000,0x0000,0x0000,0x0000,0x0000,0x0000,0x0000,0x0000,0x0000,0x0000,0x0000,0x0000,
    0x0000,0x0000,0x0000,0x0000,0x0000,0x0000,0x0000,0x0000,0x0000,0x0000,0x0000,0x0000,0x0000,0x0000,0x0000,0x0000,
    0x0000,0x0000,0x0000,0x0000,0x0000,0x0000,0x0000,0x0000,0x0000,0x0000,0x0000,0x0000,0x0000,0x0000,0x0000,0x0000,
    0x0000,0x0000,0x0000,0x0000,0x0000,0x0000,0x0000,0x0000,0x0000,0x0000,0x0000,0x0000,0x0000,0x0000,0x1082,0x1082,
    0x1082,0x1082,0x1082,0x1082,0x1082,0x1082,0xbf3f,0xbf3f,0xbf3f,0xbf3f,0xbf3f,0x1082,0x1082,0x1082,0x1082,0x1082,
    0x1082,0x1082,0x1082,0x0000,0x0000,0x0000,0x0000,0x0000,0x0000,0x0000,0x0000,0x0000,0x0000,0x0000,0x0000,0x0000,
    0x0000,0x0000,0x0000,0x0000,0x0000,0x0000,0x0000,0x0000,0x0000,0x0000,0x0000,0x0000,0x0000,0x0000,0x0000,0x0000,
    0x0000,0x0000,0x0000,0x0000,0x0000,0x0000,0x0000,0x0000,0x0000,0x0000,0x0000,0x0000,0x0000,0x0000,0x0000,0x0000,
    0x0000,0x0000,0x0000,0x0000,0x0000,0x0000,0x0000,0x0000,0x0000,0x0000,0x0000,0x1082,0x1082,0x1082,0x1082,0x1082,
    0x1082,0x03ff,0x03ff,0x03ff,0x03ff,0x1082,0xbf3f,0xbf3f,0xbf3f,0xbf3f,0xbf3f,0x1082,0x03ff,0x03ff,0x03ff,0x03ff,
    0x1082,0x1082,0x1082,0x1082,0x1082,0x1082,0x0000,0x0000,0x0000,0x0000,0x0000,0x0000,0x0000,0x0000,0x0000,0x0000,
    0x0000,0x0000,0x0000,0x0000,0x0000,0x0000,0x0000,0x0000,0x0000,0x0000,0x0000,0x0000,0x0000,0x0000,0x0000,0x0000,
    0x0000,0x0000,0x0000,0x0000,0x0000,0x0000,0x0000,0x0000,0x0000,0x0000,0x0000,0x0000,0x0000,0x0000,0x0000,0x0000,
    0x0000,0x0000,0x0000,0x0000,0x0000,0x0000,0x0000,0x0000,0x0000,0x1082,0x1082,0x1082,0x1082,0x1082,0x03ff,0x03ff,
    0x03ff,0x03ff,0x03ff,0x03ff,0x03ff,0x1082,0xbf3f,0xbf3f,0xbf3f,0xbf3f,0xbf3f,0x1082,0x03ff,0x03ff,0x03ff,0x03ff,
    0x03ff,0x03ff,0x03ff,0x1082,0x1082,0x1082,0x1082,0x1082,0x0000,0x0000,0x0000,0x0000,0x0000,0x0000,0x0000,0x0000,
    0x0000,0x0000,0x0000,0x0000,0x0000,0x0000,0x0000,0x0000,0x0000,0x0000,0x0000,0x0000,0x0000,0x0000,0x0000,0x0000,
    0x0000,0x0000,0x0000,0x0000,0x0000,0x0000,0x0000,0x0000,0x0000,0x0000,0x0000,0x0000,0x0000,0x0000,0x0000,0x0000,
    0x0000,0x0000,0x0000,0x0000,0x0000,0x0000,0x0000,0x0000,0x1082,0x1082,0x1082,0x1082,0x03ff,0x03ff,0x03ff,0x03ff,
    0x03ff,0x03ff,0x03ff,0x03ff,0x03ff,0x1082,0xbf3f,0xbf3f,0xbf3f,0xbf3f,0xbf3f,0x1082,0x03ff,0x03ff,0x03ff,0x03ff,
    0x03ff,0x03ff,0x03ff,0x03ff,0x03ff,0x1082,0x1082,0x1082,0x1082,0x0000,0x0000,0x0000,0x0000,0x0000,0x0000,0x0000,
    0x0000,0x0000,0x0000,0x0000,0xffff,0xffff,0xffff,0xffff,0xffff,0x0000,0x0000,0x0000,0x0000,0x0000,0x0000,0x0000,
    0x0000,0x0000,0x0000,0x0000,0x0000,0x0000,0x0000,0x0000,0x0000,0x0000,0x0000,0x0000,0x0000,0x0000,0x0000,0x0000,
    0x0000,0x0000,0x0000,0x0000,0x0000,0x0000,0x1082,0x1082,0x1082,0x1082,0x03ff,0x03ff,0x03ff,0x03ff,0x03ff,0x03ff,
    0x03ff,0x03ff,0x03ff,0x03ff,0x03ff,0x1082,0x1082,0x1082,0x03ff,0x1082,0x1082,0x1082,0x03ff,0x03ff,0x03ff,0x03ff,
    0x03ff,0x03ff,0x03ff,0x03ff,0x03ff,0x03ff,0x03ff,0x1082,0x1082,0x1082,0x1082,0x0000,0x0000,0x0000,0x0000,0x0000,
    0x0000,0x0000,0x0000,0x0000,0x0000,0x0000,0x0000,0xffff,0x0000,0x0000,0x0000,0x0000,0x0000,0x0000,0x0000,0x0000,
    0x0000,0x0000,0x0000,0x0000,0x0000,0x0000,0x0000,0x0000,0x0000,0x0000,0x0000,0x0000,0x0000,0x0000,0x0000,0x0000,
    0x0000,0x0000,0x0000,0x0000,0x0000,0x1082,0x1082,0x1082,0x1082,0x1082,0x1082,0x1082,0x1082,0x03ff,0x03ff,0x03ff,
    0x03ff,0x03ff,0x03ff,0x03ff,0x03ff,0x03ff,0x03ff,0x03ff,0x03ff,0x03ff,0x03ff,0x03ff,0x03ff,0x03ff,0x03ff,0x03ff,
    0x03ff,0x03ff,0x03ff,0x03ff,0x1082,0x1082,0x1082,0x1082,0x1082,0x1082,0x1082,0x1082,0x0000,0x0000,0x0000,0x0000,
    0x0000,0x0000,0x0000,0x0000,0x0000,0x0000,0xffff,0x0000,0x0000,0x0000,0x0000,0x0000,0x0000,0x0000,0x0000,0x0000,
    0x0000,0x0000,0x0000,0x0000,0x0000,0x0000,0x0000,0x0000,0x0000,0x0000,0x0000,0x0000,0x0000,0x0000,0x0000,0x0000,
    0x0000,0x0000,0x0000,0x0000,0x1082,0x1082,0x1082,0x1082,0x1082,0x1082,0x1082,0x1082,0x1082,0x1082,0x03ff,0x03ff,
    0x03ff,0x03ff,0x03ff,0x03ff,0x03ff,0x03ff,0x03ff,0x03ff,0x03ff,0x03ff,0x03ff,0x03ff,0x03ff,0x03ff,0x03ff,0x03ff,
    0x03ff,0x03ff,0x03ff,0x1082,0x1082,0x1082,0x1082,0x1082,0x1082,0x1082,0x1082,0x1082,0x1082,0x0000,0x0000,0x0000,
    0x0000,0x0000,0x0000,0x0000,0x0000,0xffff,0x0000,0x0000,0x0000,0x0000,0x0000,0x0000,0x0000,0x0000,0x0000,0x0000,
    0x0000,0x0000,0x0000,0x0000,0x0000,0x0000,0x0000,0x0000,0x0000,0x0000,0x0000,0x0000,0x0000,0x0000,0x0000,0x0000,
    0x0000,0x0000,0x0000,0x1082,0x1082,0x1082,0x1082,0x1082,0x1082,0xbf3f,0x1082,0x1082,0x1082,0x1082,0x1082,0x03ff,
    0x03ff,0x03ff,0x03ff,0x03ff,0x03ff,0x03ff,0x03ff,0x03ff,0x03ff,0x03ff,0x03ff,0x03ff,0x03ff,0x03ff,0x03ff,0x03ff,
    0x03ff,0x03ff,0x1082,0x1082,0x1082,0x1082,0x1082,0xbf3f,0x1082,0x1082,0x1082,0x1082,0x1082,0x1082,0x0000,0x0000,
    0x0000,0x0000,0x0000,0x0000,0xffff,0xffff,0xffff,0xffff,0xffff,0x0000,0x0000,0x0000,0x0000,0x0000,0x0000,0x0000,
    0x0000,0x0000,0x0000,0x0000,0x0000,0x0000,0x0000,0x0000,0x0000,0x0000,0x0000,0x0000,0x0000,0x0000,0x0000,0x0000,
    0x0000,0x0000,0x1082,0x1082,0x1082,0x1082,0x1082,0xbf3f,0xbf3f,0xbf3f,0xbf3f,0xbf3f,0x1082,0x1082,0x1082,0x1082,
    0x03ff,0x03ff,0x03ff,0x03ff,0x03ff,0x03ff,0x03ff,0x03ff,0x03ff,0x03ff,0x03ff,0x03ff,0x03ff,0x03ff,0x03ff,0x03ff,
    0x03ff,0x1082,0x1082,0x1082,0x1082,0xbf3f,0xbf3f,0xbf3f,0xbf3f,0xbf3f,0x1082,0x1082,0x1082,0x1082,0x1082,0x0000,
    0x0000,0x0000,0x0000,0x0000,0x0000,0x0000,0x0000,0x0000,0x0000,0x0000,0x0000,0x0000,0x0000,0x0000,0x0000,0x0000,
    0x0000,0x0000,0x0000,0x0000,0x0000,0x0000,0x0000,0x0000,0x0000,0x0000,0x0000,0x0000,0x0000,0x0000,0x0000,0x0000,
    0x0000,0x1082,0x1082,0x1082,0x1082,0x1082,0xbf3f,0xbf3f,0xbf3f,0xbf3f,0xbf3f,0xbf3f,0xbf3f,0x1082,0x1082,0x1082,
    0x03ff,0x03ff,0x03ff,0x03ff,0x03ff,0x03ff,0x03ff,0x03ff,0x03ff,0x03ff,0x03ff,0x03ff,0x03ff,0x03ff,0x03ff,0x03ff,
    0x03ff,0x1082,0x1082,0x1082,0xbf3f,0xbf3f,0xbf3f,0xbf3f,0xbf3f,0xbf3f,0xbf3f,0x1082,0x1082,0x1082,0x1082,0x1082,
    0x0000,0x0000,0x0000,0x0000,0x0000,0x0000,0x0000,0x0000,0x0000,0x0000,0x0000,0x0000,0x0000,0x0000,0x0000,0x0000,
    0x0000,0x0000,0x0000,0x0000,0x0000,0x0000,0x0000,0x0000,0x0000,0x0000,0x0000,0x0000,0x0000,0x0000,0x0000,0x0000,
    0x1082,0x1082,0x1082,0x1082,0x1082,0x1082,0xbf3f,0xbf3f,0xbf3f,0xbf3f,0xbf3f,0xbf3f,0xbf3f,0x1082,0x1082,0x1082,
    0x03ff,0x03ff,0x03ff,0x03ff,0x03ff,0x03ff,0x03ff,0x03ff,0x03ff,0x03ff,0x03ff,0x03ff,0x03ff,0x03ff,0x03ff,0x03ff,
    0x03ff,0x1082,0x1082,0x1082,0xbf3f,0xbf3f,0xbf3f,0xbf3f,0xbf3f,0xbf3f,0xbf3f,0x1082,0x1082,0x1082,0x1082,0x1082,
    0x1082,0x0000,0x0000,0x0000,0x0000,0x0000,0x0000,0x0000,0x0000,0x0000,0x0000,0x0000,0x0000,0x0000,0x0000,0x0000,
    0x0000,0x0000,0x0000,0x0000,0x0000,0x0000,0x0000,0x0000,0x0000,0x0000,0x0000,0x0000,0x0000,0x0000,0x0000,0x1082,
    0x1082,0x1082,0x1082,0x1082,0x1082,0xbf3f,0xbf3f,0xbf3f,0xbf3f,0xbf3f,0xbf3f,0xbf3f,0xbf3f,0xbf3f,0x1082,0x1082,
    0x1082,0x03ff,0x03ff,0x03ff,0x03ff,0x03ff,0x03ff,0x03ff,0x03ff,0x03ff,0x03ff,0x03ff,0x03ff,0x03ff,0x03ff,0x03ff,
    0x1082,0x1082,0x1082,0xbf3f,0xbf3f,0xbf3f,0xbf3f,0xbf3f,0xbf3f,0xbf3f,0xbf3f,0xbf3f,0x1082,0x1082,0xffff,0xffff,
    0xffff,0xffff,0xffff,0xffff,0x0000,0x0000,0x0000,0x0000,0x0000,0x0000,0x0000,0x0000,0x0000,0x0000,0x0000,0x0000,
    0x0000,0x0000,0x0000,0x0000,0x0000,0x0000,0x0000,0x0000,0x0000,0x0000,0x0000,0x0000,0x0000,0x0000,0x0000,0x1082,
    0x1082,0x03ff,0x03ff,0x1082,0x1082,0x1082,0xbf3f,0xbf3f,0xbf3f,0xbf3f,0xbf3f,0xbf3f,0xbf3f,0x1082,0x1082,0x1082,
    0x03ff,0x03ff,0x03ff,0x03ff,0x03ff,0x03ff,0x03ff,0x03ff,0x03ff,0x03ff,0x03ff,0x03ff,0x03ff,0x03ff,0x03ff,0x03ff,
    0x03ff,0x1082,0x1082,0x1082,0xbf3f,0xbf3f,0xbf3f,0xbf3f,0xbf3f,0xbf3f,0xbf3f,0x1082,0x1082,0x1082,0x03ff,0x03ff,
    0x1082,0x1082,0xffff,0x0000,0x0000,0x0000,0x0000,0x0000,0x0000,0x0000,0x0000,0x0000,0x0000,0x0000,0x0000,0x0000,
    0x0000,0x0000,0x0000,0x0000,0x0000,0x0000,0x0000,0x0000,0x0000,0x0000,0x0000,0x0000,0x0000,0x0000,0x1082,0x1082,
    0x03ff,0x03ff,0x03ff,0x1082,0x1082,0x1082,0xbf3f,0xbf3f,0xbf3f,0xbf3f,0xbf3f,0xbf3f,0xbf3f,0x1082,0x1082,0x1082,
    0x03ff,0x03ff,0x03ff,0x03ff,0x03ff,0x03ff,0x03ff,0x03ff,0x03ff,0x03ff,0x03ff,0x03ff,0x03ff,0x03ff,0x03ff,0x03ff,
    0x03ff,0x1082,0x1082,0x1082,0xbf3f,0xbf3f,0xbf3f,0xbf3f,0xbf3f,0xbf3f,0xbf3f,0x1082,0x1082,0x1082,0x03ff,0x03ff,
    0x03ff,0xffff,0x1082,0x0000,0x0000,0x0000,0x0000,0x0000,0x0000,0x0000,0x0000,0x0000,0x0000,0x0000,0x0000,0x0000,
    0x0000,0x0000,0x0000,0x0000,0x0000,0x0000,0x0000,0x0000,0x0000,0x0000,0x0000,0x0000,0x0000,0x1082,0x1082,0x1082,
    0x03ff,0x03ff,0x03ff,0x1082,0x1082,0x1082,0x1082,0xbf3f,0xbf3f,0xbf3f,0xbf3f,0xbf3f,0x1082,0x1082,0x1082,0x1082,
    0x03ff,0x03ff,0x03ff,0x03ff,0x03ff,0x03ff,0x03ff,0x03ff,0x03ff,0x03ff,0x03ff,0x03ff,0x03ff,0x03ff,0x03ff,0x03ff,
    0x03ff,0x1082,0x1082,0x1082,0x1082,0xbf3f,0xbf3f,0xbf3f,0xbf3f,0xbf3f,0x1082,0x1082,0x1082,0x1082,0x03ff,0x03ff,
    0xffff,0x1082,0x1082,0x1082,0x0000,0x0000,0x0000,0x0000,0x0000,0x0000,0x0000,0x0000,0x0000,0x0000,0x0000,0x0000,
    0x0000,0x0000,0x0000,0x0000,0x0000,0x0000,0x0000,0x0000,0x0000,0x0000,0x0000,0x0000,0x0000,0x1082,0x1082,0x03ff,
    0x03ff,0x03ff,0x03ff,0x03ff,0x1082,0x1082,0x1082,0x1082,0x1082,0xbf3f,0x1082,0x1082,0x1082,0x1082,0x1082,0x03ff,
    0x03ff,0x03ff,0x03ff,0x03ff,0x03ff,0x03ff,0x03ff,0x03ff,0x03ff,0x03ff,0x03ff,0x03ff,0x03ff,0x03ff,0x03ff,0x03ff,
    0x03ff,0x03ff,0x1082,0x1082,0x1082,0x1082,0x1082,0xbf3f,0x1082,0x1082,0x1082,0x1082,0x1082,0x03ff,0x03ff,0xffff,
    0x03ff,0x03ff,0x1082,0x1082,0x0000,0x0000,0x0000,0x0000,0x0000,0x0000,0x0000,0x0000,0x0000,0x0000,0x0000,0x0000,
    0x0000,0x0000,0x0000,0x0000,0x0000,0x0000,0x0000,0x0000,0x0000,0x0000,0x0000,0x0000,0x1082,0x1082,0x1082,0x03ff,
    0x03ff,0x03ff,0x03ff,0x03ff,0x03ff,0x1082,0x1082,0x1082,0x1082,0x1082,0x1082,0x1082,0x1082,0x1082,0x03ff,0x03ff,
    0x03ff,0x03ff,0x03ff,0x03ff,0x03ff,0x03ff,0x03ff,0x03ff,0x03ff,0x03ff,0x03ff,0x03ff,0x03ff,0x03ff,0x03ff,0x03ff,
    0x03ff,0x03ff,0x03ff,0x1082,0x1082,0x1082,0x1082,0x1082,0x1082,0x1082,0x1082,0x1082,0x03ff,0x03ff,0xffff,0xffff,
    0xffff,0xffff,0xffff,0xffff,0x1082,0x0000,0x0000,0x0000,0x0000,0x0000,0x0000,0x0000,0x0000,0x0000,0x0000,0x0000,
    0x0000,0x0000,0x0000,0x0000,0x0000,0x0000,0x0000,0x0000,0x0000,0x0000,0x0000,0x0000,0x1082,0x1082,0x03ff,0x03ff,
    0x03ff,0x03ff,0x03ff,0x03ff,0x03ff,0x03ff,0x1082,0x1082,0x1082,0x1082,0x1082,0x1082,0x1082,0x03ff,0x03ff,0x03ff,
    0x03ff,0x03ff,0x03ff,0x03ff,0x03ff,0x03ff,0x03ff,0x03ff,0x03ff,0x03ff,0x03ff,0x03ff,0x03ff,0x03ff,0x03ff,0x03ff,
    0x03ff,0x03ff,0x03ff,0x03ff,0x1082,0x1082,0x1082,0x1082,0x1082,0x1082,0x1082,0x03ff,0x03ff,0x03ff,0x03ff,0x03ff,
    0x03ff,0x03ff,0x03ff,0x1082,0x1082,0x0000,0x0000,0x0000,0x0000,0x0000,0x0000,0x0000,0x0000,0x0000,0x0000,0x0000,
    0x0000,0x0000,0x0000,0x0000,0x0000,0x0000,0x0000,0x0000,0x0000,0x0000,0x0000,0x0000,0x1082,0x1082,0x03ff,0x03ff,
    0x03ff,0x03ff,0x03ff,0x03ff,0x03ff,0x03ff,0x03ff,0x03ff,0x03ff,0x1082,0x03ff,0x03ff,0x03ff,0x03ff,0x03ff,0x03ff,
    0x03ff,0x03ff,0x03ff,0x03ff,0x03ff,0x03ff,0x03ff,0x03ff,0x03ff,0x03ff,0x03ff,0x03ff,0x03ff,0x03ff,0x03ff,0x03ff,
    0x03ff,0x03ff,0x03ff,0x03ff,0x03ff,0x03ff,0x03ff,0x1082,0x03ff,0x03ff,0x03ff,0x03ff,0x03ff,0x03ff,0x03ff,0x03ff,
    0x03ff,0x03ff,0x03ff,0x1082,0x1082,0x0000,0x0000,0x0000,0x0000,0x0000,0x0000,0x0000,0x0000,0x0000,0x0000,0x0000,
    0x0000,0x0000,0x0000,0x0000,0x0000,0x0000,0x0000,0x0000,0x0000,0x0000,0x0000,0x1082,0x1082,0x03ff,0x03ff,0x03ff,
    0x03ff,0x03ff,0x03ff,0x03ff,0x03ff,0x03ff,0x03ff,0x03ff,0x03ff,0x03ff,0x03ff,0x03ff,0x03ff,0x03ff,0x03ff,0x03ff,
    0x03ff,0x03ff,0x03ff,0x03ff,0x03ff,0x03ff,0x03ff,0x03ff,0x03ff,0x03ff,0x03ff,0x03ff,0x03ff,0x03ff,0x03ff,0x03ff,
    0x03ff,0x03ff,0x03ff,0x03ff,0x03ff,0x03ff,0x03ff,0x03ff,0x03ff,0x03ff,0x03ff,0x03ff,0x03ff,0x03ff,0x03ff,0x03ff,
    0x03ff,0x03ff,0x03ff,0x03ff,0x1082,0x1082,0x0000,0x0000,0x0000,0x0000,0x0000,0x0000,0x0000,0x0000,0x0000,0x0000,
    0x0000,0x0000,0x0000,0x0000,0x0000,0x0000,0x0000,0x0000,0x0000,0x0000,0x0000,0x1082,0x1082,0x03ff,0x03ff,0x03ff,
    0x03ff,0x03ff,0x03ff,0x03ff,0x03ff,0x03ff,0x03ff,0x03ff,0x03ff,0x03ff,0x03ff,0x03ff,0x03ff,0x03ff,0x03ff,0x03ff,
    0x03ff,0x0000,0x0000,0x0000,0x03ff,0x03ff,0x03ff,0x03ff,0x03ff,0x03ff,0x03ff,0x03ff,0x03ff,0x0000,0x0000,0x0000,
    0x03ff,0x03ff,0x03ff,0x03ff,0x03ff,0x03ff,0x03ff,0x03ff,0x03ff,0x03ff,0x03ff,0x03ff,0x03ff,0x03ff,0x03ff,0x03ff,
    0x03ff,0x03ff,0x03ff,0x03ff,0x1082,0x1082,0x0000,0x0000,0x0000,0x0000,0x0000,0x0000,0x0000,0x0000,0x0000,0x0000,
    0x0000,0x0000,0x0000,0x0000,0x0000,0x0000,0x0000,0x0000,0x0000,0x0000,0x0000,0x1082,0x1082,0x03ff,0x03ff,0x03ff,
    0x03ff,0x03ff,0x03ff,0x03ff,0x03ff,0x03ff,0x03ff,0x03ff,0x03ff,0x03ff,0x03ff,0x03ff,0x03ff,0x03ff,0x03ff,0x03ff,
    0x0000,0x0000,0x0000,0x0000,0x03ff,0x03ff,0x03ff,0x03ff,0x03ff,0x03ff,0x03ff,0x03ff,0x03ff,0x0000,0x0000,0x0000,
    0x0000,0x03ff,0x03ff,0x03ff,0x03ff,0x03ff,0x03ff,0x03ff,0x03ff,0x03ff,0x03ff,0x03ff,0x03ff,0x03ff,0x03ff,0x03ff,
    0x03ff,0x03ff,0x03ff,0x03ff,0x1082,0x1082,0x0000,0x0000,0x0000,0x0000,0x0000,0x0000,0x0000,0x0000,0x0000,0x0000,
    0x0000,0x0000,0x0000,0x0000,0x0000,0x0000,0x0000,0x0000,0x0000,0x0000,0x1082,0x1082,0x03ff,0x03ff,0x03ff,0x03ff,
    0x03ff,0x03ff,0x03ff,0x03ff,0x03ff,0x0000,0x0000,0x0000,0x0000,0x03ff,0x03ff,0x03ff,0x03ff,0x03ff,0x03ff,0x0000,
    0x0000,0x0000,0x0000,0x0000,0x03ff,0x03ff,0x03ff,0x03ff,0x03ff,0x03ff,0x03ff,0x03ff,0x03ff,0x0000,0x0000,0x0000,
    0x0000,0x0000,0x03ff,0x03ff,0x03ff,0x03ff,0x03ff,0x03ff,0x0000,0x0000,0x0000,0x0000,0x03ff,0x03ff,0x03ff,0x03ff,
    0x03ff,0x03ff,0x03ff,0x03ff,0x03ff,0x1082,0x1082,0x0000,0x0000,0x0000,0x0000,0x0000,0x0000,0x0000,0x0000,0x0000,
    0x0000,0x0000,0x0000,0x0000,0x0000,0x0000,0x0000,0x0000,0x0000,0x0000,0x1082,0x1082,0x03ff,0x03ff,0x03ff,0x03ff,
    0x03ff,0x03ff,0x03ff,0x03ff,0x03ff,0x0000,0x0000,0x0000,0x0000,0x0000,0x0000,0x03ff,0x03ff,0x03ff,0x03ff,0x0000,
    0x0000,0x0000,0x0000,0x03ff,0x03ff,0x03ff,0x03ff,0x03ff,0x03ff,0x03ff,0x03ff,0x03ff,0x03ff,0x03ff,0x0000,0x0000,
    0x0000,0x0000,0x03ff,0x03ff,0x03ff,0x03ff,0x0000,0x0000,0x0000,0x0000,0x0000,0x0000,0x03ff,0x03ff,0x03ff,0x03ff,
    0x03ff,0x03ff,0x03ff,0x03ff,0x03ff,0x1082,0x1082,0x0000,0x0000,0x0000,0x0000,0x0000,0x0000,0x0000,0x0000,0x0000,
    0x0000,0x0000,0x0000,0x0000,0x0000,0x0000,0x0000,0x0000,0x0000,0x0000,0x1082,0x1082,0x03ff,0x03ff,0x03ff,0x03ff,
    0x03ff,0x03ff,0x03ff,0x03ff,0x03ff,0x0000,0x0000,0x0000,0x0000,0x0000,0x0000,0x0000,0x0000,0x0000,0x0000,0x0000,
    0x0000,0x0000,0x03ff,0x03ff,0x03ff,0x03ff,0x03ff,0x03ff,0x03ff,0x03ff,0x03ff,0x03ff,0x03ff,0x03ff,0x03ff,0x0000,
    0x0000,0x0000,0x0000,0x0000,0x0000,0x0000,0x0000,0x0000,0x0000,0x0000,0x0000,0x0000,0x03ff,0x03ff,0x03ff,0x03ff,
    0x03ff,0x03ff,0x03ff,0x03ff,0x03ff,0x1082,0x1082,0x0000,0x0000,0x0000,0x0000,0x0000,0x0000,0x0000,0x0000,0x0000,
    0x0000,0x0000,0x0000,0x0000,0x0000,0x0000,0x0000,0x0000,0x0000,0x0000,0x1082,0x1082,0x03ff,0x03ff,0x03ff,0x03ff,
    0x03ff,0x03ff,0x03ff,0x03ff,0x03ff,0x03ff,0x03ff,0x0000,0x0000,0x0000,0x0000,0x0000,0x0000,0x0000,0x0000,0x0000,
    0x0000,0x0000,0x03ff,0x03ff,0x03ff,0x03ff,0x03ff,0x03ff,0x03ff,0x03ff,0x03ff,0x03ff,0x03ff,0x03ff,0x03ff,0x0000,
    0x0000,0x0000,0x0000,0x0000,0x0000,0x0000,0x0000,0x0000,0x0000,0x0000,0x03ff,0x03ff,0x03ff,0x03ff,0x03ff,0x03ff,
    0x03ff,0x03ff,0x03ff,0x03ff,0x03ff,0x1082,0x1082,0x0000,0x0000,0x0000,0x0000,0x0000,0x0000,0x0000,0x0000,0x0000,
    0x0000,0x0000,0x0000,0x0000,0x0000,0x0000,0x0000,0x0000,0x0000,0x0000,0x1082,0x1082,0x03ff,0x03ff,0x03ff,0x03ff,
    0x03ff,0x03ff,0x03ff,0x03ff,0x03ff,0x03ff,0x03ff,0x03ff,0x03ff,0x0000,0x0000,0x0000,0x0000,0x0000,0x0000,0x0000,
    0x0000,0x03ff,0x03ff,0x03ff,0x03ff,0x03ff,0x03ff,0x03ff,0x03ff,0x03ff,0x03ff,0x03ff,0x03ff,0x03ff,0x03ff,0x03ff,
    0x0000,0x0000,0x0000,0x0000,0x0000,0x0000,0x0000,0x0000,0x03ff,0x03ff,0x03ff,0x03ff,0x03ff,0x03ff,0x03ff,0x03ff,
    0x03ff,0x03ff,0x03ff,0x03ff,0x03ff,0x1082,0x1082,0x0000,0x0000,0x0000,0x0000,0x0000,0x0000,0x0000,0x0000,0x0000,
    0x0000,0x0000,0x0000,0x0000,0x0000,0x0000,0x0000,0x0000,0x0000,0x0000,0x1082,0x1082,0x03ff,0x03ff,0x03ff,0x03ff,
    0x03ff,0x03ff,0x03ff,0x03ff,0x03ff,0x03ff,0x03ff,0x03ff,0x03ff,0x03ff,0x03ff,0x03ff,0x0000,0x0000,0x0000,0x0000,
    0x03ff,0x03ff,0x03ff,0x03ff,0x03ff,0x03ff,0x03ff,0x03ff,0x03ff,0x03ff,0x03ff,0x03ff,0x03ff,0x03ff,0x03ff,0x03ff,
    0x03ff,0x0000,0x0000,0x0000,0x0000,0x03ff,0x03ff,0x03ff,0x03ff,0x03ff,0x03ff,0x03ff,0x03ff,0x03ff,0x03ff,0x03ff,
    0x03ff,0x03ff,0x03ff,0x03ff,0x03ff,0x1082,0x1082,0x0000,0x0000,0x0000,0x0000,0x0000,0x0000,0x0000,0x0000,0x0000,
    0x0000,0x0000,0x0000,0x0000,0x0000,0x0000,0x0000,0x0000,0x0000,0x0000,0x1082,0x1082,0x03ff,0x03ff,0x03ff,0x03ff,
    0x03ff,0x03ff,0x03ff,0x03ff,0x03ff,0x03ff,0x03ff,0x03ff,0x03ff,0x03ff,0x03ff,0x03ff,0x03ff,0x03ff,0x03ff,0x03ff,
    0x03ff,0x03ff,0x03ff,0x03ff,0x03ff,0x03ff,0x03ff,0x03ff,0x03ff,0x03ff,0x03ff,0x03ff,0x03ff,0x03ff,0x03ff,0x03ff,
    0x03ff,0x03ff,0x03ff,0x03ff,0x03ff,0x03ff,0x03ff,0x03ff,0x03ff,0x03ff,0x03ff,0x03ff,0x03ff,0x03ff,0x03ff,0x03ff,
    0x03ff,0x03ff,0x03ff,0x03ff,0x03ff,0x1082,0x1082,0x0000,0x0000,0x0000,0x0000,0x0000,0x0000,0x0000,0x0000,0x0000,
    0x0000,0x0000,0x0000,0x0000,0x0000,0x0000,0x0000,0x0000,0x0000,0x1082,0x1082,0x03ff,0x03ff,0x03ff,0x03ff,0x03ff,
    0x03ff,0x03ff,0x03ff,0x03ff,0x03ff,0x03ff,0x03ff,0x03ff,0x03ff,0x03ff,0x03ff,0x03ff,0x03ff,0x03ff,0x03ff,0x03ff,
    0x03ff,0x03ff,0x03ff,0x03ff,0x03ff,0x03ff,0x03ff,0x03ff,0x03ff,0x03ff,0x03ff,0x03ff,0x03ff,0x03ff,0x03ff,0x03ff,
    0x03ff,0x03ff,0x03ff,0x03ff,0x03ff,0x03ff,0x03ff,0x03ff,0x03ff,0x03ff,0x03ff,0x03ff,0x03ff,0x03ff,0x03ff,0x03ff,
    0x03ff,0x03ff,0x03ff,0x03ff,0x03ff,0x03ff,0x1082,0x1082,0x0000,0x0000,0x0000,0x0000,0x0000,0x0000,0x0000,0x0000,
    0x0000,0x0000,0x0000,0x0000,0x0000,0x0000,0x0000,0x0000,0x0000,0x0000,0x1082,0x1082,0x03ff,0x03ff,0x03ff,0x03ff,
    0x03ff,0x03ff,0x03ff,0x03ff,0x03ff,0x03ff,0x03ff,0x03ff,0x03ff,0x03ff,0x03ff,0x03ff,0x03ff,0x03ff,0x03ff,0x03ff,
    0x03ff,0x03ff,0x03ff,0x03ff,0x03ff,0x03ff,0x03ff,0x03ff,0x03ff,0x03ff,0x03ff,0x03ff,0x03ff,0x03ff,0x03ff,0x03ff,
    0x03ff,0x03ff,0x03ff,0x03ff,0x03ff,0x03ff,0x03ff,0x03ff,0x03ff,0x03ff,0x03ff,0x03ff,0x03ff,0x03ff,0x03ff,0x03ff,
    0x03ff,0x03ff,0x03ff,0x03ff,0x03ff,0x1082,0x1082,0x0000,0x0000,0x0000,0x0000,0x0000,0x0000,0x0000,0x0000,0x0000,
    0x0000,0x0000,0x0000,0x0000,0x0000,0x0000,0x0000,0x0000,0x0000,0x0000,0x1082,0x1082,0x03ff,0x03ff,0x03ff,0x03ff,
    0x03ff,0x03ff,0x03ff,0x03ff,0x03ff,0x03ff,0x03ff,0x03ff,0x03ff,0x03ff,0x03ff,0x03ff,0x03ff,0x03ff,0x03ff,0x03ff,
    0x03ff,0x03ff,0x03ff,0x03ff,0x03ff,0x03ff,0x03ff,0x03ff,0x1082,0x03ff,0x03ff,0x03ff,0x03ff,0x03ff,0x03ff,0x03ff,
    0x03ff,0x03ff,0x03ff,0x03ff,0x03ff,0x03ff,0x03ff,0x03ff,0x03ff,0x03ff,0x03ff,0x03ff,0x03ff,0x03ff,0x03ff,0x03ff,
    0x03ff,0x03ff,0x03ff,0x03ff,0x03ff,0x1082,0x1082,0x0000,0x0000,0x0000,0x0000,0x0000,0x0000,0x0000,0x0000,0x0000,
    0x0000,0x0000,0x0000,0x0000,0x0000,0x0000,0x0000,0x0000,0x0000,0x0000,0x1082,0x1082,0x03ff,0x03ff,0x03ff,0x03ff,
    0x03ff,0x03ff,0x03ff,0x03ff,0x03ff,0x03ff,0x03ff,0x03ff,0x03ff,0x03ff,0x03ff,0x03ff,0x03ff,0x03ff,0x03ff,0x03ff,
    0x03ff,0x03ff,0x03ff,0x1082,0x1082,0x1082,0x1082,0x1082,0x1082,0x1082,0x1082,0x1082,0x1082,0x1082,0x03ff,0x03ff,
    0x03ff,0x03ff,0x03ff,0x03ff,0x03ff,0x03ff,0x03ff,0x03ff,0x03ff,0x03ff,0x03ff,0x03ff,0x03ff,0x03ff,0x03ff,0x03ff,
    0x03ff,0x03ff,0x03ff,0x03ff,0x03ff,0x1082,0x1082,0x0000,0x0000,0x0000,0x0000,0x0000,0x0000,0x0000,0x0000,0x0000,
    0x0000,0x0000,0x0000,0x0000,0x0000,0x0000,0x0000,0x0000,0x0000,0x0000,0x1082,0x1082,0x03ff,0x03ff,0x1082,0x1082,
    0x1082,0x03ff,0x03ff,0x03ff,0x03ff,0x03ff,0x03ff,0x03ff,0x03ff,0x03ff,0x03ff,0x03ff,0x03ff,0x03ff,0x03ff,0x03ff,
    0x1082,0x1082,0x1082,0x1082,0x1082,0x1082,0x1082,0x1082,0xbf3f,0x1082,0x1082,0x1082,0x1082,0x1082,0x1082,0x1082,
    0x1082,0x03ff,0x03ff,0x03ff,0x03ff,0x03ff,0x03ff,0x03ff,0x03ff,0x03ff,0x03ff,0x03ff,0x03ff,0x03ff,0x03ff,0x03ff,
    0x1082,0x1082,0x1082,0x03ff,0x03ff,0x1082,0x1082,0x1082,0x0000,0x0000,0x0000,0x0000,0x0000,0x0000,0x0000,0x0000,
    0x0000,0x0000,0x0000,0x0000,0x0000,0x0000,0x0000,0x0000,0x0000,0x0000,0x1082,0x1082,0x03ff,0x1082,0x1082,0x1082,
    0x1082,0x03ff,0x03ff,0x03ff,0x03ff,0x03ff,0x03ff,0x03ff,0x03ff,0x03ff,0x03ff,0x03ff,0x03ff,0x03ff,0x03ff,0x1082,
    0x1082,0x1082,0x1082,0xbf3f,0xbf3f,0xbf3f,0xbf3f,0xbf3f,0xbf3f,0xbf3f,0xbf3f,0xbf3f,0xbf3f,0xbf3f,0x1082,0x1082,
    0x1082,0x1082,0x03ff,0x03ff,0x03ff,0x03ff,0x03ff,0x03ff,0x03ff,0x03ff,0x03ff,0x03ff,0x03ff,0x03ff,0x03ff,0x03ff,
    0x1082,0x1082,0x1082,0x1082,0x03ff,0x1082,0x1082,0x1082,0x1082,0x1082,0x0000,0x0000,0x0000,0x0000,0x0000,0x0000,
    0x0000,0x0000,0x0000,0x0000,0x0000,0x0000,0x0000,0x0000,0x0000,0x0000,0x1082,0x1082,0x1082,0x1082,0x1082,0x1082,
    0x1082,0x03ff,0x03ff,0x03ff,0x03ff,0x03ff,0x03ff,0x03ff,0x03ff,0x03ff,0x03ff,0x03ff,0x03ff,0x1082,0x1082,0x1082,
    0x1082,0xbf3f,0xbf3f,0xbf3f,0xbf3f,0xbf3f,0xbf3f,0xbf3f,0xbf3f,0xbf3f,0xbf3f,0xbf3f,0xbf3f,0xbf3f,0xbf3f,0xbf3f,
    0x1082,0x1082,0x1082,0x1082,0x03ff,0x03ff,0x03ff,0x03ff,0x03ff,0x03ff,0x03ff,0x03ff,0x03ff,0x03ff,0x03ff,0x03ff,
    0x1082,0x1082,0x1082,0x1082,0x1082,0x1082,0x1082,0x1082,0x1082,0x1082,0x1082,0x1082,0x0000,0x0000,0x0000,0x0000,
    0x0000,0x0000,0x0000,0x0000,0x0000,0x0000,0x0000,0x0000,0x0000,0x0000,0x1082,0x1082,0x1082,0x1082,0x1082,0x1082,
    0x03ff,0x03ff,0x03ff,0x03ff,0x03ff,0x03ff,0x03ff,0x03ff,0x03ff,0x03ff,0x03ff,0x03ff,0x1082,0x1082,0x1082,0x1082,
    0xbf3f,0xbf3f,0xbf3f,0xbf3f,0xbf3f,0xbf3f,0xbf3f,0xbf3f,0xbf3f,0xbf3f,0xbf3f,0xbf3f,0xbf3f,0xbf3f,0xbf3f,0xbf3f,
    0xbf3f,0x1082,0x1082,0x1082,0x1082,0x03ff,0x03ff,0x03ff,0x03ff,0x03ff,0x03ff,0x03ff,0x03ff,0x03ff,0x03ff,0x03ff,
    0x03ff,0x1082,0x1082,0x1082,0x1082,0x1082,0x1082,0xbf3f,0x1082,0x1082,0x1082,0x1082,0x0000,0x0000,0x0000,0x0000,
    0x0000,0x0000,0x0000,0x0000,0x0000,0x0000,0x0000,0x0000,0x0000,0x0000,0x1082,0x1082,0x1082,0x1082,0x1082,0x03ff,
    0x03ff,0x03ff,0x03ff,0x03ff,0x03ff,0x03ff,0x03ff,0x03ff,0x03ff,0x03ff,0x03ff,0x03ff,0x1082,0x1082,0x1082,0xbf3f,
    0xbf3f,0xbf3f,0xbf3f,0xbf3f,0xbf3f,0xbf3f,0xbf3f,0xbf3f,0xbf3f,0xbf3f,0xbf3f,0xbf3f,0xbf3f,0xbf3f,0xbf3f,0xbf3f,
    0xbf3f,0xbf3f,0x1082,0x1082,0x1082,0x03ff,0x03ff,0x03ff,0x03ff,0x03ff,0x03ff,0x03ff,0x03ff,0x03ff,0x03ff,0x03ff,
    0x03ff,0x03ff,0x1082,0x1082,0x1082,0x1082,0x1082,0xbf3f,0xbf3f,0x1082,0x1082,0x1082,0x1082,0x0000,0x0000,0x0000,
    0x0000,0x0000,0x0000,0x0000,0x0000,0x0000,0x0000,0x0000,0x0000,0x1082,0xbf3f,0x1082,0x1082,0x1082,0x03ff,0x03ff,
    0x03ff,0x03ff,0x03ff,0x03ff,0x03ff,0x03ff,0x03ff,0x03ff,0x03ff,0x03ff,0x03ff,0x1082,0x1082,0x1082,0xbf3f,0xbf3f,
    0xbf3f,0xbf3f,0xbf3f,0xbf3f,0xbf3f,0xbf3f,0xbf3f,0xbf3f,0xbf3f,0xbf3f,0xbf3f,0xbf3f,0xbf3f,0xbf3f,0xbf3f,0xbf3f,
    0xbf3f,0xbf3f,0xbf3f,0x1082,0x1082,0x1082,0x03ff,0x03ff,0x03ff,0x03ff,0x03ff,0x03ff,0x03ff,0x03ff,0x03ff,0x03ff,
    0x03ff,0x03ff,0x03ff,0x1082,0x1082,0x1082,0xbf3f,0x1082,0xbf3f,0x1082,0x1082,0x1082,0x1082,0x0000,0x0000,0x0000,
    0x0000,0x0000,0x0000,0x0000,0x0000,0x0000,0x0000,0x0000,0xbf3f,0xbf3f,0xbf3f,0xbf3f,0xbf3f,0x03ff,0x03ff,0x03ff,
    0x03ff,0x03ff,0x03ff,0x03ff,0x03ff,0x03ff,0x03ff,0x03ff,0x03ff,0x03ff,0x1082,0x1082,0x1082,0xbf3f,0xbf3f,0xbf3f,
    0xbf3f,0xbf3f,0xbf3f,0x0000,0x0000,0x0000,0xbf3f,0xbf3f,0xbf3f,0xbf3f,0xbf3f,0x0000,0x0000,0x0000,0xbf3f,0xbf3f,
    0xbf3f,0xbf3f,0xbf3f,0xbf3f,0x1082,0x1082,0x1082,0x03ff,0x03ff,0x03ff,0x03ff,0x03ff,0x03ff,0x03ff,0x03ff,0x03ff,
    0x03ff,0x03ff,0x03ff,0x03ff,0xbf3f,0xbf3f,0xbf3f,0xbf3f,0xbf3f,0xbf3f,0x1082,0x1082,0x1082,0x1082,0x0000,0x0000,
    0x0000,0x0000,0x0000,0x0000,0x0000,0x0000,0x0000,0x0000,0xbf3f,0xbf3f,0xbf3f,0xbf3f,0xbf3f,0x1082,0x03ff,0x03ff,
    0x03ff,0x03ff,0x03ff,0x03ff,0x03ff,0x03ff,0x03ff,0x03ff,0x03ff,0x03ff,0x1082,0x1082,0x1082,0xbf3f,0xbf3f,0xbf3f,
    0xbf3f,0xbf3f,0xbf3f,0x0000,0x0000,0x0000,0x0000,0x0000,0xbf3f,0x0000,0x0000,0x0000,0x0000,0x0000,0xbf3f,0xbf3f,
    0xbf3f,0xbf3f,0xbf3f,0xbf3f,0x1082,0x1082,0x1082,0x03ff,0x03ff,0x03ff,0x03ff,0x03ff,0x03ff,0x03ff,0x03ff,0x03ff,
    0x03ff,0x03ff,0x03ff,0x1082,0xbf3f,0xbf3f,0xbf3f,0xbf3f,0xbf3f,0x1082,0x1082,0x1082,0x1082,0x0000,0x0000,0x0000,
    0x0000,0x0000,0x0000,0x0000,0x0000,0x0000,0x0000,0xbf3f,0xbf3f,0xbf3f,0xbf3f,0xbf3f,0xbf3f,0xbf3f,0x03ff,0x03ff,
    0x03ff,0x03ff,0x03ff,0x03ff,0x03ff,0x03ff,0x03ff,0x03ff,0x03ff,0x03ff,0x1082,0x1082,0x1082,0xbf3f,0xbf3f,0xbf3f,
    0xbf3f,0xbf3f,0xbf3f,0x0000,0x0000,0x0000,0x0000,0x0000,0x0000,0x0000,0x0000,0x0000,0x0000,0x0000,0xbf3f,0xbf3f,
    0xbf3f,0xbf3f,0xbf3f,0xbf3f,0x1082,0x1082,0x1082,0x03ff,0x03ff,0x03ff,0x03ff,0x03ff,0x03ff,0x03ff,0x03ff,0x03ff,
    0x03ff,0x03ff,0x03ff,0xbf3f,0xbf3f,0xbf3f,0xbf3f,0xbf3f,0xbf3f,0xbf3f,0x1082,0x1082,0x1082,0x0000,0x0000,0x0000,
    0x0000,0x0000,0x0000,0x0000,0x0000,0x0000,0x0000,0x0000,0xbf3f,0xbf3f,0xbf3f,0xbf3f,0xbf3f,0x1082,0x1082,0x03ff,
    0x03ff,0x03ff,0x03ff,0x03ff,0x03ff,0x03ff,0x03ff,0x03ff,0x03ff,0x03ff,0x1082,0x1082,0xbf3f,0xbf3f,0xbf3f,0xbf3f,
    0xbf3f,0xbf3f,0xbf3f,0x0000,0x0000,0x0000,0x0000,0x0000,0x0000,0x0000,0x0000,0x0000,0x0000,0x0000,0xbf3f,0xbf3f,
    0xbf3f,0xbf3f,0xbf3f,0xbf3f,0xbf3f,0x1082,0x1082,0x03ff,0x03ff,0x03ff,0x03ff,0x03ff,0x03ff,0x03ff,0x03ff,0x03ff,
    0x03ff,0x03ff,0x1082,0x1082,0xbf3f,0xbf3f,0xbf3f,0xbf3f,0xbf3f,0x1082,0x1082,0x1082,0x0000,0x0000,0x0000,0x0000,
    0x0000,0x0000,0x0000,0x0000,0x0000,0x0000,0x0000,0x0000,0xbf3f,0xbf3f,0xbf3f,0xbf3f,0xbf3f,0x1082,0x1082,0x03ff,
    0x03ff,0x03ff,0x03ff,0x03ff,0x03ff,0x03ff,0x03ff,0x03ff,0x03ff,0x1082,0x1082,0x1082,0x1082,0xbf3f,0xbf3f,0xbf3f,
    0xbf3f,0xbf3f,0xbf3f,0xbf3f,0xbf3f,0x0000,0x0000,0x0000,0x0000,0x0000,0x0000,0x0000,0xbf3f,0xbf3f,0xbf3f,0xbf3f,
    0xbf3f,0xbf3f,0xbf3f,0xbf3f,0x1082,0x1082,0x1082,0x1082,0x03ff,0x03ff,0x03ff,0x03ff,0x03ff,0x03ff,0x03ff,0x03ff,
    0x03ff,0x03ff,0x1082,0x1082,0xbf3f,0xbf3f,0xbf3f,0xbf3f,0xbf3f,0x1082,0x1082,0x1082,0x0000,0x0000,0x0000,0x0000,
    0x0000,0x0000,0x0000,0x0000,0x0000,0x0000,0x0000,0x0000,0x0000,0x0000,0xbf3f,0x0000,0x0000,0x1082,0x1082,0x1082,
    0x03ff,0x03ff,0x03ff,0x03ff,0x03ff,0x03ff,0x03ff,0x03ff,0x03ff,0x03ff,0x1082,0x1082,0x1082,0xbf3f,0xbf3f,0xbf3f,
    0xbf3f,0xbf3f,0xbf3f,0xbf3f,0xbf3f,0xbf3f,0xbf3f,0xbf3f,0xbf3f,0xbf3f,0xbf3f,0xbf3f,0xbf3f,0xbf3f,0xbf3f,0xbf3f,
    0xbf3f,0xbf3f,0xbf3f,0xbf3f,0x1082,0x1082,0x1082,0x03ff,0x03ff,0x03ff,0x03ff,0x03ff,0x03ff,0x03ff,0x03ff,0x03ff,
    0x03ff,0x1082,0x1082,0x1082,0x1082,0x1082,0xbf3f,0x1082,0x1082,0x1082,0x0000,0x0000,0x0000,0x0000,0x0000,0x0000,
    0x0000,0x0000,0x0000,0x0000,0x0000,0x0000,0x0000,0x0000,0x0000,0x0000,0x0000,0x0000,0x0000,0x0000,0x1082,0x1082,
    0x03ff,0x03ff,0x03ff,0x03ff,0x03ff,0x03ff,0x03ff,0x03ff,0x03ff,0x03ff,0x1082,0x1082,0x1082,0xbf3f,0xbf3f,0xbf3f,
    0xbf3f,0xbf3f,0xbf3f,0xbf3f,0xbf3f,0xbf3f,0xbf3f,0xbf3f,0xbf3f,0xbf3f,0xbf3f,0xbf3f,0xbf3f,0xbf3f,0xbf3f,0xbf3f,
    0xbf3f,0xbf3f,0xbf3f,0xbf3f,0x1082,0x1082,0x1082,0x03ff,0x03ff,0x03ff,0x03ff,0x03ff,0x03ff,0x03ff,0x03ff,0x03ff,
    0x03ff,0x1082,0x1082,0x1082,0x1082,0x1082,0x1082,0x1082,0x0000,0x0000,0x0000,0x0000,0x0000,0x0000,0x0000,0x0000,
    0x0000,0x0000,0x0000,0x0000,0x0000,0x0000,0x0000,0x0000,0x0000,0x0000,0x0000,0x0000,0x0000,0x0000,0x0000,0x1082,
    0x1082,0x03ff,0x03ff,0x03ff,0x03ff,0x03ff,0x03ff,0x03ff,0x03ff,0x03ff,0x1082,0x1082,0x1082,0x1082,0xbf3f,0xbf3f,
    0xbf3f,0xbf3f,0xbf3f,0xbf3f,0xbf3f,0xbf3f,0xbf3f,0xbf3f,0xbf3f,0xbf3f,0xbf3f,0xbf3f,0xbf3f,0xbf3f,0xbf3f,0xbf3f,
    0xbf3f,0xbf3f,0xbf3f,0x1082,0x1082,0x1082,0x1082,0x03ff,0x03ff,0x03ff,0x03ff,0x03ff,0x03ff,0x03ff,0x03ff,0x03ff,
    0x1082,0x1082,0x1082,0x0000,0x0000,0x0000,0x0000,0x0000,0x0000,0x0000,0x0000,0x0000,0x0000,0x0000,0x0000,0x0000,
    0x0000,0x0000,0x0000,0x0000,0x0000,0x0000,0x0000,0x0000,0x0000,0x0000,0x0000,0x0000,0x0000,0x0000,0x0000,0x1082,
    0x1082,0x1082,0x03ff,0x03ff,0x03ff,0x03ff,0x03ff,0x03ff,0x03ff,0x03ff,0x1082,0x1082,0x1082,0x1082,0x1082,0xbf3f,
    0xbf3f,0xbf3f,0xbf3f,0xbf3f,0xbf3f,0xbf3f,0xbf3f,0xbf3f,0xbf3f,0xbf3f,0xbf3f,0xbf3f,0xbf3f,0xbf3f,0xbf3f,0xbf3f,
    0xbf3f,0xbf3f,0x1082,0x1082,0x1082,0x1082,0x1082,0x03ff,0x03ff,0x03ff,0x03ff,0x03ff,0x03ff,0x03ff,0x03ff,0x1082,
    0x1082,0x1082,0x0000,0x0000,0x0000,0x0000,0x0000,0x0000,0x0000,0x0000,0x0000,0x0000,0x0000,0x0000,0x0000,0x0000,
    0x0000,0x0000,0x0000,0x0000,0x0000,0x0000,0x0000,0x0000,0x0000,0x0000,0x0000,0x0000,0x0000,0x0000,0x0000,0x0000,
    0x1082,0x1082,0x1082,0x03ff,0x03ff,0x03ff,0x03ff,0x03ff,0x03ff,0x03ff,0x03ff,0x1082,0x1082,0x1082,0x1082,0x1082,
    0xbf3f,0xbf3f,0xbf3f,0xbf3f,0xbf3f,0xbf3f,0xbf3f,0xbf3f,0xbf3f,0xbf3f,0xbf3f,0xbf3f,0xbf3f,0xbf3f,0xbf3f,0xbf3f,
    0xbf3f,0x1082,0x1082,0x1082,0x1082,0x1082,0x03ff,0x03ff,0x03ff,0x03ff,0x03ff,0x03ff,0x03ff,0x03ff,0x1082,0x1082,
    0x1082,0x0000,0x0000,0x0000,0x0000,0x0000,0x0000,0x0000,0x0000,0x0000,0x0000,0x0000,0x0000,0x0000,0x0000,0x0000,
    0x0000,0x0000,0x0000,0x0000,0x0000,0x0000,0x0000,0x0000,0x0000,0x0000,0x0000,0x0000,0x0000,0x0000,0x0000,0x0000,
    0x0000,0x1082,0x1082,0x03ff,0x03ff,0x03ff,0x03ff,0x03ff,0x03ff,0x03ff,0x03ff,0x03ff,0x1082,0x1082,0x1082,0x1082,
    0x1082,0xbf3f,0xbf3f,0xbf3f,0xbf3f,0xbf3f,0xbf3f,0xbf3f,0xbf3f,0xbf3f,0xbf3f,0xbf3f,0xbf3f,0xbf3f,0xbf3f,0xbf3f,
    0x1082,0x1082,0x1082,0x1082,0x1082,0x03ff,0x03ff,0x03ff,0x03ff,0x03ff,0x03ff,0x03ff,0x03ff,0x03ff,0x1082,0x1082,
    0x0000,0x0000,0x0000,0x0000,0x0000,0x0000,0x0000,0x0000,0x0000,0x0000,0x0000,0x0000,0x0000,0x0000,0x0000,0x0000,
    0x0000,0x0000,0x0000,0x0000,0x0000,0x0000,0x0000,0x0000,0x0000,0x0000,0x0000,0x0000,0x0000,0x0000,0x0000,0x0000,
    0x0000,0x0000,0x1082,0x1082,0x03ff,0x03ff,0x03ff,0x03ff,0x03ff,0x03ff,0x03ff,0x03ff,0x1082,0x1082,0x1082,0x1082,
    0x1082,0x1082,0x1082,0xbf3f,0xbf3f,0xbf3f,0xbf3f,0xbf3f,0xbf3f,0xbf3f,0xbf3f,0xbf3f,0xbf3f,0xbf3f,0x1082,0x1082,
    0x1082,0x1082,0x1082,0x1082,0x1082,0x03ff,0x03ff,0x03ff,0x03ff,0x03ff,0x03ff,0x03ff,0x03ff,0x1082,0x1082,0x0000,
    0x0000,0x0000,0x0000,0x0000,0x0000,0x0000,0x0000,0x0000,0x0000,0x0000,0x0000,0x0000,0x0000,0x0000,0x0000,0x0000,
    0x0000,0x0000,0x0000,0x0000,0x0000,0x0000,0x0000,0x0000,0x0000,0x0000,0x0000,0x0000,0x0000,0x0000,0x0000,0x0000,
    0x0000,0x0000,0x0000,0x1082,0x1082,0x1082,0x03ff,0x03ff,0x03ff,0x03ff,0x03ff,0x03ff,0x03ff,0x1082,0x1082,0x1082,
    0x1082,0x1082,0x1082,0x1082,0x1082,0x1082,0x1082,0x1082,0xbf3f,0x1082,0x1082,0x1082,0x1082,0x1082,0x1082,0x1082,
    0x1082,0x1082,0x1082,0x1082,0x03ff,0x03ff,0x03ff,0x03ff,0x03ff,0x03ff,0x03ff,0x1082,0x1082,0x1082,0x0000,0x0000,
    0x0000,0x0000,0x0000,0x0000,0x0000,0x0000,0x0000,0x0000,0x0000,0x0000,0x0000,0x0000,0x0000,0x0000,0x0000,0x0000,
    0x0000,0x0000,0x0000,0x0000,0x0000,0x0000,0x0000,0x0000,0x0000,0x0000,0x0000,0x0000,0x0000,0x0000,0x0000,0x0000,
    0x0000,0x0000,0x0000,0x0000,0x1082,0x1082,0x1082,0x03ff,0x03ff,0x03ff,0x03ff,0x03ff,0x03ff,0x03ff,0x03ff,0x1082,
    0x1082,0x1082,0x1082,0x1082,0x1082,0x1082,0x1082,0x1082,0x1082,0x1082,0x1082,0x1082,0x1082,0x1082,0x1082,0x1082,
    0x1082,0x1082,0x03ff,0x03ff,0x03ff,0x03ff,0x03ff,0x03ff,0x03ff,0x03ff,0x1082,0x1082,0x1082,0x0000,0x0000,0x0000,
    0x0000,0x0000,0x0000,0x0000,0x0000,0x0000,0x0000,0x0000,0x0000,0x0000,0x0000,0x0000,0x0000,0x0000,0x0000,0x0000,
    0x0000,0x0000,0x0000,0x0000,0x0000,0x0000,0x0000,0x0000,0x0000,0x0000,0x0000,0x0000,0x0000,0x0000,0x0000,0x0000,
    0x0000,0x0000,0x0000,0x0000,0x1082,0x1082,0x1082,0x1082,0x03ff,0x03ff,0x03ff,0x03ff,0x03ff,0x03ff,0x03ff,0x03ff,
    0x1082,0x1082,0x1082,0x1082,0x1082,0x1082,0x1082,0x1082,0x1082,0x1082,0x1082,0x1082,0x1082,0x1082,0x1082,0x1082,
    0x1082,0x03ff,0x03ff,0x03ff,0x03ff,0x03ff,0x03ff,0x03ff,0x03ff,0x1082,0x1082,0x1082,0x1082,0x0000,0x0000,0x0000,
    0x0000,0x0000,0x0000,0x0000,0x0000,0x0000,0x0000,0x0000,0x0000,0x0000,0x0000,0x0000,0x0000,0x0000,0x0000,0x0000,
    0x0000,0x0000,0x0000,0x0000,0x0000,0x0000,0x0000,0x0000,0x0000,0x0000,0x0000,0x0000,0x0000,0x0000,0x0000,0x0000,
    0x0000,0x0000,0x0000,0x1082,0x1082,0x59c4,0x1082,0x1082,0x1082,0x1082,0x03ff,0x03ff,0x03ff,0x03ff,0x03ff,0x03ff,
    0x03ff,0x03ff,0x03ff,0x1082,0x1082,0x1082,0x1082,0x1082,0x1082,0x1082,0x1082,0x1082,0x1082,0x1082,0x03ff,0x03ff,
    0x03ff,0x03ff,0x03ff,0x03ff,0x03ff,0x03ff,0x03ff,0x1082,0x1082,0x1082,0x1082,0x59c4,0x1082,0x1082,0x0000,0x0000,
    0x0000,0x0000,0x0000,0x0000,0x0000,0x0000,0x0000,0x0000,0x0000,0x0000,0x0000,0x0000,0x0000,0x0000,0x0000,0x0000,
    0x0000,0x0000,0x0000,0x0000,0x0000,0x0000,0x0000,0x0000,0x0000,0x0000,0x0000,0x0000,0x0000,0x0000,0x0000,0x0000,
    0x0000,0x0000,0x0000,0x1082,0x59c4,0x59c4,0x59c4,0x59c4,0x1082,0x1082,0x1082,0x1082,0x03ff,0x03ff,0x03ff,0x03ff,
    0x03ff,0x03ff,0x03ff,0x03ff,0x03ff,0x03ff,0x03ff,0x03ff,0x1082,0x03ff,0x03ff,0x03ff,0x03ff,0x03ff,0x03ff,0x03ff,
    0x03ff,0x03ff,0x03ff,0x03ff,0x03ff,0x1082,0x1082,0x1082,0x1082,0x59c4,0x59c4,0x59c4,0x59c4,0x1082,0x0000,0x0000,
    0x0000,0x0000,0x0000,0x0000,0x0000,0x0000,0x0000,0x0000,0x0000,0x0000,0x0000,0x0000,0x0000,0x0000,0x0000,0x0000,
    0x0000,0x0000,0x0000,0x0000,0x0000,0x0000,0x0000,0x0000,0x0000,0x0000,0x0000,0x0000,0x0000,0x0000,0x0000,0x0000,
    0x0000,0x0000,0x1082,0x1082,0x1082,0x59c4,0x59c4,0x59c4,0x59c4,0x1082,0x1082,0x1082,0x1082,0x1082,0x03ff,0x03ff,
    0x03ff,0x03ff,0x03ff,0x03ff,0x03ff,0x03ff,0x03ff,0x03ff,0x03ff,0x03ff,0x03ff,0x03ff,0x03ff,0x03ff,0x03ff,0x03ff,
    0x03ff,0x03ff,0x03ff,0x1082,0x1082,0x1082,0x1082,0x1082,0x59c4,0x59c4,0x59c4,0x59c4,0x1082,0x1082,0x1082,0x0000,
    0x0000,0x0000,0x0000,0x0000,0x0000,0x0000,0x0000,0x0000,0x0000,0x0000,0x0000,0x0000,0x0000,0x0000,0x0000,0x0000,
    0x0000,0x0000,0x0000,0x0000,0x0000,0x0000,0x0000,0x0000,0x0000,0x0000,0x0000,0x0000,0x0000,0x0000,0x0000,0x0000,
    0x0000,0x0000,0x0000,0x1082,0x1082,0x59c4,0x59c4,0x59c4,0x59c4,0x59c4,0x59c4,0x1082,0x1082,0x1082,0x1082,0x1082,
    0x1082,0x03ff,0x03ff,0x03ff,0x03ff,0x03ff,0x03ff,0x03ff,0x03ff,0x03ff,0x03ff,0x03ff,0x03ff,0x03ff,0x03ff,0x03ff,
    0x1082,0x1082,0x1082,0x1082,0x1082,0x1082,0x59c4,0x59c4,0x59c4,0x59c4,0x59c4,0x59c4,0x1082,0x1082,0x0000,0x0000,
    0x0000,0x0000,0x0000,0x0000,0x0000,0x0000,0x0000,0x0000,0x0000,0x0000,0x0000,0x0000,0x0000,0x0000,0x0000,0x0000,
    0x0000,0x0000,0x0000,0x0000,0x0000,0x0000,0x0000,0x0000,0x0000,0x0000,0x0000,0x0000,0x0000,0x0000,0x0000,0x0000,
    0x0000,0x0000,0x0000,0x1082,0x1082,0x1082,0x1082,0x59c4,0x59c4,0x59c4,0x59c4,0x59c4,0x59c4,0x59c4,0x1082,0x1082,
    0x1082,0x1082,0x1082,0x1082,0x1082,0x1082,0x1082,0x1082,0x03ff,0x1082,0x1082,0x1082,0x1082,0x1082,0x1082,0x1082,
    0x1082,0x1082,0x1082,0x59c4,0x59c4,0x59c4,0x59c4,0x59c4,0x59c4,0x59c4,0x1082,0x1082,0x1082,0x1082,0x0000,0x0000,
    0x0000,0x0000,0x0000,0x0000,0x0000,0x0000,0x0000,0x0000,0x0000,0x0000,0x0000,0x0000,0x0000,0x0000,0x0000,0x0000,
    0x0000,0x0000,0x0000,0x0000,0x0000,0x0000,0x0000,0x0000,0x0000,0x0000,0x0000,0x0000,0x0000,0x0000,0x0000,0x0000,
    0x0000,0x0000,0x0000,0x0000,0x1082,0x1082,0x1082,0x1082,0x1082,0x1082,0x1082,0x59c4,0x1082,0x1082,0x1082,0x1082,
    0x1082,0x1082,0x1082,0x1082,0x1082,0x1082,0x1082,0x1082,0x1082,0x1082,0x1082,0x1082,0x1082,0x1082,0x1082,0x1082,
    0x1082,0x1082,0x1082,0x1082,0x1082,0x59c4,0x1082,0x1082,0x1082,0x1082,0x1082,0x1082,0x1082,0x0000,0x0000,0x0000,
    0x0000,0x0000,0x0000,0x0000,0x0000,0x0000,0x0000,0x0000,0x0000,0x0000,0x0000,0x0000,0x0000,0x0000,0x0000,0x0000,
    0x0000,0x0000,0x0000,0x0000,0x0000,0x0000,0x0000,0x0000,0x0000,0x0000,0x0000,0x0000,0x0000,0x0000,0x0000,0x0000,
    0x0000,0x0000,0x0000,0x0000,0x0000,0x0000,0x1082,0x1082,0x1082,0x1082,0x1082,0x1082,0x1082,0x1082,0x1082,0x1082,
    0x1082,0x0000,0x0000,0x0000,0x0000,0x0000,0x0000,0x0000,0x1082,0x0000,0x0000,0x0000,0x0000,0x0000,0x0000,0x0000,
    0x1082,0x1082,0x1082,0x1082,0x1082,0x1082,0x1082,0x1082,0x1082,0x1082,0x1082,0x0000,0x0000,0x0000,0x0000,0x0000,
    0x0000,0x0000,0x0000,0x0000,0x0000,0x0000,0x0000,0x0000,0x0000,0x0000,0x0000,0x0000,0x0000,0x0000,0x0000,0x0000,
    0x0000,0x0000,0x0000,0x0000,0x0000,0x0000,0x0000,0x0000,0x0000,0x0000,0x0000,0x0000,0x0000,0x0000,0x0000,0x0000,
    0x0000,0x0000,0x0000,0x0000,0x0000,0x0000,0x0000,0x0000,0x0000,0x0000,0x0000,0x1082,0x0000,0x0000,0x0000,0x0000,
    0x0000,0x0000,0x0000,0x0000,0x0000,0x0000,0x0000,0x0000,0x0000,0x0000,0x0000,0x0000,0x0000,0x0000,0x0000,0x0000,
    0x0000,0x0000,0x0000,0x0000,0x0000,0x1082,0x0000,0x0000,0x0000,0x0000,0x0000,0x0000,0x0000,0x0000,0x0000,0x0000,
    0x0000,0x0000,0x0000,0x0000,0x0000,0x0000,0x0000,0x0000,0x0000,0x0000,0x0000,0x0000,0x0000,0x0000,0x0000,0x0000,
    0x0000,0x0000,0x0000,0x0000,0x0000,0x0000,0x0000,0x0000,0x0000,0x0000,0x0000,0x0000,0x0000,0x0000,0x0000,0x0000,
    0x0000,0x0000,0x0000,0x0000,0x0000,0x0000,0x0000,0x0000,0x0000,0x0000,0x0000,0x0000,0x0000,0x0000,0x0000,0x0000,
    0x0000,0x0000,0x0000,0x0000,0x0000,0x0000,0x0000,0x0000,0x0000,0x0000,0x0000,0x0000,0x0000,0x0000,0x0000,0x0000,
    0x0000,0x0000,0x0000,0x0000,0x0000,0x0000,0x0000,0x0000,0x0000,0x0000,0x0000,0x0000,0x0000,0x0000,0x0000,0x0000,
    0x0000,0x0000,0x0000,0x0000,0x0000,0x0000,0x0000,0x0000,0x0000,0x0000,0x0000,0x0000,0x0000,0x0000,0x0000,0x0000,
    0x0000,0x0000,0x0000,0x0000,0x0000,0x0000,0x0000,0x0000,0x0000,0x0000,0x0000,0x0000,0x0000,0x0000,0x0000,0x0000,
    0x0000,0x0000,0x0000,0x0000,0x0000,0x0000,0x0000,0x0000,0x0000,0x0000,0x0000,0x0000,0x0000,0x0000,0x0000,0x0000,
    0x0000,0x0000,0x0000,0x0000,0x0000,0x0000,0x0000,0x0000,0x0000,0x0000,0x0000,0x0000,0x0000,0x0000,0x0000,0x0000,
    0x0000,0x0000,0x0000,0x0000,0x0000,0x0000,0x0000,0x0000,0x0000,0x0000,0x0000,0x0000,0x0000,0x0000,0x0000,0x0000,
    0x0000,0x0000,0x0000,0x0000,0x0000,0x0000,0x0000,0x0000,0x0000,0x0000,0x0000,0x0000,0x0000,0x0000,0x0000,0x0000,
    0x0000,0x0000,0x0000,0x0000,0x0000,0x0000,0x0000,0x0000,0x0000,0x0000,0x0000,0x0000,0x0000,0x0000,0x0000,0x0000,
    0x0000,0x0000,0x0000,0x0000,0x0000,0x0000,0x0000,0x0000,0x0000,0x0000,0x0000,0x0000,0x0000,0x0000,0x0000,0x0000,
    0x0000,0x0000,0x0000,0x0000,0x0000,0x0000,0x0000,0x0000,0x0000,0x0000,0x0000,0x0000,0x0000,0x0000,0x0000,0x0000,
    0x0000,0x0000,0x0000,0x0000,0x0000,0x0000,0x0000,0x0000,0x0000,0x0000,0x0000,0x0000,0x0000,0x0000,0x0000,0x0000,
    0x0000,0x0000,0x0000,0x0000,0x0000,0x0000,0x0000,0x0000,0x0000,0x0000,0x0000,0x0000,0x0000,0x0000,0x0000,0x0000,
    0x0000,0x0000,0x0000,0x0000,0x0000,0x0000,0x0000,0x0000,0x0000,0x0000,0x0000,0x0000,0x0000,0x0000,0x0000,0x0000,
    0x0000,0x0000,0x0000,0x0000,0x0000,0x0000,0x0000,0x0000,0x0000,0x0000,0x0000,0x0000,0x0000,0x0000,0x0000,0x0000,
    0x0000,0x0000,0x0000,0x0000,0x0000,0x0000,0x0000,0x0000,0x0000,0x0000,0x0000,0x0000,0x0000,0x0000,0x0000,0x0000,
    0x0000,0x0000,0x0000,0x0000,0x0000,0x0000,0x0000,0x0000,0x0000,0x0000,0x0000,0x0000,0x0000,0x0000,0x0000,0x0000,
    0x0000,0x0000,0x0000,0x0000,0x0000,0x0000,0x0000,0x0000,0x0000,0x0000,0x0000,0x0000,0x0000,0x0000,0x0000,0x0000,
    0x0000,0x0000,0x0000,0x0000,0x0000,0x0000,0x0000,0x0000,0x0000,0x0000,0x0000,0x0000,0x0000,0x0000,0x0000,0x0000,
    0x0000,0x0000,0x0000,0x0000,0x0000,0x0000,0x0000,0x0000,0x0000,0x0000,0x0000,0x0000,0x0000,0x0000,0x0000,0x0000,
    0x0000,0x0000,0x0000,0x0000,0x0000,0x0000,0x0000,0x0000,0x0000,0x0000,0x0000,0x0000,0x0000,0x0000,0x0000,0x0000,
    0x0000,0x0000,0x0000,0x0000,0x0000,0x0000,0x0000,0x0000,0x0000,0x0000,0x0000,0x0000,0x0000,0x0000,0x0000,0x0000,
    0x0000,0x0000,0x0000,0x0000,0x0000,0x0000,0x0000,0x0000,0x0000,0x0000,0x0000,0x0000,0x0000,0x0000,0x0000,0x0000,
    0x0000,0x0000,0x0000,0x0000,0x0000,0x0000,0x0000,0x0000,0x0000,0x0000,0x0000,0x0000,0x0000,0x0000,0x0000,0x0000,
    0x0000,0x0000,0x0000,0x0000,0x0000,0x0000,0x0000,0x0000,0x0000,0x0000,0x0000,0x0000,0x0000,0x0000,0x0000,0x0000,
    0x0000,0x0000,0x0000,0x0000,0x0000,0x0000,0x0000,0x0000,0x0000,0x0000,0x0000,0x0000,0x0000,0x0000,0x0000,0x0000,
    0x0000,0x0000,0x0000,0x0000,0x0000,0x0000,0x0000,0x0000,0x0000,0x0000,0x0000,0x0000,0x0000,0x0000,0x0000,0x0000,
    0x0000,0x0000,0x0000,0x0000,0x0000,0x0000,0x0000,0x0000,0x0000,0x0000,0x0000,0x0000,0x0000,0x0000,0x0000,0x0000,
    0x0000,0x0000,0x0000,0x0000,0x0000,0x0000,0x0000,0x0000,0x0000,0x0000,0x0000,0x0000,0x0000,0x0000,0x0000,0x0000,
    0x0000,0x0000,0x0000,0x0000,0x0000,0x0000,0x0000,0x0000,0x0000,0x0000,0x0000,0x0000,0x0000,0x0000,0x0000,0x0000,
    0x0000,0x0000,0x0000,0x0000,0x0000,0x0000,0x0000,0x0000,0x0000,0x0000,0x0000,0x0000,0x0000,0x0000,0x0000,0x0000,
    0x0000,0x0000,0x0000,0x0000,0x0000,0x0000,0x0000,0x0000,0x0000,0x0000,0x0000,0x0000,0x0000,0x0000,0x0000,0x0000,
    0x0000,0x0000,0x0000,0x0000,0x0000,0x0000,0x0000,0x0000,0x0000,0x0000,0x0000,0x0000,0x0000,0x0000,0x0000,0x0000,
  },
  // sleepy frame 3
  {
    0x0000,0x0000,0x0000,0x0000,0x0000,0x0000,0x0000,0x0000,0x0000,0x0000,0x0000,0x0000,0x0000,0x0000,0x0000,0x0000,
    0x0000,0x0000,0x0000,0x0000,0x0000,0x0000,0x0000,0x0000,0x0000,0x0000,0x0000,0x0000,0x0000,0x0000,0x0000,0x0000,
    0x0000,0x0000,0x0000,0x0000,0x0000,0x0000,0x0000,0x0000,0x0000,0x0000,0x0000,0x0000,0x0000,0x0000,0x0000,0x0000,
    0x0000,0x0000,0x0000,0x0000,0x0000,0x0000,0x0000,0x0000,0x0000,0x0000,0x0000,0x0000,0x0000,0x0000,0x0000,0x0000,
    0x0000,0x0000,0x0000,0x0000,0x0000,0x0000,0x0000,0x0000,0x0000,0x0000,0x0000,0x0000,0x0000,0x0000,0x0000,0x0000,
    0x0000,0x0000,0x0000,0x0000,0x0000,0x0000,0x0000,0x0000,0x0000,0x0000,0x0000,0x0000,0x0000,0x0000,0x0000,0x0000,
    0x0000,0x0000,0x0000,0x0000,0x0000,0x0000,0x0000,0x0000,0x0000,0x0000,0x0000,0x0000,0x0000,0x0000,0x0000,0x0000,
    0x0000,0x0000,0x0000,0x0000,0x0000,0x0000,0x0000,0x0000,0x0000,0x0000,0x0000,0x0000,0x0000,0x0000,0x0000,0x0000,
    0x0000,0x0000,0x0000,0x0000,0x0000,0x0000,0x0000,0x0000,0x0000,0x0000,0x0000,0x0000,0x0000,0x0000,0x0000,0x0000,
    0x0000,0x0000,0x0000,0x0000,0x0000,0x0000,0x0000,0x0000,0x0000,0x0000,0x0000,0x0000,0x0000,0x0000,0x0000,0x0000,
    0x0000,0x0000,0x0000,0x0000,0x0000,0x0000,0x0000,0x0000,0x0000,0x0000,0x0000,0x0000,0x0000,0x0000,0x0000,0x0000,
    0x0000,0x0000,0x0000,0x0000,0x0000,0x0000,0x0000,0x0000,0x0000,0x0000,0x0000,0x0000,0x0000,0x0000,0x0000,0x0000,
    0x0000,0x0000,0x0000,0x0000,0x0000,0x0000,0x0000,0x0000,0x0000,0x0000,0x0000,0x0000,0x0000,0x0000,0x0000,0x0000,
    0x0000,0x0000,0x0000,0x0000,0x0000,0x0000,0x0000,0x0000,0x0000,0x0000,0x0000,0x0000,0x0000,0x0000,0x0000,0x0000,
    0x0000,0x0000,0x0000,0x0000,0x0000,0x0000,0x0000,0x0000,0x0000,0x0000,0x0000,0x0000,0x0000,0x0000,0x0000,0x0000,
    0x0000,0x0000,0x0000,0x0000,0x0000,0x0000,0x0000,0x0000,0x0000,0x0000,0x0000,0x0000,0x0000,0x0000,0x0000,0x0000,
    0x0000,0x0000,0x0000,0x0000,0x0000,0x0000,0x0000,0x0000,0x0000,0x0000,0x0000,0x0000,0x0000,0x0000,0x0000,0x0000,
    0x0000,0x0000,0x0000,0x0000,0x0000,0x0000,0x0000,0x0000,0x0000,0x0000,0x0000,0x0000,0x0000,0x0000,0x0000,0x0000,
    0x0000,0x0000,0x0000,0x0000,0x0000,0x0000,0x0000,0x0000,0x0000,0x0000,0x0000,0x0000,0x0000,0x0000,0x0000,0x0000,
    0x0000,0x0000,0x0000,0x0000,0x0000,0x0000,0x0000,0x0000,0x0000,0x0000,0x0000,0x0000,0x0000,0x0000,0x0000,0x0000,
    0x0000,0x0000,0x0000,0x0000,0x0000,0x0000,0x0000,0x0000,0x0000,0x0000,0x0000,0x0000,0x0000,0x0000,0x0000,0x0000,
    0x0000,0x0000,0x0000,0x0000,0x0000,0x0000,0x0000,0x0000,0x0000,0x0000,0x0000,0x0000,0x0000,0x0000,0x0000,0x0000,
    0x0000,0x0000,0x0000,0x0000,0x0000,0x0000,0x0000,0x0000,0x0000,0x0000,0x0000,0x0000,0x0000,0x0000,0x0000,0x0000,
    0x0000,0x0000,0x0000,0x0000,0x0000,0x0000,0x0000,0x0000,0x0000,0x0000,0x0000,0x0000,0x0000,0x0000,0x0000,0x0000,
    0x0000,0x0000,0x0000,0x0000,0x0000,0x0000,0x0000,0x0000,0x0000,0x0000,0x0000,0x0000,0x0000,0x0000,0x0000,0x0000,
    0x0000,0x0000,0x0000,0x0000,0x0000,0x0000,0x0000,0x0000,0x0000,0x0000,0x0000,0x0000,0x0000,0x0000,0x0000,0x0000,
    0x0000,0x0000,0x0000,0x0000,0x0000,0x0000,0x0000,0x0000,0x0000,0x0000,0x0000,0x0000,0x0000,0x0000,0x0000,0x0000,
    0x0000,0x0000,0x0000,0x0000,0x0000,0x0000,0x0000,0x0000,0x0000,0x0000,0x0000,0x0000,0x0000,0x0000,0x0000,0x0000,
    0x0000,0x0000,0x0000,0x0000,0x0000,0x0000,0x0000,0x0000,0x0000,0x0000,0x0000,0x0000,0x0000,0x0000,0x0000,0x0000,
    0x0000,0x0000,0x0000,0x0000,0x0000,0x0000,0x0000,0x0000,0x0000,0x0000,0x0000,0x0000,0x0000,0x0000,0x0000,0x0000,
    0x0000,0x0000,0x0000,0x0000,0x0000,0x0000,0x0000,0x0000,0x0000,0x0000,0x0000,0x0000,0x0000,0x0000,0x0000,0x0000,
    0x0000,0x0000,0x0000,0x0000,0x0000,0x0000,0x0000,0x0000,0x0000,0x0000,0x0000,0x0000,0x0000,0x0000,0x0000,0x0000,
    0x0000,0x0000,0x0000,0x0000,0x0000,0x0000,0x0000,0x1082,0x1082,0x1082,0x0000,0x0000,0x0000,0x0000,0x0000,0x0000,
    0x0000,0x0000,0x0000,0x0000,0x0000,0x0000,0x0000,0x0000,0x0000,0x0000,0x0000,0x0000,0x0000,0x0000,0x0000,0x0000,
    0x0000,0x0000,0x0000,0x0000,0x0000,0x0000,0x0000,0x0000,0x0000,0x0000,0x0000,0x0000,0x0000,0x0000,0x0000,0x0000,
    0x0000,0x0000,0x0000,0x0000,0x0000,0x0000,0x0000,0x0000,0x0000,0x0000,0x0000,0x0000,0x0000,0x0000,0x0000,0x0000,
    0x0000,0x0000,0x0000,0x0000,0x0000,0x0000,0x0000,0x0000,0x0000,0x0000,0x0000,0x0000,0x0000,0x0000,0x0000,0x0000,
    0x0000,0x0000,0x0000,0x0000,0x0000,0x0000,0x0000,0xbf3f,0xbf3f,0xbf3f,0x0000,0x0000,0x0000,0x0000,0x0000,0x0000,
    0x0000,0x0000,0x0000,0x0000,0x0000,0x0000,0x0000,0x0000,0x0000,0x0000,0x0000,0x0000,0x0000,0x0000,0x0000,0x0000,
    0x0000,0x0000,0x0000,0x0000,0x0000,0x0000,0x0000,0x0000,0x0000,0x0000,0x0000,0x0000,0x0000,0x0000,0x0000,0x0000,
    0x0000,0x0000,0x0000,0x0000,0x0000,0x0000,0x0000,0x0000,0x0000,0x0000,0x0000,0x0000,0x0000,0x0000,0x0000,0x0000,
    0x0000,0x0000,0x0000,0x0000,0x0000,0x0000,0x0000,0x0000,0x0000,0x0000,0x0000,0x0000,0x0000,0x0000,0x0000,0x0000,
    0x0000,0x0000,0x0000,0x0000,0x0000,0x0000,0x1082,0xbf3f,0xbf3f,0xbf3f,0x1082,0x0000,0x0000,0x0000,0x0000,0x0000,
    0x0000,0x0000,0x0000,0x0000,0x0000,0x0000,0x0000,0x0000,0x0000,0x0000,0x0000,0x0000,0x0000,0x0000,0x0000,0x0000,
    0x0000,0x0000,0x0000,0x0000,0x0000,0x0000,0x0000,0x0000,0x0000,0x0000,0x0000,0x0000,0x0000,0x0000,0x0000,0x0000,
    0x0000,0x0000,0x0000,0x0000,0x0000,0x0000,0x0000,0x0000,0x0000,0x0000,0x0000,0x0000,0x0000,0x0000,0x0000,0x0000,
    0x0000,0x0000,0x0000,0x0000,0x0000,0x0000,0x0000,0x0000,0x0000,0x0000,0x0000,0x0000,0x0000,0x0000,0x0000,0x0000,
    0x0000,0x0000,0x0000,0x0000,0x0000,0x0000,0x1082,0xbf3f,0xbf3f,0xbf3f,0x1082,0x0000,0x0000,0x0000,0x0000,0x0000,
    0x0000,0x0000,0x0000,0x0000,0x0000,0x0000,0x0000,0x0000,0x0000,0x0000,0x0000,0x0000,0x0000,0x0000,0x0000,0x0000,
    0x0000,0x0000,0x0000,0x0000,0x0000,0x0000,0x0000,0x0000,0x0000,0x0000,0x0000,0x0000,0x0000,0x0000,0x0000,0x0000,
    0x0000,0x0000,0x0000,0x0000,0x0000,0x0000,0x0000,0x0000,0x0000,0x0000,0x0000,0x0000,0x0000,0x0000,0x0000,0x0000,
    0x0000,0x0000,0x0000,0x0000,0x0000,0x0000,0x0000,0x0000,0x0000,0x0000,0x0000,0x0000,0x0000,0x0000,0x0000,0x0000,
    0x0000,0x1082,0x1082,0x1082,0x1082,0x1082,0xbf3f,0xbf3f,0xbf3f,0xbf3f,0xbf3f,0x1082,0x1082,0x1082,0x1082,0x1082,
    0x0000,0x0000,0x0000,0x0000,0x0000,0x0000,0x0000,0x0000,0x0000,0x0000,0x0000,0x0000,0x0000,0x0000,0x0000,0x0000,
    0x0000,0x0000,0x0000,0x0000,0x0000,0x0000,0x0000,0x0000,0x0000,0x0000,0x0000,0x0000,0x0000,0x0000,0x0000,0x0000,
    0x0000,0x0000,0x0000,0x0000,0x0000,0x0000,0x0000,0x0000,0x0000,0x0000,0x0000,0x0000,0x0000,0x0000,0x0000,0x0000,
    0x0000,0x0000,0x0000,0x0000,0x0000,0x0000,0x0000,0x0000,0x0000,0x0000,0x0000,0x0000,0x0000,0x0000,0x1082,0x1082,
    0x1082,0x1082,0x1082,0x1082,0x1082,0x1082,0xbf3f,0xbf3f,0xbf3f,0xbf3f,0xbf3f,0x1082,0x1082,0x1082,0x1082,0x1082,
    0x1082,0x1082,0x1082,0x0000,0x0000,0x0000,0x0000,0x0000,0x0000,0x0000,0x0000,0x0000,0x0000,0x0000,0x0000,0x0000,
    0x0000,0x0000,0x0000,0x0000,0x0000,0x0000,0x0000,0x0000,0x0000,0x0000,0x0000,0x0000,0x0000,0x0000,0x0000,0x0000,
    0x0000,0x0000,0x0000,0x0000,0x0000,0x0000,0x0000,0x0000,0x0000,0x0000,0x0000,0x0000,0x0000,0x0000,0x0000,0x0000,
    0x0000,0x0000,0x0000,0x0000,0x0000,0x0000,0x0000,0x0000,0x0000,0x0000,0x0000,0x1082,0x1082,0x1082,0x1082,0x1082,
    0x1082,0x03ff,0x03ff,0x03ff,0x03ff,0x1082,0xbf3f,0xbf3f,0xbf3f,0xbf3f,0xbf3f,0x1082,0x03ff,0x03ff,0x03ff,0x03ff,
    0x1082,0x1082,0x1082,0x1082,0x1082,0x1082,0x0000,0x0000,0x0000,0x0000,0x0000,0x0000,0x0000,0x0000,0x0000,0x0000,
    0x0000,0x0000,0x0000,0x0000,0x0000,0x0000,0x0000,0x0000,0x0000,0x0000,0x0000,0x0000,0x0000,0x0000,0x0000,0x0000,
    0x0000,0x0000,0x0000,0x0000,0x0000,0x0000,0x0000,0x0000,0x0000,0x0000,0x0000,0x0000,0x0000,0x0000,0x0000,0x0000,
    0x0000,0x0000,0x0000,0x0000,0x0000,0x0000,0x0000,0x0000,0x0000,0x1082,0x1082,0x1082,0x1082,0x1082,0x03ff,0x03ff,
    0x03ff,0x03ff,0x03ff,0x03ff,0x03ff,0x1082,0xbf3f,0xbf3f,0xbf3f,0xbf3f,0xbf3f,0x1082,0x03ff,0x03ff,0x03ff,0x03ff,
    0x03ff,0x03ff,0x03ff,0x1082,0x1082,0x1082,0x1082,0x1082,0x0000,0x0000,0x0000,0x0000,0x0000,0x0000,0x0000,0x0000,
    0x0000,0x0000,0x0000,0x0000,0x0000,0x0000,0x0000,0x0000,0x0000,0x0000,0x0000,0x0000,0x0000,0x0000,0x0000,0x0000,
    0x0000,0x0000,0x0000,0x0000,0x0000,0x0000,0x0000,0x0000,0x0000,0x0000,0x0000,0x0000,0x0000,0x0000,0x0000,0x0000,
    0x0000,0x0000,0x0000,0x0000,0x0000,0x0000,0x0000,0x0000,0x1082,0x1082,0x1082,0x1082,0x03ff,0x03ff,0x03ff,0x03ff,
    0x03ff,0x03ff,0x03ff,0x03ff,0x03ff,0x1082,0xbf3f,0xbf3f,0xbf3f,0xbf3f,0xbf3f,0x1082,0x03ff,0x03ff,0x03ff,0x03ff,
    0x03ff,0x03ff,0x03ff,0x03ff,0x03ff,0x1082,0x1082,0x1082,0x1082,0x0000,0x0000,0x0000,0x0000,0x0000,0x0000,0x0000,
    0x0000,0x0000,0x0000,0x0000,0xffff,0xffff,0xffff,0xffff,0xffff,0x0000,0x0000,0x0000,0x0000,0x0000,0x0000,0x0000,
    0x0000,0x0000,0x0000,0x0000,0x0000,0x0000,0x0000,0x0000,0x0000,0x0000,0x0000,0x0000,0x0000,0x0000,0x0000,0x0000,
    0x0000,0x0000,0x0000,0x0000,0x0000,0x0000,0x1082,0x1082,0x1082,0x1082,0x03ff,0x03ff,0x03ff,0x03ff,0x03ff,0x03ff,
    0x03ff,0x03ff,0x03ff,0x03ff,0x03ff,0x1082,0x1082,0x1082,0x03ff,0x1082,0x1082,0x1082,0x03ff,0x03ff,0x03ff,0x03ff,
    0x03ff,0x03ff,0x03ff,0x03ff,0x03ff,0x03ff,0x03ff,0x1082,0x1082,0x1082,0x1082,0x0000,0x0000,0x0000,0x0000,0x0000,
    0x0000,0x0000,0x0000,0x0000,0x0000,0x0000,0x0000,0xffff,0x0000,0x0000,0x0000,0x0000,0x0000,0x0000,0x0000,0x0000,
    0x0000,0x0000,0x0000,0x0000,0x0000,0x0000,0x0000,0x0000,0x0000,0x0000,0x0000,0x0000,0x0000,0x0000,0x0000,0x0000,
    0x0000,0x0000,0x0000,0x0000,0x0000,0x1082,0x1082,0x1082,0x1082,0x1082,0x1082,0x1082,0x1082,0x03ff,0x03ff,0x03ff,
    0x03ff,0x03ff,0x03ff,0x03ff,0x03ff,0x03ff,0x03ff,0x03ff,0x03ff,0x03ff,0x03ff,0x03ff,0x03ff,0x03ff,0x03ff,0x03ff,
    0x03ff,0x03ff,0x03ff,0x03ff,0x1082,0x1082,0x1082,0x1082,0x1082,0x1082,0x1082,0x1082,0x0000,0x0000,0x0000,0x0000,
    0x0000,0x0000,0x0000,0x0000,0x0000,0x0000,0xffff,0x0000,0x0000,0x0000,0x0000,0x0000,0x0000,0x0000,0x0000,0x0000,
    0x0000,0x0000,0x0000,0x0000,0x0000,0x0000,0x0000,0x0000,0x0000,0x0000,0x0000,0x0000,0x0000,0x0000,0x0000,0x0000,
    0x0000,0x0000,0x0000,0x0000,0x1082,0x1082,0x1082,0x1082,0x1082,0x1082,0x1082,0x1082,0x1082,0x1082,0x03ff,0x03ff,
    0x03ff,0x03ff,0x03ff,0x03ff,0x03ff,0x03ff,0x03ff,0x03ff,0x03ff,0x03ff,0x03ff,0x03ff,0x03ff,0x03ff,0x03ff,0x03ff,
    0x03ff,0x03ff,0x03ff,0x1082,0x1082,0x1082,0x1082,0x1082,0x1082,0x1082,0x1082,0x1082,0x1082,0x0000,0x0000,0x0000,
    0x0000,0x0000,0x0000,0x0000,0x0000,0xffff,0x0000,0x0000,0x0000,0x0000,0x0000,0x0000,0x0000,0x0000,0x0000,0x0000,
    0x0000,0x0000,0x0000,0x0000,0x0000,0x0000,0x0000,0x0000,0x0000,0x0000,0x0000,0x0000,0x0000,0x0000,0x0000,0x0000,
    0x0000,0x0000,0x0000,0x1082,0x1082,0x1082,0x1082,0x1082,0x1082,0xbf3f,0x1082,0x1082,0x1082,0x1082,0x1082,0x03ff,
    0x03ff,0x03ff,0x03ff,0x03ff,0x03ff,0x03ff,0x03ff,0x03ff,0x03ff,0x03ff,0x03ff,0x03ff,0x03ff,0x03ff,0x03ff,0x03ff,
    0x03ff,0x03ff,0x1082,0x1082,0x1082,0x1082,0x1082,0xbf3f,0x1082,0x1082,0x1082,0x1082,0x1082,0x1082,0x0000,0x0000,
    0x0000,0x0000,0x0000,0x0000,0xffff,0xffff,0xffff,0xffff,0xffff,0x0000,0x0000,0x0000,0x0000,0x0000,0x0000,0x0000,
    0x0000,0x0000,0x0000,0x0000,0x0000,0x0000,0x0000,0x0000,0x0000,0x0000,0x0000,0x0000,0x0000,0x0000,0x0000,0x0000,
    0x0000,0x0000,0x1082,0x1082,0x1082,0x1082,0x1082,0xbf3f,0xbf3f,0xbf3f,0xbf3f,0xbf3f,0x1082,0x1082,0x1082,0x1082,
    0x03ff,0x03ff,0x03ff,0x03ff,0x03ff,0x03ff,0x03ff,0x03ff,0x03ff,0x03ff,0x03ff,0x03ff,0x03ff,0x03ff,0x03ff,0x03ff,
    0x03ff,0x1082,0x1082,0x1082,0x1082,0xbf3f,0xbf3f,0xbf3f,0xbf3f,0xbf3f,0x1082,0x1082,0x1082,0x1082,0x1082,0x0000,
    0x0000,0x0000,0x0000,0x0000,0x0000,0x0000,0x0000,0x0000,0x0000,0x0000,0x0000,0x0000,0x0000,0x0000,0x0000,0x0000,
    0x0000,0x0000,0x0000,0x0000,0x0000,0x0000,0x0000,0x0000,0x0000,0x0000,0x0000,0x0000,0x0000,0x0000,0x0000,0x0000,
    0x0000,0x1082,0x1082,0x1082,0x1082,0x1082,0xbf3f,0xbf3f,0xbf3f,0xbf3f,0xbf3f,0xbf3f,0xbf3f,0x1082,0x1082,0x1082,
    0x03ff,0x03ff,0x03ff,0x03ff,0x03ff,0x03ff,0x03ff,0x03ff,0x03ff,0x03ff,0x03ff,0x03ff,0x03ff,0x03ff,0x03ff,0x03ff,
    0x03ff,0x1082,0x1082,0x1082,0xbf3f,0xbf3f,0xbf3f,0xbf3f,0xbf3f,0xbf3f,0xbf3f,0x1082,0x1082,0x1082,0x1082,0x1082,
    0x0000,0x0000,0x0000,0x0000,0x0000,0x0000,0x0000,0x0000,0x0000,0x0000,0x0000,0x0000,0x0000,0x0000,0x0000,0x0000,
    0x0000,0x0000,0x0000,0x0000,0x0000,0x0000,0x0000,0x0000,0x0000,0x0000,0x0000,0x0000,0x0000,0x0000,0x0000,0x0000,
    0x1082,0x1082,0x1082,0x1082,0x1082,0x1082,0xbf3f,0xbf3f,0xbf3f,0xbf3f,0xbf3f,0xbf3f,0xbf3f,0x1082,0x1082,0x1082,
    0x03ff,0x03ff,0x03ff,0x03ff,0x03ff,0x03ff,0x03ff,0x03ff,0x03ff,0x03ff,0x03ff,0x03ff,0x03ff,0x03ff,0x03ff,0x03ff,
    0x03ff,0x1082,0x1082,0x1082,0xbf3f,0xbf3f,0xbf3f,0xbf3f,0xbf3f,0xbf3f,0xbf3f,0x1082,0x1082,0x1082,0x1082,0x1082,
    0x1082,0x0000,0x0000,0x0000,0x0000,0x0000,0x0000,0x0000,0x0000,0x0000,0x0000,0x0000,0x0000,0x0000,0x0000,0x0000,
    0x0000,0x0000,0x0000,0x0000,0x0000,0x0000,0x0000,0x0000,0x0000,0x0000,0x0000,0x0000,0x0000,0x0000,0x0000,0x1082,
    0x1082,0x1082,0x1082,0x1082,0x1082,0xbf3f,0xbf3f,0xbf3f,0xbf3f,0xbf3f,0xbf3f,0xbf3f,0xbf3f,0xbf3f,0x1082,0x1082,
    0x1082,0x03ff,0x03ff,0x03ff,0x03ff,0x03ff,0x03ff,0x03ff,0x03ff,0x03ff,0x03ff,0x03ff,0x03ff,0x03ff,0x03ff,0x03ff,
    0x1082,0x1082,0x1082,0xbf3f,0xbf3f,0xbf3f,0xbf3f,0xbf3f,0xbf3f,0xbf3f,0xbf3f,0xbf3f,0x1082,0x1082,0xffff,0xffff,
    0xffff,0xffff,0xffff,0xffff,0x0000,0x0000,0x0000,0x0000,0x0000,0x0000,0x0000,0x0000,0x0000,0x0000,0x0000,0x0000,
    0x0000,0x0000,0x0000,0x0000,0x0000,0x0000,0x0000,0x0000,0x0000,0x0000,0x0000,0x0000,0x0000,0x0000,0x0000,0x1082,
    0x1082,0x03ff,0x03ff,0x1082,0x1082,0x1082,0xbf3f,0xbf3f,0xbf3f,0xbf3f,0xbf3f,0xbf3f,0xbf3f,0x1082,0x1082,0x1082,
    0x03ff,0x03ff,0x03ff,0x03ff,0x03ff,0x03ff,0x03ff,0x03ff,0x03ff,0x03ff,0x03ff,0x03ff,0x03ff,0x03ff,0x03ff,0x03ff,
    0x03ff,0x1082,0x1082,0x1082,0xbf3f,0xbf3f,0xbf3f,0xbf3f,0xbf3f,0xbf3f,0xbf3f,0x1082,0x1082,0x1082,0x03ff,0x03ff,
    0x1082,0x1082,0xffff,0x0000,0x0000,0x0000,0x0000,0x0000,0x0000,0x0000,0x0000,0x0000,0x0000,0x0000,0x0000,0x0000,
    0x0000,0x0000,0x0000,0x0000,0x0000,0x0000,0x0000,0x0000,0x0000,0x0000,0x0000,0x0000,0x0000,0x0000,0x1082,0x1082,
    0x03ff,0x03ff,0x03ff,0x1082,0x1082,0x1082,0xbf3f,0xbf3f,0xbf3f,0xbf3f,0xbf3f,0xbf3f,0xbf3f,0x1082,0x1082,0x1082,
    0x03ff,0x03ff,0x03ff,0x03ff,0x03ff,0x03ff,0x03ff,0x03ff,0x03ff,0x03ff,0x03ff,0x03ff,0x03ff,0x03ff,0x03ff,0x03ff,
    0x03ff,0x1082,0x1082,0x1082,0xbf3f,0xbf3f,0xbf3f,0xbf3f,0xbf3f,0xbf3f,0xbf3f,0x1082,0x1082,0x1082,0x03ff,0x03ff,
    0x03ff,0xffff,0x1082,0x0000,0x0000,0x0000,0x0000,0x0000,0x0000,0x0000,0x0000,0x0000,0x0000,0x0000,0x0000,0x0000,
    0x0000,0x0000,0x0000,0x0000,0x0000,0x0000,0x0000,0x0000,0x0000,0x0000,0x0000,0x0000,0x0000,0x1082,0x1082,0x1082,
    0x03ff,0x03ff,0x03ff,0x1082,0x1082,0x1082,0x1082,0xbf3f,0xbf3f,0xbf3f,0xbf3f,0xbf3f,0x1082,0x1082,0x1082,0x1082,
    0x03ff,0x03ff,0x03ff,0x03ff,0x03ff,0x03ff,0x03ff,0x03ff,0x03ff,0x03ff,0x03ff,0x03ff,0x03ff,0x03ff,0x03ff,0x03ff,
    0x03ff,0x1082,0x1082,0x1082,0x1082,0xbf3f,0xbf3f,0xbf3f,0xbf3f,0xbf3f,0x1082,0x1082,0x1082,0x1082,0x03ff,0x03ff,
    0xffff,0x1082,0x1082,0x1082,0x0000,0x0000,0x0000,0x0000,0x0000,0x0000,0x0000,0x0000,0x0000,0x0000,0x0000,0x0000,
    0x0000,0x0000,0x0000,0x0000,0x0000,0x0000,0x0000,0x0000,0x0000,0x0000,0x0000,0x0000,0x0000,0x1082,0x1082,0x03ff,
    0x03ff,0x03ff,0x03ff,0x03ff,0x1082,0x1082,0x1082,0x1082,0x1082,0xbf3f,0x1082,0x1082,0x1082,0x1082,0x1082,0x03ff,
    0x03ff,0x03ff,0x03ff,0x03ff,0x03ff,0x03ff,0x03ff,0x03ff,0x03ff,0x03ff,0x03ff,0x03ff,0x03ff,0x03ff,0x03ff,0x03ff,
    0x03ff,0x03ff,0x1082,0x1082,0x1082,0x1082,0x1082,0xbf3f,0x1082,0x1082,0x1082,0x1082,0x1082,0x03ff,0x03ff,0xffff,
    0x03ff,0x03ff,0x1082,0x1082,0x0000,0x0000,0x0000,0x0000,0x0000,0x0000,0x0000,0x0000,0x0000,0x0000,0x0000,0x0000,
    0x0000,0x0000,0x0000,0x0000,0x0000,0x0000,0x0000,0x0000,0x0000,0x0000,0x0000,0x0000,0x1082,0x1082,0x1082,0x03ff,
    0x03ff,0x03ff,0x03ff,0x03ff,0x03ff,0x1082,0x1082,0x1082,0x1082,0x1082,0x1082,0x1082,0x1082,0x1082,0x03ff,0x03ff,
    0x03ff,0x03ff,0x03ff,0x03ff,0x03ff,0x03ff,0x03ff,0x03ff,0x03ff,0x03ff,0x03ff,0x03ff,0x03ff,0x03ff,0x03ff,0x03ff,
    0x03ff,0x03ff,0x03ff,0x1082,0x1082,0x1082,0x1082,0x1082,0x1082,0x1082,0x1082,0x1082,0x03ff,0x03ff,0xffff,0xffff,
    0xffff,0xffff,0xffff,0xffff,0x1082,0x0000,0x0000,0x0000,0x0000,0x0000,0x0000,0x0000,0x0000,0x0000,0x0000,0x0000,
    0x0000,0x0000,0x0000,0x0000,0x0000,0x0000,0x0000,0x0000,0x0000,0x0000,0x0000,0x0000,0x1082,0x1082,0x03ff,0x03ff,
    0x03ff,0x03ff,0x03ff,0x03ff,0x03ff,0x03ff,0x1082,0x1082,0x1082,0x1082,0x1082,0x1082,0x1082,0x03ff,0x03ff,0x03ff,
    0x03ff,0x03ff,0x03ff,0x03ff,0x03ff,0x03ff,0x03ff,0x03ff,0x03ff,0x03ff,0x03ff,0x03ff,0x03ff,0x03ff,0x03ff,0x03ff,
    0x03ff,0x03ff,0x03ff,0x03ff,0x1082,0x1082,0x1082,0x1082,0x1082,0x1082,0x1082,0x03ff,0x03ff,0x03ff,0x03ff,0x03ff,
    0x03ff,0x03ff,0x03ff,0x1082,0x1082,0x0000,0x0000,0x0000,0x0000,0x0000,0x0000,0x0000,0x0000,0x0000,0x0000,0x0000,
    0x0000,0x0000,0x0000,0x0000,0x0000,0x0000,0x0000,0x0000,0x0000,0x0000,0x0000,0x0000,0x1082,0x1082,0x03ff,0x03ff,
    0x03ff,0x03ff,0x03ff,0x03ff,0x03ff,0x03ff,0x03ff,0x03ff,0x03ff,0x1082,0x03ff,0x03ff,0x03ff,0x03ff,0x03ff,0x03ff,
    0x03ff,0x03ff,0x03ff,0x03ff,0x03ff,0x03ff,0x03ff,0x03ff,0x03ff,0x03ff,0x03ff,0x03ff,0x03ff,0x03ff,0x03ff,0x03ff,
    0x03ff,0x03ff,0x03ff,0x03ff,0x03ff,0x03ff,0x03ff,0x1082,0x03ff,0x03ff,0x03ff,0x03ff,0x03ff,0x03ff,0x03ff,0x03ff,
    0x03ff,0x03ff,0x03ff,0x1082,0x1082,0x0000,0x0000,0x0000,0x0000,0x0000,0x0000,0x0000,0x0000,0x0000,0x0000,0x0000,
    0x0000,0x0000,0x0000,0x0000,0x0000,0x0000,0x0000,0x0000,0x0000,0x0000,0x0000,0x1082,0x1082,0x03ff,0x03ff,0x03ff,
    0x03ff,0x03ff,0x03ff,0x03ff,0x03ff,0x03ff,0x03ff,0x03ff,0x03ff,0x03ff,0x03ff,0x03ff,0x03ff,0x03ff,0x03ff,0x03ff,
    0x03ff,0x03ff,0x03ff,0x03ff,0x03ff,0x03ff,0x03ff,0x03ff,0x03ff,0x03ff,0x03ff,0x03ff,0x03ff,0x03ff,0x03ff,0x03ff,
    0x03ff,0x03ff,0x03ff,0x03ff,0x03ff,0x03ff,0x03ff,0x03ff,0x03ff,0x03ff,0x03ff,0x03ff,0x03ff,0x03ff,0x03ff,0x03ff,
    0x03ff,0x03ff,0x03ff,0x03ff,0x1082,0x1082,0x0000,0x0000,0x0000,0x0000,0x0000,0x0000,0x0000,0x0000,0x0000,0x0000,
    0x0000,0x0000,0x0000,0x0000,0x0000,0x0000,0x0000,0x0000,0x0000,0x0000,0x0000,0x1082,0x1082,0x03ff,0x03ff,0x03ff,
    0x03ff,0x03ff,0x03ff,0x03ff,0x03ff,0x03ff,0x03ff,0x03ff,0x03ff,0x03ff,0x03ff,0x03ff,0x03ff,0x03ff,0x03ff,0x03ff,
    0x03ff,0x0000,0x0000,0x0000,0x03ff,0x03ff,0x03ff,0x03ff,0x03ff,0x03ff,0x03ff,0x03ff,0x03ff,0x0000,0x0000,0x0000,
    0x03ff,0x03ff,0x03ff,0x03ff,0x03ff,0x03ff,0x03ff,0x03ff,0x03ff,0x03ff,0x03ff,0x03ff,0x03ff,0x03ff,0x03ff,0x03ff,
    0x03ff,0x03ff,0x03ff,0x03ff,0x1082,0x1082,0x0000,0x0000,0x0000,0x0000,0x0000,0x0000,0x0000,0x0000,0x0000,0x0000,
    0x0000,0x0000,0x0000,0x0000,0x0000,0x0000,0x0000,0x0000,0x0000,0x0000,0x0000,0x1082,0x1082,0x03ff,0x03ff,0x03ff,
    0x03ff,0x03ff,0x03ff,0x03ff,0x03ff,0x03ff,0x03ff,0x03ff,0x03ff,0x03ff,0x03ff,0x03ff,0x03ff,0x03ff,0x03ff,0x03ff,
    0x0000,0x0000,0x0000,0x0000,0x03ff,0x03ff,0x03ff,0x03ff,0x03ff,0x03ff,0x03ff,0x03ff,0x03ff,0x0000,0x0000,0x0000,
    0x0000,0x03ff,0x03ff,0x03ff,0x03ff,0x03ff,0x03ff,0x03ff,0x03ff,0x03ff,0x03ff,0x03ff,0x03ff,0x03ff,0x03ff,0x03ff,
    0x03ff,0x03ff,0x03ff,0x03ff,0x1082,0x1082,0x0000,0x0000,0x0000,0x0000,0x0000,0x0000,0x0000,0x0000,0x0000,0x0000,
    0x0000,0x0000,0x0000,0x0000,0x0000,0x0000,0x0000,0x0000,0x0000,0x0000,0x1082,0x1082,0x03ff,0x03ff,0x03ff,0x03ff,
    0x03ff,0x03ff,0x03ff,0x03ff,0x03ff,0x0000,0x0000,0x0000,0x0000,0x03ff,0x03ff,0x03ff,0x03ff,0x03ff,0x03ff,0x0000,
    0x0000,0x0000,0x0000,0x0000,0x03ff,0x03ff,0x03ff,0x03ff,0x03ff,0x03ff,0x03ff,0x03ff,0x03ff,0x0000,0x0000,0x0000,
    0x0000,0x0000,0x03ff,0x03ff,0x03ff,0x03ff,0x03ff,0x03ff,0x0000,0x0000,0x0000,0x0000,0x03ff,0x03ff,0x03ff,0x03ff,
    0x03ff,0x03ff,0x03ff,0x03ff,0x03ff,0x1082,0x1082,0x0000,0x0000,0x0000,0x0000,0x0000,0x0000,0x0000,0x0000,0x0000,
    0x0000,0x0000,0x0000,0x0000,0x0000,0x0000,0x0000,0x0000,0x0000,0x0000,0x1082,0x1082,0x03ff,0x03ff,0x03ff,0x03ff,
    0x03ff,0x03ff,0x03ff,0x03ff,0x03ff,0x0000,0x0000,0x0000,0x0000,0x0000,0x0000,0x03ff,0x03ff,0x03ff,0x03ff,0x0000,
    0x0000,0x0000,0x0000,0x03ff,0x03ff,0x03ff,0x03ff,0x03ff,0x03ff,0x03ff,0x03ff,0x03ff,0x03ff,0x03ff,0x0000,0x0000,
    0x0000,0x0000,0x03ff,0x03ff,0x03ff,0x03ff,0x0000,0x0000,0x0000,0x0000,0x0000,0x0000,0x03ff,0x03ff,0x03ff,0x03ff,
    0x03ff,0x03ff,0x03ff,0x03ff,0x03ff,0x1082,0x1082,0x0000,0x0000,0x0000,0x0000,0x0000,0x0000,0x0000,0x0000,0x0000,
    0x0000,0x0000,0x0000,0x0000,0x0000,0x0000,0x0000,0x0000,0x0000,0x0000,0x1082,0x1082,0x03ff,0x03ff,0x03ff,0x03ff,
    0x03ff,0x03ff,0x03ff,0x03ff,0x03ff,0x0000,0x0000,0x0000,0x0000,0x0000,0x0000,0x0000,0x0000,0x0000,0x0000,0x0000,
    0x0000,0x0000,0x03ff,0x03ff,0x03ff,0x03ff,0x03ff,0x03ff,0x03ff,0x03ff,0x03ff,0x03ff,0x03ff,0x03ff,0x03ff,0x0000,
    0x0000,0x0000,0x0000,0x0000,0x0000,0x0000,0x0000,0x0000,0x0000,0x0000,0x0000,0x0000,0x03ff,0x03ff,0x03ff,0x03ff,
    0x03ff,0x03ff,0x03ff,0x03ff,0x03ff,0x1082,0x1082,0x0000,0x0000,0x0000,0x0000,0x0000,0x0000,0x0000,0x0000,0x0000,
    0x0000,0x0000,0x0000,0x0000,0x0000,0x0000,0x0000,0x0000,0x0000,0x0000,0x1082,0x1082,0x03ff,0x03ff,0x03ff,0x03ff,
    0x03ff,0x03ff,0x03ff,0x03ff,0x03ff,0x03ff,0x03ff,0x0000,0x0000,0x0000,0x0000,0x0000,0x0000,0x0000,0x0000,0x0000,
    0x0000,0x0000,0x03ff,0x03ff,0x03ff,0x03ff,0x03ff,0x03ff,0x03ff,0x03ff,0x03ff,0x03ff,0x03ff,0x03ff,0x03ff,0x0000,
    0x0000,0x0000,0x0000,0x0000,0x0000,0x0000,0x0000,0x0000,0x0000,0x0000,0x03ff,0x03ff,0x03ff,0x03ff,0x03ff,0x03ff,
    0x03ff,0x03ff,0x03ff,0x03ff,0x03ff,0x1082,0x1082,0x0000,0x0000,0x0000,0x0000,0x0000,0x0000,0x0000,0x0000,0x0000,
    0x0000,0x0000,0x0000,0x0000,0x0000,0x0000,0x0000,0x0000,0x0000,0x0000,0x1082,0x1082,0x03ff,0x03ff,0x03ff,0x03ff,
    0x03ff,0x03ff,0x03ff,0x03ff,0x03ff,0x03ff,0x03ff,0x03ff,0x03ff,0x0000,0x0000,0x0000,0x0000,0x0000,0x0000,0x0000,
    0x0000,0x03ff,0x03ff,0x03ff,0x03ff,0x03ff,0x03ff,0x03ff,0x03ff,0x03ff,0x03ff,0x03ff,0x03ff,0x03ff,0x03ff,0x03ff,
    0x0000,0x0000,0x0000,0x0000,0x0000,0x0000,0x0000,0x0000,0x03ff,0x03ff,0x03ff,0x03ff,0x03ff,0x03ff,0x03ff,0x03ff,
    0x03ff,0x03ff,0x03ff,0x03ff,0x03ff,0x1082,0x1082,0x0000,0x0000,0x0000,0x0000,0x0000,0x0000,0x0000,0x0000,0x0000,
    0x0000,0x0000,0x0000,0x0000,0x0000,0x0000,0x0000,0x0000,0x0000,0x0000,0x1082,0x1082,0x03ff,0x03ff,0x03ff,0x03ff,
    0x03ff,0x03ff,0x03ff,0x03ff,0x03ff,0x03ff,0x03ff,0x03ff,0x03ff,0x03ff,0x03ff,0x03ff,0x0000,0x0000,0x0000,0x0000,
    0x03ff,0x03ff,0x03ff,0x03ff,0x03ff,0x03ff,0x03ff,0x03ff,0x03ff,0x03ff,0x03ff,0x03ff,0x03ff,0x03ff,0x03ff,0x03ff,
    0x03ff,0x0000,0x0000,0x0000,0x0000,0x03ff,0x03ff,0x03ff,0x03ff,0x03ff,0x03ff,0x03ff,0x03ff,0x03ff,0x03ff,0x03ff,
    0x03ff,0x03ff,0x03ff,0x03ff,0x03ff,0x1082,0x1082,0x0000,0x0000,0x0000,0x0000,0x0000,0x0000,0x0000,0x0000,0x0000,
    0x0000,0x0000,0x0000,0x0000,0x0000,0x0000,0x0000,0x0000,0x0000,0x0000,0x1082,0x1082,0x03ff,0x03ff,0x03ff,0x03ff,
    0x03ff,0x03ff,0x03ff,0x03ff,0x03ff,0x03ff,0x03ff,0x03ff,0x03ff,0x03ff,0x03ff,0x03ff,0x03ff,0x03ff,0x03ff,0x03ff,
    0x03ff,0x03ff,0x03ff,0x03ff,0x03ff,0x03ff,0x03ff,0x03ff,0x03ff,0x03ff,0x03ff,0x03ff,0x03ff,0x03ff,0x03ff,0x03ff,
    0x03ff,0x03ff,0x03ff,0x03ff,0x03ff,0x03ff,0x03ff,0x03ff,0x03ff,0x03ff,0x03ff,0x03ff,0x03ff,0x03ff,0x03ff,0x03ff,
    0x03ff,0x03ff,0x03ff,0x03ff,0x03ff,0x1082,0x1082,0x0000,0x0000,0x0000,0x0000,0x0000,0x0000,0x0000,0x0000,0x0000,
    0x0000,0x0000,0x0000,0x0000,0x0000,0x0000,0x0000,0x0000,0x0000,0x1082,0x1082,0x03ff,0x03ff,0x03ff,0x03ff,0x03ff,
    0x03ff,0x03ff,0x03ff,0x03ff,0x03ff,0x03ff,0x03ff,0x03ff,0x03ff,0x03ff,0x03ff,0x03ff,0x03ff,0x03ff,0x03ff,0x03ff,
    0x03ff,0x03ff,0x03ff,0x03ff,0x03ff,0x03ff,0x03ff,0x03ff,0x03ff,0x03ff,0x03ff,0x03ff,0x03ff,0x03ff,0x03ff,0x03ff,
    0x03ff,0x03ff,0x03ff,0x03ff,0x03ff,0x03ff,0x03ff,0x03ff,0x03ff,0x03ff,0x03ff,0x03ff,0x03ff,0x03ff,0x03ff,0x03ff,
    0x03ff,0x03ff,0x03ff,0x03ff,0x03ff,0x03ff,0x1082,0x1082,0x0000,0x0000,0x0000,0x0000,0x0000,0x0000,0x0000,0x0000,
    0x0000,0x0000,0x0000,0x0000,0x0000,0x0000,0x0000,0x0000,0x0000,0x0000,0x1082,0x1082,0x03ff,0x03ff,0x03ff,0x03ff,
    0x03ff,0x03ff,0x03ff,0x03ff,0x03ff,0x03ff,0x03ff,0x03ff,0x03ff,0x03ff,0x03ff,0x03ff,0x03ff,0x03ff,0x03ff,0x03ff,
    0x03ff,0x03ff,0x03ff,0x03ff,0x03ff,0x03ff,0x03ff,0x03ff,0x03ff,0x03ff,0x03ff,0x03ff,0x03ff,0x03ff,0x03ff,0x03ff,
    0x03ff,0x03ff,0x03ff,0x03ff,0x03ff,0x03ff,0x03ff,0x03ff,0x03ff,0x03ff,0x03ff,0x03ff,0x03ff,0x03ff,0x03ff,0x03ff,
    0x03ff,0x03ff,0x03ff,0x03ff,0x03ff,0x1082,0x1082,0x0000,0x0000,0x0000,0x0000,0x0000,0x0000,0x0000,0x0000,0x0000,
    0x0000,0x0000,0x0000,0x0000,0x0000,0x0000,0x0000,0x0000,0x0000,0x0000,0x1082,0x1082,0x03ff,0x03ff,0x03ff,0x03ff,
    0x03ff,0x03ff,0x03ff,0x03ff,0x03ff,0x03ff,0x03ff,0x03ff,0x03ff,0x03ff,0x03ff,0x03ff,0x03ff,0x03ff,0x03ff,0x03ff,
    0x03ff,0x03ff,0x03ff,0x03ff,0x03ff,0x03ff,0x03ff,0x03ff,0x1082,0x03ff,0x03ff,0x03ff,0x03ff,0x03ff,0x03ff,0x03ff,
    0x03ff,0x03ff,0x03ff,0x03ff,0x03ff,0x03ff,0x03ff,0x03ff,0x03ff,0x03ff,0x03ff,0x03ff,0x03ff,0x03ff,0x03ff,0x03ff,
    0x03ff,0x03ff,0x03ff,0x03ff,0x03ff,0x1082,0x1082,0x1082,0x0000,0x0000,0x0000,0x0000,0x0000,0x0000,0x0000,0x0000,
    0x0000,0x0000,0x0000,0x0000,0x0000,0x0000,0x0000,0x0000,0x0000,0x0000,0x1082,0x1082,0x03ff,0x03ff,0x03ff,0x03ff,
    0x03ff,0x03ff,0x03ff,0x03ff,0x03ff,0x03ff,0x03ff,0x03ff,0x03ff,0x03ff,0x03ff,0x03ff,0x03ff,0x03ff,0x03ff,0x03ff,
    0x03ff,0x03ff,0x03ff,0x1082,0x1082,0x1082,0x1082,0x1082,0x1082,0x1082,0x1082,0x1082,0x1082,0x1082,0x03ff,0x03ff,
    0x03ff,0x03ff,0x03ff,0x03ff,0x03ff,0x03ff,0x03ff,0x03ff,0x03ff,0x03ff,0x03ff,0x03ff,0x03ff,0x03ff,0x03ff,0x03ff,
    0x03ff,0x03ff,0x03ff,0x03ff,0x03ff,0x1082,0x1082,0x1082,0x1082,0x1082,0x0000,0x0000,0x0000,0x0000,0x0000,0x0000,
    0x0000,0x0000,0x0000,0x0000,0x0000,0x0000,0x0000,0x0000,0x0000,0x0000,0x1082,0x1082,0x03ff,0x03ff,0x1082,0x1082,
    0x1082,0x03ff,0x03ff,0x03ff,0x03ff,0x03ff,0x03ff,0x03ff,0x03ff,0x03ff,0x03ff,0x03ff,0x03ff,0x03ff,0x03ff,0x03ff,
    0x1082,0x1082,0x1082,0x1082,0x1082,0x1082,0x1082,0x1082,0xbf3f,0x1082,0x1082,0x1082,0x1082,0x1082,0x1082,0x1082,
    0x1082,0x03ff,0x03ff,0x03ff,0x03ff,0x03ff,0x03ff,0x03ff,0x03ff,0x03ff,0x03ff,0x03ff,0x03ff,0x03ff,0x03ff,0x03ff,
    0x1082,0x1082,0x1082,0x03ff,0x03ff,0x1082,0x1082,0x1082,0x1082,0x1082,0x1082,0x1082,0x0000,0x0000,0x0000,0x0000,
    0x0000,0x0000,0x0000,0x0000,0x0000,0x0000,0x0000,0x0000,0x0000,0x0000,0x1082,0x1082,0x03ff,0x1082,0x1082,0x1082,
    0x1082,0x03ff,0x03ff,0x03ff,0x03ff,0x03ff,0x03ff,0x03ff,0x03ff,0x03ff,0x03ff,0x03ff,0x03ff,0x03ff,0x03ff,0x1082,
    0x1082,0x1082,0x1082,0xbf3f,0xbf3f,0xbf3f,0xbf3f,0xbf3f,0xbf3f,0xbf3f,0xbf3f,0xbf3f,0xbf3f,0xbf3f,0x1082,0x1082,
    0x1082,0x1082,0x03ff,0x03ff,0x03ff,0x03ff,0x03ff,0x03ff,0x03ff,0x03ff,0x03ff,0x03ff,0x03ff,0x03ff,0x03ff,0x03ff,
    0x1082,0x1082,0x1082,0x1082,0x03ff,0x1082,0x1082,0xbf3f,0x1082,0x1082,0x1082,0x1082,0x0000,0x0000,0x0000,0x0000,
    0x0000,0x0000,0x0000,0x0000,0x0000,0x0000,0x0000,0x0000,0x0000,0x0000,0x1082,0x1082,0x1082,0x1082,0x1082,0x1082,
    0x1082,0x03ff,0x03ff,0x03ff,0x03ff,0x03ff,0x03ff,0x03ff,0x03ff,0x03ff,0x03ff,0x03ff,0x03ff,0x1082,0x1082,0x1082,
    0x1082,0xbf3f,0xbf3f,0xbf3f,0xbf3f,0xbf3f,0xbf3f,0xbf3f,0xbf3f,0xbf3f,0xbf3f,0xbf3f,0xbf3f,0xbf3f,0xbf3f,0xbf3f,
    0x1082,0x1082,0x1082,0x1082,0x03ff,0x03ff,0x03ff,0x03ff,0x03ff,0x03ff,0x03ff,0x03ff,0x03ff,0x03ff,0x03ff,0x03ff,
    0x1082,0x1082,0x1082,0x1082,0x1082,0x1082,0x1082,0xbf3f,0xbf3f,0x1082,0x1082,0x1082,0x1082,0x0000,0x0000,0x0000,
    0x0000,0x0000,0x0000,0x0000,0x0000,0x0000,0x0000,0x0000,0x0000,0x0000,0x1082,0x1082,0x1082,0x1082,0x1082,0x1082,
    0x03ff,0x03ff,0x03ff,0x03ff,0x03ff,0x03ff,0x03ff,0x03ff,0x03ff,0x03ff,0x03ff,0x03ff,0x1082,0x1082,0x1082,0x1082,
    0xbf3f,0xbf3f,0xbf3f,0xbf3f,0xbf3f,0xbf3f,0xbf3f,0xbf3f,0xbf3f,0xbf3f,0xbf3f,0xbf3f,0xbf3f,0xbf3f,0xbf3f,0xbf3f,
    0xbf3f,0x1082,0x1082,0x1082,0x1082,0x03ff,0x03ff,0x03ff,0x03ff,0x03ff,0x03ff,0x03ff,0x03ff,0x03ff,0x03ff,0x03ff,
    0x03ff,0x1082,0x1082,0x1082,0x1082,0x1082,0x1082,0xbf3f,0xbf3f,0x1082,0x1082,0x1082,0x1082,0x0000,0x0000,0x0000,
    0x0000,0x0000,0x0000,0x0000,0x0000,0x0000,0x0000,0x0000,0x0000,0x0000,0x1082,0x1082,0x1082,0x1082,0x1082,0x03ff,
    0x03ff,0x03ff,0x03ff,0x03ff,0x03ff,0x03ff,0x03ff,0x03ff,0x03ff,0x03ff,0x03ff,0x03ff,0x1082,0x1082,0x1082,0xbf3f,
    0xbf3f,0xbf3f,0xbf3f,0xbf3f,0xbf3f,0xbf3f,0xbf3f,0xbf3f,0xbf3f,0xbf3f,0xbf3f,0xbf3f,0xbf3f,0xbf3f,0xbf3f,0xbf3f,
    0xbf3f,0xbf3f,0x1082,0x1082,0x1082,0x03ff,0x03ff,0x03ff,0x03ff,0x03ff,0x03ff,0x03ff,0x03ff,0x03ff,0x03ff,0x03ff,
    0x03ff,0x03ff,0x1082,0x1082,0x1082,0x1082,0x1082,0xbf3f,0xbf3f,0xbf3f,0x1082,0x1082,0x1082,0x1082,0x0000,0x0000,
    0x0000,0x0000,0x0000,0x0000,0x0000,0x0000,0x0000,0x0000,0x0000,0x1082,0xbf3f,0x1082,0x1082,0x1082,0x03ff,0x03ff,
    0x03ff,0x03ff,0x03ff,0x03ff,0x03ff,0x03ff,0x03ff,0x03ff,0x03ff,0x03ff,0x03ff,0x1082,0x1082,0x1082,0xbf3f,0xbf3f,
    0xbf3f,0xbf3f,0xbf3f,0xbf3f,0xbf3f,0xbf3f,0xbf3f,0xbf3f,0xbf3f,0xbf3f,0xbf3f,0xbf3f,0xbf3f,0xbf3f,0xbf3f,0xbf3f,
    0xbf3f,0xbf3f,0xbf3f,0x1082,0x1082,0x1082,0x03ff,0x03ff,0x03ff,0x03ff,0x03ff,0x03ff,0x03ff,0x03ff,0x03ff,0x03ff,
    0x03ff,0x03ff,0x03ff,0x1082,0x1082,0x1082,0xbf3f,0x1082,0xbf3f,0x1082,0x1082,0x1082,0x1082,0x0000,0x0000,0x0000,
    0x0000,0x0000,0x0000,0x0000,0x0000,0x0000,0x0000,0x0000,0xbf3f,0xbf3f,0xbf3f,0xbf3f,0xbf3f,0x03ff,0x03ff,0x03ff,
    0x03ff,0x03ff,0x03ff,0x03ff,0x03ff,0x03ff,0x03ff,0x03ff,0x03ff,0x03ff,0x1082,0x1082,0x1082,0xbf3f,0xbf3f,0xbf3f,
    0xbf3f,0xbf3f,0xbf3f,0x0000,0x0000,0x0000,0xbf3f,0xbf3f,0xbf3f,0xbf3f,0xbf3f,0x0000,0x0000,0x0000,0xbf3f,0xbf3f,
    0xbf3f,0xbf3f,0xbf3f,0xbf3f,0x1082,0x1082,0x1082,0x03ff,0x03ff,0x03ff,0x03ff,0x03ff,0x03ff,0x03ff,0x03ff,0x03ff,
    0x03ff,0x03ff,0x03ff,0x03ff,0xbf3f,0xbf3f,0xbf3f,0xbf3f,0xbf3f,0x1082,0x1082,0x1082,0x1082,0x0000,0x0000,0x0000,
    0x0000,0x0000,0x0000,0x0000,0x0000,0x0000,0x0000,0x0000,0xbf3f,0xbf3f,0xbf3f,0xbf3f,0xbf3f,0x1082,0x03ff,0x03ff,
    0x03ff,0x03ff,0x03ff,0x03ff,0x03ff,0x03ff,0x03ff,0x03ff,0x03ff,0x03ff,0x1082,0x1082,0x1082,0xbf3f,0xbf3f,0xbf3f,
    0xbf3f,0xbf3f,0xbf3f,0x0000,0x0000,0x0000,0x0000,0x0000,0xbf3f,0x0000,0x0000,0x0000,0x0000,0x0000,0xbf3f,0xbf3f,
    0xbf3f,0xbf3f,0xbf3f,0xbf3f,0x1082,0x1082,0x1082,0x03ff,0x03ff,0x03ff,0x03ff,0x03ff,0x03ff,0x03ff,0x03ff,0x03ff,
    0x03ff,0x03ff,0x03ff,0x1082,0xbf3f,0xbf3f,0xbf3f,0xbf3f,0xbf3f,0x1082,0x1082,0x1082,0x0000,0x0000,0x0000,0x0000,
    0x0000,0x0000,0x0000,0x0000,0x0000,0x0000,0x0000,0xbf3f,0xbf3f,0xbf3f,0xbf3f,0xbf3f,0xbf3f,0xbf3f,0x03ff,0x03ff,
    0x03ff,0x03ff,0x03ff,0x03ff,0x03ff,0x03ff,0x03ff,0x03ff,0x03ff,0x03ff,0x1082,0x1082,0x1082,0xbf3f,0xbf3f,0xbf3f,
    0xbf3f,0xbf3f,0xbf3f,0x0000,0x0000,0x0000,0x0000,0x0000,0x0000,0x0000,0x0000,0x0000,0x0000,0x0000,0xbf3f,0xbf3f,
    0xbf3f,0xbf3f,0xbf3f,0xbf3f,0x1082,0x1082,0x1082,0x03ff,0x03ff,0x03ff,0x03ff,0x03ff,0x03ff,0x03ff,0x03ff,0x03ff,
    0x03ff,0x03ff,0x03ff,0xbf3f,0xbf3f,0xbf3f,0xbf3f,0xbf3f,0xbf3f,0xbf3f,0x1082,0x1082,0x0000,0x0000,0x0000,0x0000,
    0x0000,0x0000,0x0000,0x0000,0x0000,0x0000,0x0000,0x0000,0xbf3f,0xbf3f,0xbf3f,0xbf3f,0xbf3f,0x1082,0x1082,0x03ff,
    0x03ff,0x03ff,0x03ff,0x03ff,0x03ff,0x03ff,0x03ff,0x03ff,0x03ff,0x03ff,0x1082,0x1082,0xbf3f,0xbf3f,0xbf3f,0xbf3f,
    0xbf3f,0xbf3f,0xbf3f,0x0000,0x0000,0x0000,0x0000,0x0000,0x0000,0x0000,0x0000,0x0000,0x0000,0x0000,0xbf3f,0xbf3f,
    0xbf3f,0xbf3f,0xbf3f,0xbf3f,0xbf3f,0x1082,0x1082,0x03ff,0x03ff,0x03ff,0x03ff,0x03ff,0x03ff,0x03ff,0x03ff,0x03ff,
    0x03ff,0x03ff,0x1082,0x1082,0xbf3f,0xbf3f,0xbf3f,0xbf3f,0xbf3f,0x1082,0x0000,0x0000,0x0000,0x0000,0x0000,0x0000,
    0x0000,0x0000,0x0000,0x0000,0x0000,0x0000,0x0000,0x0000,0xbf3f,0xbf3f,0xbf3f,0xbf3f,0xbf3f,0x1082,0x1082,0x03ff,
    0x03ff,0x03ff,0x03ff,0x03ff,0x03ff,0x03ff,0x03ff,0x03ff,0x03ff,0x1082,0x1082,0x1082,0x1082,0xbf3f,0xbf3f,0xbf3f,
    0xbf3f,0xbf3f,0xbf3f,0xbf3f,0xbf3f,0x0000,0x0000,0x0000,0x0000,0x0000,0x0000,0x0000,0xbf3f,0xbf3f,0xbf3f,0xbf3f,
    0xbf3f,0xbf3f,0xbf3f,0xbf3f,0x1082,0x1082,0x1082,0x1082,0x03ff,0x03ff,0x03ff,0x03ff,0x03ff,0x03ff,0x03ff,0x03ff,
    0x03ff,0x03ff,0x1082,0x1082,0xbf3f,0xbf3f,0xbf3f,0xbf3f,0xbf3f,0x0000,0x0000,0x0000,0x0000,0x0000,0x0000,0x0000,
    0x0000,0x0000,0x0000,0x0000,0x0000,0x0000,0x0000,0x0000,0x0000,0x0000,0xbf3f,0x0000,0x0000,0x1082,0x1082,0x1082,
    0x03ff,0x03ff,0x03ff,0x03ff,0x03ff,0x03ff,0x03ff,0x03ff,0x03ff,0x03ff,0x1082,0x1082,0x1082,0xbf3f,0xbf3f,0xbf3f,
    0xbf3f,0xbf3f,0xbf3f,0xbf3f,0xbf3f,0xbf3f,0xbf3f,0xbf3f,0xbf3f,0xbf3f,0xbf3f,0xbf3f,0xbf3f,0xbf3f,0xbf3f,0xbf3f,
    0xbf3f,0xbf3f,0xbf3f,0xbf3f,0x1082,0x1082,0x1082,0x03ff,0x03ff,0x03ff,0x03ff,0x03ff,0x03ff,0x03ff,0x03ff,0x03ff,
    0x03ff,0x1082,0x1082,0x1082,0x0000,0x0000,0xbf3f,0x0000,0x0000,0x0000,0x0000,0x0000,0x0000,0x0000,0x0000,0x0000,
    0x0000,0x0000,0x0000,0x0000,0x0000,0x0000,0x0000,0x0000,0x0000,0x0000,0x0000,0x0000,0x0000,0x0000,0x1082,0x1082,
    0x03ff,0x03ff,0x03ff,0x03ff,0x03ff,0x03ff,0x03ff,0x03ff,0x03ff,0x03ff,0x1082,0x1082,0x1082,0xbf3f,0xbf3f,0xbf3f,
    0xbf3f,0xbf3f,0xbf3f,0xbf3f,0xbf3f,0xbf3f,0xbf3f,0xbf3f,0xbf3f,0xbf3f,0xbf3f,0xbf3f,0xbf3f,0xbf3f,0xbf3f,0xbf3f,
    0xbf3f,0xbf3f,0xbf3f,0xbf3f,0x1082,0x1082,0x1082,0x03ff,0x03ff,0x03ff,0x03ff,0x03ff,0x03ff,0x03ff,0x03ff,0x03ff,
    0x03ff,0x1082,0x1082,0x0000,0x0000,0x0000,0x0000,0x0000,0x0000,0x0000,0x0000,0x0000,0x0000,0x0000,0x0000,0x0000,
    0x0000,0x0000,0x0000,0x0000,0x0000,0x0000,0x0000,0x0000,0x0000,0x0000,0x0000,0x0000,0x0000,0x0000,0x0000,0x1082,
    0x1082,0x03ff,0x03ff,0x03ff,0x03ff,0x03ff,0x03ff,0x03ff,0x03ff,0x03ff,0x1082,0x1082,0x1082,0x1082,0xbf3f,0xbf3f,
    0xbf3f,0xbf3f,0xbf3f,0xbf3f,0xbf3f,0xbf3f,0xbf3f,0xbf3f,0xbf3f,0xbf3f,0xbf3f,0xbf3f,0xbf3f,0xbf3f,0xbf3f,0xbf3f,
    0xbf3f,0xbf3f,0xbf3f,0x1082,0x1082,0x1082,0x1082,0x03ff,0x03ff,0x03ff,0x03ff,0x03ff,0x03ff,0x03ff,0x03ff,0x03ff,
    0x1082,0x1082,0x0000,0x0000,0x0000,0x0000,0x0000,0x0000,0x0000,0x0000,0x0000,0x0000,0x0000,0x0000,0x0000,0x0000,
    0x0000,0x0000,0x0000,0x0000,0x0000,0x0000,0x0000,0x0000,0x0000,0x0000,0x0000,0x0000,0x0000,0x0000,0x0000,0x1082,
    0x1082,0x1082,0x03ff,0x03ff,0x03ff,0x03ff,0x03ff,0x03ff,0x03ff,0x03ff,0x1082,0x1082,0x1082,0x1082,0x1082,0xbf3f,
    0xbf3f,0xbf3f,0xbf3f,0xbf3f,0xbf3f,0xbf3f,0xbf3f,0xbf3f,0xbf3f,0xbf3f,0xbf3f,0xbf3f,0xbf3f,0xbf3f,0xbf3f,0xbf3f,
    0xbf3f,0xbf3f,0x1082,0x1082,0x1082,0x1082,0x1082,0x03ff,0x03ff,0x03ff,0x03ff,0x03ff,0x03ff,0x03ff,0x03ff,0x1082,
    0x1082,0x1082,0x0000,0x0000,0x0000,0x0000,0x0000,0x0000,0x0000,0x0000,0x0000,0x0000,0x0000,0x0000,0x0000,0x0000,
    0x0000,0x0000,0x0000,0x0000,0x0000,0x0000,0x0000,0x0000,0x0000,0x0000,0x0000,0x0000,0x0000,0x0000,0x0000,0x0000,
    0x1082,0x1082,0x1082,0x03ff,0x03ff,0x03ff,0x03ff,0x03ff,0x03ff,0x03ff,0x03ff,0x1082,0x1082,0x1082,0x1082,0x1082,
    0xbf3f,0xbf3f,0xbf3f,0xbf3f,0xbf3f,0xbf3f,0xbf3f,0xbf3f,0xbf3f,0xbf3f,0xbf3f,0xbf3f,0xbf3f,0xbf3f,0xbf3f,0xbf3f,
    0xbf3f,0x1082,0x1082,0x1082,0x1082,0x1082,0x03ff,0x03ff,0x03ff,0x03ff,0x03ff,0x03ff,0x03ff,0x03ff,0x1082,0x1082,
    0x1082,0x0000,0x0000,0x0000,0x0000,0x0000,0x0000,0x0000,0x0000,0x0000,0x0000,0x0000,0x0000,0x0000,0x0000,0x0000,
    0x0000,0x0000,0x0000,0x0000,0x0000,0x0000,0x0000,0x0000,0x0000,0x0000,0x0000,0x0000,0x0000,0x0000,0x0000,0x0000,
    0x0000,0x1082,0x1082,0x03ff,0x03ff,0x03ff,0x03ff,0x03ff,0x03ff,0x03ff,0x03ff,0x03ff,0x1082,0x1082,0x1082,0x1082,
    0x1082,0xbf3f,0xbf3f,0xbf3f,0xbf3f,0xbf3f,0xbf3f,0xbf3f,0xbf3f,0xbf3f,0xbf3f,0xbf3f,0xbf3f,0xbf3f,0xbf3f,0xbf3f,
    0x1082,0x1082,0x1082,0x1082,0x1082,0x03ff,0x03ff,0x03ff,0x03ff,0x03ff,0x03ff,0x03ff,0x03ff,0x03ff,0x1082,0x1082,
    0x0000,0x0000,0x0000,0x0000,0x0000,0x0000,0x0000,0x0000,0x0000,0x0000,0x0000,0x0000,0x0000,0x0000,0x0000,0x0000,
    0x0000,0x0000,0x0000,0x0000,0x0000,0x0000,0x0000,0x0000,0x0000,0x0000,0x0000,0x0000,0x0000,0x0000,0x0000,0x0000,
    0x0000,0x0000,0x1082,0x1082,0x03ff,0x03ff,0x03ff,0x03ff,0x03ff,0x03ff,0x03ff,0x03ff,0x1082,0x1082,0x1082,0x1082,
    0x1082,0x1082,0x1082,0xbf3f,0xbf3f,0xbf3f,0xbf3f,0xbf3f,0xbf3f,0xbf3f,0xbf3f,0xbf3f,0xbf3f,0xbf3f,0x1082,0x1082,
    0x1082,0x1082,0x1082,0x1082,0x1082,0x03ff,0x03ff,0x03ff,0x03ff,0x03ff,0x03ff,0x03ff,0x03ff,0x1082,0x1082,0x0000,
    0x0000,0x0000,0x0000,0x0000,0x0000,0x0000,0x0000,0x0000,0x0000,0x0000,0x0000,0x0000,0x0000,0x0000,0x0000,0x0000,
    0x0000,0x0000,0x0000,0x0000,0x0000,0x0000,0x0000,0x0000,0x0000,0x0000,0x0000,0x0000,0x0000,0x0000,0x0000,0x0000,
    0x0000,0x0000,0x0000,0x1082,0x1082,0x1082,0x03ff,0x03ff,0x03ff,0x03ff,0x03ff,0x03ff,0x03ff,0x1082,0x1082,0x1082,
    0x1082,0x1082,0x1082,0x1082,0x1082,0x1082,0x1082,0x1082,0xbf3f,0x1082,0x1082,0x1082,0x1082,0x1082,0x1082,0x1082,
    0x1082,0x1082,0x1082,0x1082,0x03ff,0x03ff,0x03ff,0x03ff,0x03ff,0x03ff,0x03ff,0x1082,0x1082,0x1082,0x0000,0x0000,
    0x0000,0x0000,0x0000,0x0000,0x0000,0x0000,0x0000,0x0000,0x0000,0x0000,0x0000,0x0000,0x0000,0x0000,0x0000,0x0000,
    0x0000,0x0000,0x0000,0x0000,0x0000,0x0000,0x0000,0x0000,0x0000,0x0000,0x0000,0x0000,0x0000,0x0000,0x0000,0x0000,
    0x0000,0x0000,0x0000,0x0000,0x1082,0x1082,0x1082,0x03ff,0x03ff,0x03ff,0x03ff,0x03ff,0x03ff,0x03ff,0x03ff,0x1082,
    0x1082,0x1082,0x1082,0x1082,0x1082,0x1082,0x1082,0x1082,0x1082,0x1082,0x1082,0x1082,0x1082,0x1082,0x1082,0x1082,
    0x1082,0x1082,0x03ff,0x03ff,0x03ff,0x03ff,0x03ff,0x03ff,0x03ff,0x03ff,0x1082,0x1082,0x1082,0x0000,0x0000,0x0000,
    0x0000,0x0000,0x0000,0x0000,0x0000,0x0000,0x0000,0x0000,0x0000,0x0000,0x0000,0x0000,0x0000,0x0000,0x0000,0x0000,
    0x0000,0x0000,0x0000,0x0000,0x0000,0x0000,0x0000,0x0000,0x0000,0x0000,0x0000,0x0000,0x0000,0x0000,0x0000,0x0000,
    0x0000,0x0000,0x0000,0x0000,0x1082,0x1082,0x1082,0x1082,0x03ff,0x03ff,0x03ff,0x03ff,0x03ff,0x03ff,0x03ff,0x03ff,
    0x1082,0x1082,0x1082,0x1082,0x1082,0x1082,0x1082,0x1082,0x1082,0x1082,0x1082,0x1082,0x1082,0x1082,0x1082,0x1082,
    0x1082,0x03ff,0x03ff,0x03ff,0x03ff,0x03ff,0x03ff,0x03ff,0x03ff,0x1082,0x1082,0x1082,0x1082,0x0000,0x0000,0x0000,
    0x0000,0x0000,0x0000,0x0000,0x0000,0x0000,0x0000,0x0000,0x0000,0x0000,0x0000,0x0000,0x0000,0x0000,0x0000,0x0000,
    0x0000,0x0000,0x0000,0x0000,0x0000,0x0000,0x0000,0x0000,0x0000,0x0000,0x0000,0x0000,0x0000,0x0000,0x0000,0x0000,
    0x0000,0x0000,0x0000,0x1082,0x1082,0x59c4,0x1082,0x1082,0x1082,0x1082,0x03ff,0x03ff,0x03ff,0x03ff,0x03ff,0x03ff,
    0x03ff,0x03ff,0x03ff,0x1082,0x1082,0x1082,0x1082,0x1082,0x1082,0x1082,0x1082,0x1082,0x1082,0x1082,0x03ff,0x03ff,
    0x03ff,0x03ff,0x03ff,0x03ff,0x03ff,0x03ff,0x03ff,0x1082,0x1082,0x1082,0x1082,0x59c4,0x1082,0x1082,0x0000,0x0000,
    0x0000,0x0000,0x0000,0x0000,0x0000,0x0000,0x0000,0x0000,0x0000,0x0000,0x0000,0x0000,0x0000,0x0000,0x0000,0x0000,
    0x0000,0x0000,0x0000,0x0000,0x0000,0x0000,0x0000,0x0000,0x0000,0x0000,0x0000,0x0000,0x0000,0x0000,0x0000,0x0000,
    0x0000,0x0000,0x0000,0x1082,0x59c4,0x59c4,0x59c4,0x59c4,0x1082,0x1082,0x1082,0x1082,0x03ff,0x03ff,0x03ff,0x03ff,
    0x03ff,0x03ff,0x03ff,0x03ff,0x03ff,0x03ff,0x03ff,0x03ff,0x1082,0x03ff,0x03ff,0x03ff,0x03ff,0x03ff,0x03ff,0x03ff,
    0x03ff,0x03ff,0x03ff,0x03ff,0x03ff,0x1082,0x1082,0x1082,0x1082,0x59c4,0x59c4,0x59c4,0x59c4,0x1082,0x0000,0x0000,
    0x0000,0x0000,0x0000,0x0000,0x0000,0x0000,0x0000,0x0000,0x0000,0x0000,0x0000,0x0000,0x0000,0x0000,0x0000,0x0000,
    0x0000,0x0000,0x0000,0x0000,0x0000,0x0000,0x0000,0x0000,0x0000,0x0000,0x0000,0x0000,0x0000,0x0000,0x0000,0x0000,
    0x0000,0x0000,0x1082,0x1082,0x1082,0x59c4,0x59c4,0x59c4,0x59c4,0x1082,0x1082,0x1082,0x1082,0x1082,0x03ff,0x03ff,
    0x03ff,0x03ff,0x03ff,0x03ff,0x03ff,0x03ff,0x03ff,0x03ff,0x03ff,0x03ff,0x03ff,0x03ff,0x03ff,0x03ff,0x03ff,0x03ff,
    0x03ff,0x03ff,0x03ff,0x1082,0x1082,0x1082,0x1082,0x1082,0x59c4,0x59c4,0x59c4,0x59c4,0x1082,0x1082,0x1082,0x0000,
    0x0000,0x0000,0x0000,0x0000,0x0000,0x0000,0x0000,0x0000,0x0000,0x0000,0x0000,0x0000,0x0000,0x0000,0x0000,0x0000,
    0x0000,0x0000,0x0000,0x0000,0x0000,0x0000,0x0000,0x0000,0x0000,0x0000,0x0000,0x0000,0x0000,0x0000,0x0000,0x0000,
    0x0000,0x0000,0x0000,0x1082,0x1082,0x59c4,0x59c4,0x59c4,0x59c4,0x59c4,0x59c4,0x1082,0x1082,0x1082,0x1082,0x1082,
    0x1082,0x03ff,0x03ff,0x03ff,0x03ff,0x03ff,0x03ff,0x03ff,0x03ff,0x03ff,0x03ff,0x03ff,0x03ff,0x03ff,0x03ff,0x03ff,
    0x1082,0x1082,0x1082,0x1082,0x1082,0x1082,0x59c4,0x59c4,0x59c4,0x59c4,0x59c4,0x59c4,0x1082,0x1082,0x0000,0x0000,
    0x0000,0x0000,0x0000,0x0000,0x0000,0x0000,0x0000,0x0000,0x0000,0x0000,0x0000,0x0000,0x0000,0x0000,0x0000,0x0000,
    0x0000,0x0000,0x0000,0x0000,0x0000,0x0000,0x0000,0x0000,0x0000,0x0000,0x0000,0x0000,0x0000,0x0000,0x0000,0x0000,
    0x0000,0x0000,0x0000,0x1082,0x1082,0x1082,0x1082,0x59c4,0x59c4,0x59c4,0x59c4,0x59c4,0x59c4,0x59c4,0x1082,0x1082,
    0x1082,0x1082,0x1082,0x1082,0x1082,0x1082,0x1082,0x1082,0x03ff,0x1082,0x1082,0x1082,0x1082,0x1082,0x1082,0x1082,
    0x1082,0x1082,0x1082,0x59c4,0x59c4,0x59c4,0x59c4,0x59c4,0x59c4,0x59c4,0x1082,0x1082,0x1082,0x1082,0x0000,0x0000,
    0x0000,0x0000,0x0000,0x0000,0x0000,0x0000,0x0000,0x0000,0x0000,0x0000,0x0000,0x0000,0x0000,0x0000,0x0000,0x0000,
    0x0000,0x0000,0x0000,0x0000,0x0000,0x0000,0x0000,0x0000,0x0000,0x0000,0x0000,0x0000,0x0000,0x0000,0x0000,0x0000,
    0x0000,0x0000,0x0000,0x0000,0x1082,0x1082,0x1082,0x1082,0x1082,0x1082,0x1082,0x59c4,0x1082,0x1082,0x1082,0x1082,
    0x1082,0x1082,0x1082,0x1082,0x1082,0x1082,0x1082,0x1082,0x1082,0x1082,0x1082,0x1082,0x1082,0x1082,0x1082,0x1082,
    0x1082,0x1082,0x1082,0x1082,0x1082,0x59c4,0x1082,0x1082,0x1082,0x1082,0x1082,0x1082,0x1082,0x0000,0x0000,0x0000,
    0x0000,0x0000,0x0000,0x0000,0x0000,0x0000,0x0000,0x0000,0x0000,0x0000,0x0000,0x0000,0x0000,0x0000,0x0000,0x0000,
    0x0000,0x0000,0x0000,0x0000,0x0000,0x0000,0x0000,0x0000,0x0000,0x0000,0x0000,0x0000,0x0000,0x0000,0x0000,0x0000,
    0x0000,0x0000,0x0000,0x0000,0x0000,0x0000,0x1082,0x1082,0x1082,0x1082,0x1082,0x1082,0x1082,0x1082,0x1082,0x1082,
    0x1082,0x0000,0x0000,0x0000,0x0000,0x0000,0x0000,0x0000,0x1082,0x0000,0x0000,0x0000,0x0000,0x0000,0x0000,0x0000,
    0x1082,0x1082,0x1082,0x1082,0x1082,0x1082,0x1082,0x1082,0x1082,0x1082,0x1082,0x0000,0x0000,0x0000,0x0000,0x0000,
    0x0000,0x0000,0x0000,0x0000,0x0000,0x0000,0x0000,0x0000,0x0000,0x0000,0x0000,0x0000,0x0000,0x0000,0x0000,0x0000,
    0x0000,0x0000,0x0000,0x0000,0x0000,0x0000,0x0000,0x0000,0x0000,0x0000,0x0000,0x0000,0x0000,0x0000,0x0000,0x0000,
    0x0000,0x0000,0x0000,0x0000,0x0000,0x0000,0x0000,0x0000,0x0000,0x0000,0x0000,0x1082,0x0000,0x0000,0x0000,0x0000,
    0x0000,0x0000,0x0000,0x0000,0x0000,0x0000,0x0000,0x0000,0x0000,0x0000,0x0000,0x0000,0x0000,0x0000,0x0000,0x0000,
    0x0000,0x0000,0x0000,0x0000,0x0000,0x1082,0x0000,0x0000,0x0000,0x0000,0x0000,0x0000,0x0000,0x0000,0x0000,0x0000,
    0x0000,0x0000,0x0000,0x0000,0x0000,0x0000,0x0000,0x0000,0x0000,0x0000,0x0000,0x0000,0x0000,0x0000,0x0000,0x0000,
    0x0000,0x0000,0x0000,0x0000,0x0000,0x0000,0x0000,0x0000,0x0000,0x0000,0x0000,0x0000,0x0000,0x0000,0x0000,0x0000,
    0x0000,0x0000,0x0000,0x0000,0x0000,0x0000,0x0000,0x0000,0x0000,0x0000,0x0000,0x0000,0x0000,0x0000,0x0000,0x0000,
    0x0000,0x0000,0x0000,0x0000,0x0000,0x0000,0x0000,0x0000,0x0000,0x0000,0x0000,0x0000,0x0000,0x0000,0x0000,0x0000,
    0x0000,0x0000,0x0000,0x0000,0x0000,0x0000,0x0000,0x0000,0x0000,0x0000,0x0000,0x0000,0x0000,0x0000,0x0000,0x0000,
    0x0000,0x0000,0x0000,0x0000,0x0000,0x0000,0x0000,0x0000,0x0000,0x0000,0x0000,0x0000,0x0000,0x0000,0x0000,0x0000,
    0x0000,0x0000,0x0000,0x0000,0x0000,0x0000,0x0000,0x0000,0x0000,0x0000,0x0000,0x0000,0x0000,0x0000,0x0000,0x0000,
    0x0000,0x0000,0x0000,0x0000,0x0000,0x0000,0x0000,0x0000,0x0000,0x0000,0x0000,0x0000,0x0000,0x0000,0x0000,0x0000,
    0x0000,0x0000,0x0000,0x0000,0x0000,0x0000,0x0000,0x0000,0x0000,0x0000,0x0000,0x0000,0x0000,0x0000,0x0000,0x0000,
    0x0000,0x0000,0x0000,0x0000,0x0000,0x0000,0x0000,0x0000,0x0000,0x0000,0x0000,0x0000,0x0000,0x0000,0x0000,0x0000,
    0x0000,0x0000,0x0000,0x0000,0x0000,0x0000,0x0000,0x0000,0x0000,0x0000,0x0000,0x0000,0x0000,0x0000,0x0000,0x0000,
    0x0000,0x0000,0x0000,0x0000,0x0000,0x0000,0x0000,0x0000,0x0000,0x0000,0x0000,0x0000,0x0000,0x0000,0x0000,0x0000,
    0x0000,0x0000,0x0000,0x0000,0x0000,0x0000,0x0000,0x0000,0x0000,0x0000,0x0000,0x0000,0x0000,0x0000,0x0000,0x0000,
    0x0000,0x0000,0x0000,0x0000,0x0000,0x0000,0x0000,0x0000,0x0000,0x0000,0x0000,0x0000,0x0000,0x0000,0x0000,0x0000,
    0x0000,0x0000,0x0000,0x0000,0x0000,0x0000,0x0000,0x0000,0x0000,0x0000,0x0000,0x0000,0x0000,0x0000,0x0000,0x0000,
    0x0000,0x0000,0x0000,0x0000,0x0000,0x0000,0x0000,0x0000,0x0000,0x0000,0x0000,0x0000,0x0000,0x0000,0x0000,0x0000,
    0x0000,0x0000,0x0000,0x0000,0x0000,0x0000,0x0000,0x0000,0x0000,0x0000,0x0000,0x0000,0x0000,0x0000,0x0000,0x0000,
    0x0000,0x0000,0x0000,0x0000,0x0000,0x0000,0x0000,0x0000,0x0000,0x0000,0x0000,0x0000,0x0000,0x0000,0x0000,0x0000,
    0x0000,0x0000,0x0000,0x0000,0x0000,0x0000,0x0000,0x0000,0x0000,0x0000,0x0000,0x0000,0x0000,0x0000,0x0000,0x0000,
    0x0000,0x0000,0x0000,0x0000,0x0000,0x0000,0x0000,0x0000,0x0000,0x0000,0x0000,0x0000,0x0000,0x0000,0x0000,0x0000,
    0x0000,0x0000,0x0000,0x0000,0x0000,0x0000,0x0000,0x0000,0x0000,0x0000,0x0000,0x0000,0x0000,0x0000,0x0000,0x0000,
    0x0000,0x0000,0x0000,0x0000,0x0000,0x0000,0x0000,0x0000,0x0000,0x0000,0x0000,0x0000,0x0000,0x0000,0x0000,0x0000,
    0x0000,0x0000,0x0000,0x0000,0x0000,0x0000,0x0000,0x0000,0x0000,0x0000,0x0000,0x0000,0x0000,0x0000,0x0000,0x0000,
    0x0000,0x0000,0x0000,0x0000,0x0000,0x0000,0x0000,0x0000,0x0000,0x0000,0x0000,0x0000,0x0000,0x0000,0x0000,0x0000,
    0x0000,0x0000,0x0000,0x0000,0x0000,0x0000,0x0000,0x0000,0x0000,0x0000,0x0000,0x0000,0x0000,0x0000,0x0000,0x0000,
    0x0000,0x0000,0x0000,0x0000,0x0000,0x0000,0x0000,0x0000,0x0000,0x0000,0x0000,0x0000,0x0000,0x0000,0x0000,0x0000,
    0x0000,0x0000,0x0000,0x0000,0x0000,0x0000,0x0000,0x0000,0x0000,0x0000,0x0000,0x0000,0x0000,0x0000,0x0000,0x0000,
    0x0000,0x0000,0x0000,0x0000,0x0000,0x0000,0x0000,0x0000,0x0000,0x0000,0x0000,0x0000,0x0000,0x0000,0x0000,0x0000,
    0x0000,0x0000,0x0000,0x0000,0x0000,0x0000,0x0000,0x0000,0x0000,0x0000,0x0000,0x0000,0x0000,0x0000,0x0000,0x0000,
    0x0000,0x0000,0x0000,0x0000,0x0000,0x0000,0x0000,0x0000,0x0000,0x0000,0x0000,0x0000,0x0000,0x0000,0x0000,0x0000,
    0x0000,0x0000,0x0000,0x0000,0x0000,0x0000,0x0000,0x0000,0x0000,0x0000,0x0000,0x0000,0x0000,0x0000,0x0000,0x0000,
    0x0000,0x0000,0x0000,0x0000,0x0000,0x0000,0x0000,0x0000,0x0000,0x0000,0x0000,0x0000,0x0000,0x0000,0x0000,0x0000,
    0x0000,0x0000,0x0000,0x0000,0x0000,0x0000,0x0000,0x0000,0x0000,0x0000,0x0000,0x0000,0x0000,0x0000,0x0000,0x0000,
    0x0000,0x0000,0x0000,0x0000,0x0000,0x0000,0x0000,0x0000,0x0000,0x0000,0x0000,0x0000,0x0000,0x0000,0x0000,0x0000,
    0x0000,0x0000,0x0000,0x0000,0x0000,0x0000,0x0000,0x0000,0x0000,0x0000,0x0000,0x0000,0x0000,0x0000,0x0000,0x0000,
    0x0000,0x0000,0x0000,0x0000,0x0000,0x0000,0x0000,0x0000,0x0000,0x0000,0x0000,0x0000,0x0000,0x0000,0x0000,0x0000,
  },
  // sick frame 0
  {
    0x0000,0x0000,0x0000,0x0000,0x0000,0x0000,0x0000,0x0000,0x0000,0x0000,0x0000,0x0000,0x0000,0x0000,0x0000,0x0000,
    0x0000,0x0000,0x0000,0x0000,0x0000,0x0000,0x0000,0x0000,0x0000,0x0000,0x0000,0x0000,0x0000,0x0000,0x0000,0x0000,
    0x0000,0x0000,0x0000,0x0000,0x0000,0x0000,0x0000,0x0000,0x0000,0x0000,0x0000,0x0000,0x0000,0x0000,0x0000,0x0000,
    0x0000,0x0000,0x0000,0x0000,0x0000,0x0000,0x0000,0x0000,0x0000,0x0000,0x0000,0x0000,0x0000,0x0000,0x0000,0x0000,
    0x0000,0x0000,0x0000,0x0000,0x0000,0x0000,0x0000,0x0000,0x0000,0x0000,0x0000,0x0000,0x0000,0x0000,0x0000,0x0000,
    0x0000,0x0000,0x0000,0x0000,0x0000,0x0000,0x0000,0x0000,0x0000,0x0000,0x0000,0x0000,0x0000,0x0000,0x0000,0x0000,
    0x0000,0x0000,0x0000,0x0000,0x0000,0x0000,0x0000,0x0000,0x0000,0x0000,0x0000,0x0000,0x0000,0x0000,0x0000,0x0000,
    0x0000,0x0000,0x0000,0x0000,0x0000,0x0000,0x0000,0x0000,0x0000,0x0000,0x0000,0x0000,0x0000,0x0000,0x0000,0x0000,
    0x0000,0x0000,0x0000,0x0000,0x0000,0x0000,0x0000,0x0000,0x0000,0x0000,0x0000,0x0000,0x0000,0x0000,0x0000,0x0000,
    0x0000,0x0000,0x0000,0x0000,0x0000,0x0000,0x0000,0x0000,0x0000,0x0000,0x0000,0x0000,0x0000,0x0000,0x0000,0x0000,
    0x0000,0x0000,0x0000,0x0000,0x0000,0x0000,0x0000,0x0000,0x0000,0x0000,0x0000,0x0000,0x0000,0x0000,0x0000,0x0000,
    0x0000,0x0000,0x0000,0x0000,0x0000,0x0000,0x0000,0x0000,0x0000,0x0000,0x0000,0x0000,0x0000,0x0000,0x0000,0x0000,
    0x0000,0x0000,0x0000,0x0000,0x0000,0x0000,0x0000,0x0000,0x0000,0x0000,0x0000,0x0000,0x0000,0x0000,0x0000,0x0000,
    0x0000,0x0000,0x0000,0x0000,0x0000,0x0000,0x0000,0x0000,0x0000,0x0000,0x0000,0x0000,0x0000,0x0000,0x0000,0x0000,
    0x0000,0x0000,0x0000,0x0000,0x0000,0x0000,0x0000,0x0000,0x0000,0x0000,0x0000,0x0000,0x0000,0x0000,0x0000,0x0000,
    0x0000,0x0000,0x0000,0x0000,0x0000,0x0000,0x0000,0x0000,0x0000,0x0000,0x0000,0x0000,0x0000,0x0000,0x0000,0x0000,
    0x0000,0x0000,0x0000,0x0000,0x0000,0x0000,0x0000,0x0000,0x0000,0x0000,0x0000,0x0000,0x0000,0x0000,0x0000,0x0000,
    0x0000,0x0000,0x0000,0x0000,0x0000,0x0000,0x0000,0x0000,0x0000,0x0000,0x0000,0x0000,0x0000,0x0000,0x0000,0x0000,
    0x0000,0x0000,0x0000,0x0000,0x0000,0x0000,0x0000,0x0000,0x0000,0x0000,0x0000,0x0000,0x0000,0x0000,0x0000,0x0000,
    0x0000,0x0000,0x0000,0x0000,0x0000,0x0000,0x0000,0x0000,0x0000,0x0000,0x0000,0x0000,0x0000,0x0000,0x0000,0x0000,
    0x0000,0x0000,0x0000,0x0000,0x0000,0x0000,0x0000,0x0000,0x0000,0x0000,0x0000,0x0000,0x0000,0x0000,0x0000,0x0000,
    0x0000,0x0000,0x0000,0x0000,0x0000,0x0000,0x0000,0x0000,0x0000,0x0000,0x0000,0x0000,0x0000,0x0000,0x0000,0x0000,
    0x0000,0x0000,0x0000,0x0000,0x0000,0x0000,0x0000,0x0000,0x0000,0x0000,0x0000,0x0000,0x0000,0x0000,0x0000,0x0000,
    0x0000,0x0000,0x0000,0x0000,0x0000,0x0000,0x0000,0x0000,0x0000,0x0000,0x0000,0x0000,0x0000,0x0000,0x0000,0x0000,
    0x0000,0x0000,0x0000,0x0000,0x0000,0x0000,0x0000,0x0000,0x0000,0x0000,0x0000,0x0000,0x0000,0x0000,0x0000,0x0000,
    0x0000,0x0000,0x0000,0x0000,0x0000,0x0000,0x0000,0x0000,0x0000,0x0000,0x0000,0x0000,0x0000,0x0000,0x0000,0x0000,
    0x0000,0x0000,0x0000,0x0000,0x0000,0x0000,0x0000,0x0000,0x0000,0x0000,0x0000,0x0000,0x0000,0x0000,0x0000,0x0000,
    0x0000,0x0000,0x0000,0x0000,0x0000,0x0000,0x0000,0x0000,0x0000,0x0000,0x0000,0x0000,0x0000,0x0000,0x0000,0x0000,
    0x0000,0x0000,0x0000,0x0000,0x0000,0x0000,0x0000,0x0000,0x0000,0x0000,0x0000,0x0000,0x0000,0x0000,0x0000,0x0000,
    0x0000,0x0000,0x0000,0x0000,0x0000,0x0000,0x0000,0x0000,0x0000,0x0000,0x0000,0x0000,0x0000,0x0000,0x0000,0x0000,
    0x0000,0x0000,0x0000,0x0000,0x0000,0x0000,0x0000,0x0000,0x0000,0x0000,0x0000,0x0000,0x0000,0x0000,0x0000,0x0000,
    0x0000,0x0000,0x0000,0x0000,0x0000,0x0000,0x0000,0x0000,0x0000,0x0000,0x0000,0x0000,0x0000,0x0000,0x0000,0x0000,
    0x0000,0x0000,0x0000,0x0000,0x0000,0x0000,0x0000,0x1082,0x1082,0x1082,0x0000,0x0000,0x0000,0x0000,0x0000,0x0000,
    0x0000,0x0000,0x0000,0x0000,0x0000,0x0000,0x0000,0x0000,0x0000,0x0000,0x0000,0x0000,0x0000,0x0000,0x0000,0x0000,
    0x0000,0x0000,0x0000,0x0000,0x0000,0x0000,0x0000,0x0000,0x0000,0x0000,0x0000,0x0000,0x0000,0x0000,0x0000,0x0000,
    0x0000,0x0000,0x0000,0x0000,0x0000,0x0000,0x0000,0x0000,0x0000,0x0000,0x0000,0x0000,0x0000,0x0000,0x0000,0x0000,
    0x0000,0x0000,0x0000,0x0000,0x0000,0x0000,0x0000,0x0000,0x0000,0x0000,0x0000,0x0000,0x0000,0x0000,0x0000,0x0000,
    0x0000,0x0000,0x0000,0x0000,0x0000,0x0000,0x0000,0xf9c7,0xf9c7,0xf9c7,0x0000,0x0000,0x0000,0x0000,0x0000,0x0000,
    0x0000,0x0000,0x0000,0x0000,0x0000,0x0000,0x0000,0x0000,0x0000,0x0000,0x0000,0x0000,0x0000,0x0000,0x0000,0x0000,
    0x0000,0x0000,0x0000,0x0000,0x0000,0x0000,0x0000,0x0000,0x0000,0x0000,0x0000,0x0000,0x0000,0x0000,0x0000,0x0000,
    0x0000,0x0000,0x0000,0x0000,0x0000,0x0000,0x0000,0x0000,0x0000,0x0000,0x0000,0x0000,0x0000,0x0000,0x0000,0x0000,
    0x0000,0x0000,0x0000,0x0000,0x0000,0x0000,0x0000,0x0000,0x0000,0x0000,0x0000,0x0000,0x0000,0x0000,0x0000,0x0000,
    0x0000,0x0000,0x0000,0x0000,0x0000,0x0000,0x1082,0xf9c7,0xf9c7,0xf9c7,0x1082,0x0000,0x0000,0x0000,0x0000,0x0000,
    0x0000,0x0000,0x0000,0x0000,0x0000,0x0000,0x0000,0x0000,0x0000,0x0000,0x0000,0x0000,0x0000,0x0000,0x0000,0x0000,
    0x0000,0x0000,0x0000,0x0000,0x0000,0x0000,0x0000,0x0000,0x0000,0x0000,0x0000,0x0000,0x0000,0x0000,0x0000,0x0000,
    0x0000,0x0000,0x0000,0x0000,0x0000,0x0000,0x0000,0x0000,0x0000,0x0000,0x0000,0x0000,0x0000,0x0000,0x0000,0x0000,
    0x0000,0x0000,0x0000,0x0000,0x0000,0x0000,0x0000,0x0000,0x0000,0x0000,0x0000,0x0000,0x0000,0x0000,0x0000,0x0000,
    0x0000,0x0000,0x0000,0x0000,0x0000,0x0000,0x1082,0xf9c7,0xf9c7,0xf9c7,0x1082,0x0000,0x0000,0x0000,0x0000,0x0000,
    0x0000,0x0000,0x0000,0x0000,0x0000,0x0000,0x0000,0x0000,0x0000,0x0000,0x0000,0x0000,0x0000,0x0000,0x0000,0x0000,
    0x0000,0x0000,0x0000,0x0000,0x0000,0x0000,0x0000,0x0000,0x0000,0x0000,0x0000,0x0000,0x0000,0x0000,0x0000,0x0000,
    0x0000,0x0000,0x0000,0x0000,0x0000,0x0000,0x0000,0x0000,0x0000,0x0000,0x0000,0x0000,0x0000,0x0000,0x0000,0x0000,
    0x0000,0x0000,0x0000,0x0000,0x0000,0x0000,0x0000,0x0000,0x0000,0x0000,0x0000,0x0000,0x0000,0x0000,0x0000,0x0000,
    0x0000,0x1082,0x1082,0x1082,0x1082,0x1082,0xf9c7,0xf9c7,0xf9c7,0xf9c7,0xf9c7,0x1082,0x1082,0x1082,0x1082,0x1082,
    0x0000,0x0000,0x0000,0x0000,0x0000,0x0000,0x0000,0x0000,0x0000,0x0000,0x0000,0x0000,0x0000,0x0000,0x0000,0x0000,
    0x0000,0x0000,0x0000,0x0000,0x0000,0x0000,0x0000,0x0000,0x0000,0x0000,0x0000,0x0000,0x0000,0x0000,0x0000,0x0000,
    0x0000,0x0000,0x0000,0x0000,0x0000,0x0000,0x0000,0x0000,0x0000,0x0000,0x0000,0x0000,0x0000,0x0000,0x0000,0x0000,
    0x0000,0x0000,0x0000,0x0000,0x0000,0x0000,0x0000,0x0000,0x0000,0x0000,0x0000,0x0000,0x0000,0x0000,0x1082,0x1082,
    0x1082,0x1082,0x1082,0x1082,0x1082,0x1082,0xf9c7,0xf9c7,0xf9c7,0xf9c7,0xf9c7,0x1082,0x1082,0x1082,0x1082,0x1082,
    0x1082,0x1082,0x1082,0x0000,0x0000,0x0000,0x0000,0x0000,0x0000,0x0000,0x0000,0x0000,0x0000,0x0000,0x0000,0x0000,
    0x0000,0x0000,0x0000,0x0000,0x0000,0x0000,0x0000,0x0000,0x0000,0x0000,0x0000,0x0000,0x0000,0x0000,0x0000,0x0000,
    0x0000,0x0000,0x0000,0x0000,0x0000,0x0000,0x0000,0x0000,0x0000,0x0000,0x0000,0x0000,0x0000,0x0000,0x0000,0x0000,
    0x0000,0x0000,0x0000,0x0000,0x0000,0x0000,0x0000,0x0000,0x0000,0x0000,0x0000,0x1082,0x1082,0x1082,0x1082,0x1082,
    0x1082,0x8cce,0x8cce,0x8cce,0x8cce,0x1082,0xf9c7,0xf9c7,0xf9c7,0xf9c7,0xf9c7,0x1082,0x8cce,0x8cce,0x8cce,0x8cce,
    0x1082,0x1082,0x1082,0x1082,0x1082,0x1082,0x0000,0x0000,0x0000,0x0000,0x0000,0x0000,0x0000,0x0000,0x0000,0x0000,
    0x0000,0x0000,0x0000,0x0000,0x0000,0x0000,0x0000,0x0000,0x0000,0x0000,0x0000,0x0000,0x0000,0x0000,0x0000,0x0000,
    0x0000,0x0000,0x0000,0x0000,0x0000,0x0000,0x0000,0x0000,0x0000,0x0000,0x0000,0x0000,0x0000,0x0000,0x0000,0x0000,
    0x0000,0x0000,0x0000,0x0000,0x0000,0x0000,0x0000,0x0000,0x0000,0x1082,0x1082,0x1082,0x1082,0x1082,0x8cce,0x8cce,
    0x8cce,0x8cce,0x8cce,0x8cce,0x8cce,0x1082,0xf9c7,0xf9c7,0xf9c7,0xf9c7,0xf9c7,0x1082,0x8cce,0x8cce,0x8cce,0x8cce,
    0x8cce,0x8cce,0x8cce,0x1082,0x1082,0x1082,0x1082,0x1082,0x0000,0x0000,0x0000,0x0000,0x0000,0x0000,0x0000,0x0000,
    0x0000,0x0000,0x0000,0x0000,0x0000,0x0000,0x0000,0x0000,0x0000,0x0000,0x0000,0x0000,0x0000,0x0000,0x0000,0x0000,
    0x0000,0x0000,0x0000,0x0000,0x0000,0x0000,0x0000,0x0000,0x0000,0x0000,0x0000,0x0000,0x0000,0x0000,0x0000,0x0000,
    0x0000,0x0000,0x0000,0x0000,0x0000,0x0000,0x0000,0x0000,0x1082,0x1082,0x1082,0x1082,0x8cce,0x8cce,0x8cce,0x8cce,
    0x8cce,0x8cce,0x8cce,0x8cce,0x8cce,0x1082,0xf9c7,0xf9c7,0xf9c7,0xf9c7,0xf9c7,0x1082,0x8cce,0x8cce,0x8cce,0x8cce,
    0x8cce,0x8cce,0x8cce,0x8cce,0x8cce,0x1082,0x1082,0x1082,0x1082,0x0000,0x0000,0x0000,0x0000,0x0000,0x0000,0x0000,
    0x0000,0x0000,0x0000,0x0000,0x0000,0x0000,0x0000,0x0000,0x0000,0x0000,0x0000,0x0000,0x0000,0x0000,0x0000,0x0000,
    0x0000,0x0000,0x0000,0x0000,0x0000,0x0000,0x0000,0x0000,0x0000,0x0000,0x0000,0x0000,0x0000,0x0000,0x0000,0x0000,
    0x0000,0x0000,0x0000,0x0000,0x0000,0x0000,0x1082,0x1082,0x1082,0x1082,0x8cce,0x8cce,0x8cce,0x8cce,0x8cce,0x8cce,
    0x8cce,0x8cce,0x8cce,0x8cce,0x8cce,0x1082,0x1082,0x1082,0x8cce,0x1082,0x1082,0x1082,0x8cce,0x8cce,0x8cce,0x8cce,
    0x8cce,0x8cce,0x8cce,0x8cce,0x8cce,0x8cce,0x8cce,0x1082,0x1082,0x1082,0x1082,0x0000,0x0000,0x0000,0x0000,0x0000,
    0x0000,0x0000,0x0000,0x0000,0x0000,0x0000,0x0000,0x0000,0x0000,0x0000,0x0000,0x0000,0x0000,0x0000,0x0000,0x0000,
    0x0000,0x0000,0x0000,0x0000,0x0000,0x0000,0x0000,0x0000,0x0000,0x0000,0x0000,0x0000,0x0000,0x0000,0x0000,0x0000,
    0x0000,0x0000,0x0000,0x0000,0x0000,0x1082,0x1082,0x1082,0x1082,0x1082,0x1082,0x1082,0x1082,0x8cce,0x8cce,0x8cce,
    0x8cce,0x8cce,0x8cce,0x8cce,0x8cce,0x8cce,0x8cce,0x8cce,0x8cce,0x8cce,0x8cce,0x8cce,0x8cce,0x8cce,0x8cce,0x8cce,
    0x8cce,0x8cce,0x8cce,0x8cce,0x1082,0x1082,0x1082,0x1082,0x1082,0x1082,0x1082,0x1082,0x0000,0x0000,0x0000,0x0000,
    0x0000,0x0000,0x0000,0x0000,0x0000,0x0000,0x0000,0x0000,0x0000,0x0000,0x0000,0x0000,0x0000,0x0000,0x0000,0x0000,
    0x0000,0x0000,0x0000,0x0000,0x0000,0x0000,0x0000,0x0000,0x0000,0x0000,0x0000,0x0000,0x0000,0x0000,0x0000,0x0000,
    0x0000,0x0000,0x0000,0x0000,0x1082,0x1082,0x1082,0x1082,0x1082,0x1082,0x1082,0x1082,0x1082,0x1082,0x8cce,0x8cce,
    0x8cce,0x8cce,0x8cce,0x8cce,0x8cce,0x8cce,0x8cce,0x8cce,0x8cce,0x8cce,0x8cce,0x8cce,0x8cce,0x8cce,0x8cce,0x8cce,
    0x8cce,0x8cce,0x8cce,0x1082,0x1082,0x1082,0x1082,0x1082,0x1082,0x1082,0x1082,0x1082,0x1082,0x0000,0x0000,0x0000,
    0x0000,0x0000,0x0000,0x0000,0x0000,0x0000,0x0000,0x0000,0x0000,0x0000,0x0000,0x0000,0x0000,0x0000,0x0000,0x0000,
    0x0000,0x0000,0x0000,0x0000,0x0000,0x0000,0x0000,0x0000,0x0000,0x0000,0x0000,0x0000,0x0000,0x0000,0x0000,0x0000,
    0x0000,0x0000,0x0000,0x1082,0x1082,0x1082,0x1082,0x1082,0x1082,0xf9c7,0x1082,0x1082,0x1082,0x1082,0x1082,0x8cce,
    0x8cce,0x8cce,0x8cce,0x8cce,0x8cce,0x8cce,0x8cce,0x8cce,0x8cce,0x8cce,0x8cce,0x8cce,0x8cce,0x8cce,0x8cce,0x8cce,
    0x8cce,0x8cce,0x1082,0x1082,0x1082,0x1082,0x1082,0xf9c7,0x1082,0x1082,0x1082,0x1082,0x1082,0x1082,0x0000,0x0000,
    0x0000,0x0000,0x0000,0x0000,0x0000,0x0000,0x0000,0x0000,0x0000,0x0000,0x0000,0x0000,0x0000,0x0000,0x0000,0x0000,
    0x0000,0x0000,0x0000,0x0000,0x0000,0x0000,0x0000,0x0000,0x0000,0x0000,0x0000,0x0000,0x0000,0x0000,0x0000,0x0000,
    0x0000,0x0000,0x1082,0x1082,0x1082,0x1082,0x1082,0xf9c7,0xf9c7,0xf9c7,0xf9c7,0xf9c7,0x1082,0x1082,0x1082,0x1082,
    0x8cce,0x8cce,0x8cce,0x8cce,0x8cce,0x8cce,0x8cce,0x8cce,0x8cce,0x8cce,0x8cce,0x8cce,0x8cce,0x8cce,0x8cce,0x8cce,
    0x8cce,0x1082,0x1082,0x1082,0x1082,0xf9c7,0xf9c7,0xf9c7,0xf9c7,0xf9c7,0x1082,0x1082,0x07ff,0x1082,0x1082,0x0000,
    0x0000,0x0000,0x0000,0x0000,0x0000,0x0000,0x0000,0x0000,0x0000,0x0000,0x0000,0x0000,0x0000,0x0000,0x0000,0x0000,
    0x0000,0x0000,0x0000,0x0000,0x0000,0x0000,0x0000,0x0000,0x0000,0x0000,0x0000,0x0000,0x0000,0x0000,0x0000,0x0000,
    0x0000,0x1082,0x1082,0x1082,0x1082,0x1082,0xf9c7,0xf9c7,0xf9c7,0xf9c7,0xf9c7,0xf9c7,0xf9c7,0x1082,0x1082,0x1082,
    0x8cce,0x8cce,0x8cce,0x8cce,0x8cce,0x8cce,0x8cce,0x8cce,0x8cce,0x8cce,0x8cce,0x8cce,0x8cce,0x8cce,0x8cce,0x8cce,
    0x8cce,0x1082,0x1082,0x1082,0xf9c7,0xf9c7,0xf9c7,0xf9c7,0xf9c7,0xf9c7,0x07ff,0x07ff,0x07ff,0x07ff,0x07ff,0x1082,
    0x0000,0x0000,0x0000,0x0000,0x0000,0x0000,0x0000,0x0000,0x0000,0x0000,0x0000,0x0000,0x0000,0x0000,0x0000,0x0000,
    0x0000,0x0000,0x0000,0x0000,0x0000,0x0000,0x0000,0x0000,0x0000,0x0000,0x0000,0x0000,0x0000,0x0000,0x0000,0x0000,
    0x1082,0x1082,0x1082,0x1082,0x1082,0x1082,0xf9c7,0xf9c7,0xf9c7,0xf9c7,0xf9c7,0xf9c7,0xf9c7,0x1082,0x1082,0x1082,
    0x8cce,0x8cce,0x8cce,0x8cce,0x8cce,0x8cce,0x8cce,0x8cce,0x8cce,0x8cce,0x8cce,0x8cce,0x8cce,0x8cce,0x8cce,0x8cce,
    0x8cce,0x1082,0x1082,0x1082,0xf9c7,0xf9c7,0xf9c7,0xf9c7,0xf9c7,0xf9c7,0x07ff,0x07ff,0x07ff,0x07ff,0x07ff,0x1082,
    0x1082,0x0000,0x0000,0x0000,0x0000,0x0000,0x0000,0x0000,0x0000,0x0000,0x0000,0x0000,0x0000,0x0000,0x0000,0x0000,
    0x0000,0x0000,0x0000,0x0000,0x0000,0x0000,0x0000,0x0000,0x0000,0x0000,0x0000,0x0000,0x0000,0x0000,0x0000,0x1082,
    0x1082,0x1082,0x1082,0x1082,0x1082,0xf9c7,0xf9c7,0xf9c7,0xf9c7,0xf9c7,0xf9c7,0xf9c7,0xf9c7,0xf9c7,0x1082,0x1082,
    0x1082,0x8cce,0x8cce,0x8cce,0x8cce,0x8cce,0x8cce,0x8cce,0x8cce,0x8cce,0x8cce,0x8cce,0x8cce,0x8cce,0x8cce,0x8cce,
    0x1082,0x1082,0x1082,0xf9c7,0xf9c7,0xf9c7,0xf9c7,0xf9c7,0xf9c7,0x07ff,0x07ff,0x07ff,0x07ff,0x07ff,0x07ff,0x07ff,
    0x1082,0x1082,0x0000,0x0000,0x0000,0x0000,0x0000,0x0000,0x0000,0x0000,0x0000,0x0000,0x0000,0x0000,0x0000,0x0000,
    0x0000,0x0000,0x0000,0x0000,0x0000,0x0000,0x0000,0x0000,0x0000,0x0000,0x0000,0x0000,0x0000,0x0000,0x0000,0x1082,
    0x1082,0x8cce,0x8cce,0x1082,0x1082,0x1082,0xf9c7,0xf9c7,0xf9c7,0xf9c7,0xf9c7,0xf9c7,0xf9c7,0x1082,0x1082,0x1082,
    0x8cce,0x8cce,0x8cce,0x8cce,0x8cce,0x8cce,0x8cce,0x8cce,0x8cce,0x8cce,0x8cce,0x8cce,0x8cce,0x8cce,0x8cce,0x8cce,
    0x8cce,0x1082,0x1082,0x1082,0xf9c7,0xf9c7,0xf9c7,0xf9c7,0xf9c7,0xf9c7,0x07ff,0x07ff,0x07ff,0x07ff,0x07ff,0x8cce,
    0x1082,0x1082,0x0000,0x0000,0x0000,0x0000,0x0000,0x0000,0x0000,0x0000,0x0000,0x0000,0x0000,0x0000,0x0000,0x0000,
    0x0000,0x0000,0x0000,0x0000,0x0000,0x0000,0x0000,0x0000,0x0000,0x0000,0x0000,0x0000,0x0000,0x0000,0x1082,0x1082,
    0x8cce,0x8cce,0x8cce,0x1082,0x1082,0x1082,0xf9c7,0xf9c7,0xf9c7,0xf9c7,0xf9c7,0xf9c7,0xf9c7,0x1082,0x1082,0x1082,
    0x8cce,0x8cce,0x8cce,0x8cce,0x8cce,0x8cce,0x8cce,0x8cce,0x8cce,0x8cce,0x8cce,0x8cce,0x8cce,0x8cce,0x8cce,0x8cce,
    0x8cce,0x1082,0x1082,0x1082,0xf9c7,0xf9c7,0xf9c7,0xf9c7,0xf9c7,0xf9c7,0x07ff,0x07ff,0x07ff,0x07ff,0x07ff,0x8cce,
    0x8cce,0x1082,0x1082,0x0000,0x0000,0x0000,0x0000,0x0000,0x0000,0x0000,0x0000,0x0000,0x0000,0x0000,0x0000,0x0000,
    0x0000,0x0000,0x0000,0x0000,0x0000,0x0000,0x0000,0x0000,0x0000,0x0000,0x0000,0x0000,0x0000,0x1082,0x1082,0x1082,
    0x8cce,0x8cce,0x8cce,0x1082,0x1082,0x1082,0x1082,0xf9c7,0xf9c7,0xf9c7,0xf9c7,0xf9c7,0x1082,0x1082,0x1082,0x1082,
    0x8cce,0x8cce,0x8cce,0x8cce,0x8cce,0x8cce,0x8cce,0x8cce,0x8cce,0x8cce,0x8cce,0x8cce,0x8cce,0x8cce,0x8cce,0x8cce,
    0x8cce,0x1082,0x1082,0x1082,0x1082,0xf9c7,0xf9c7,0xf9c7,0xf9c7,0xf9c7,0x1082,0x1082,0x07ff,0x1082,0x8cce,0x8cce,
    0x8cce,0x1082,0x1082,0x1082,0x0000,0x0000,0x0000,0x0000,0x0000,0x0000,0x0000,0x0000,0x0000,0x0000,0x0000,0x0000,
    0x0000,0x0000,0x0000,0x0000,0x0000,0x0000,0x0000,0x0000,0x0000,0x0000,0x0000,0x0000,0x0000,0x1082,0x1082,0x8cce,
    0x8cce,0x8cce,0x8cce,0x8cce,0x1082,0x1082,0x1082,0x1082,0x1082,0xf9c7,0x1082,0x1082,0x1082,0x1082,0x1082,0x8cce,
    0x8cce,0x8cce,0x8cce,0x8cce,0x8cce,0x8cce,0x8cce,0x8cce,0x8cce,0x8cce,0x8cce,0x8cce,0x8cce,0x8cce,0x8cce,0x8cce,
    0x8cce,0x8cce,0x1082,0x1082,0x1082,0x1082,0x1082,0xf9c7,0x1082,0x1082,0x1082,0x1082,0x07ff,0x8cce,0x8cce,0x8cce,
    0x8cce,0x8cce,0x1082,0x1082,0x0000,0x0000,0x0000,0x0000,0x0000,0x0000,0x0000,0x0000,0x0000,0x0000,0x0000,0x0000,
    0x0000,0x0000,0x0000,0x0000,0x0000,0x0000,0x0000,0x0000,0x0000,0x0000,0x0000,0x0000,0x1082,0x1082,0x1082,0x8cce,
    0x8cce,0x8cce,0x8cce,0x8cce,0x8cce,0x0000,0x0000,0x0000,0x0000,0x1082,0x1082,0x1082,0x1082,0x1082,0x8cce,0x8cce,
    0x8cce,0x8cce,0x8cce,0x8cce,0x8cce,0x8cce,0x8cce,0x8cce,0x8cce,0x8cce,0x8cce,0x8cce,0x8cce,0x8cce,0x8cce,0x8cce,
    0x8cce,0x8cce,0x8cce,0x1082,0x1082,0x1082,0x1082,0x1082,0x0000,0x0000,0x0000,0x07ff,0x8cce,0x07ff,0x8cce,0x8cce,
    0x8cce,0x8cce,0x1082,0x1082,0x1082,0x0000,0x0000,0x0000,0x0000,0x0000,0x0000,0x0000,0x0000,0x0000,0x0000,0x0000,
    0x0000,0x0000,0x0000,0x0000,0x0000,0x0000,0x0000,0x0000,0x0000,0x0000,0x0000,0x0000,0x1082,0x1082,0x8cce,0x8cce,
    0x8cce,0x8cce,0x8cce,0x8cce,0x8cce,0x0000,0x0000,0x0000,0x0000,0x0000,0x0000,0x0000,0x1082,0x8cce,0x8cce,0x8cce,
    0x8cce,0x8cce,0x8cce,0x8cce,0x8cce,0x8cce,0x8cce,0x8cce,0x8cce,0x8cce,0x8cce,0x8cce,0x8cce,0x8cce,0x8cce,0x8cce,
    0x8cce,0x8cce,0x8cce,0x8cce,0x1082,0x0000,0x0000,0x0000,0x0000,0x0000,0x0000,0x0000,0x8cce,0x8cce,0x8cce,0x8cce,
    0x8cce,0x8cce,0x8cce,0x1082,0x1082,0x0000,0x0000,0x0000,0x0000,0x0000,0x0000,0x0000,0x0000,0x0000,0x0000,0x0000,
    0x0000,0x0000,0x0000,0x0000,0x0000,0x0000,0x0000,0x0000,0x0000,0x0000,0x0000,0x0000,0x1082,0x1082,0x8cce,0x8cce,
    0x8cce,0x8cce,0x8cce,0x8cce,0x8cce,0x0000,0x0000,0x0000,0x0000,0x0000,0x0000,0x0000,0x0000,0x0000,0x8cce,0x8cce,
    0x8cce,0x8cce,0x8cce,0x8cce,0x8cce,0x8cce,0x8cce,0x8cce,0x8cce,0x8cce,0x8cce,0x8cce,0x8cce,0x8cce,0x8cce,0x8cce,
    0x8cce,0x8cce,0x8cce,0x0000,0x0000,0x0000,0x0000,0x0000,0x0000,0x0000,0x0000,0x0000,0x8cce,0x8cce,0x8cce,0x8cce,
    0x8cce,0x8cce,0x8cce,0x1082,0x1082,0x0000,0x0000,0x0000,0x0000,0x0000,0x0000,0x0000,0x0000,0x0000,0x0000,0x0000,
    0x0000,0x0000,0x0000,0x0000,0x0000,0x0000,0x0000,0x0000,0x0000,0x0000,0x0000,0x1082,0x1082,0x8cce,0x8cce,0x8cce,
    0x8cce,0x8cce,0x8cce,0x8cce,0x8cce,0x8cce,0x8cce,0x0000,0x0000,0x0000,0x0000,0x0000,0x0000,0x0000,0x0000,0x0000,
    0x0000,0x8cce,0x8cce,0x8cce,0x8cce,0x8cce,0x8cce,0x8cce,0x8cce,0x8cce,0x8cce,0x8cce,0x8cce,0x8cce,0x8cce,0x8cce,
    0x0000,0x0000,0x0000,0x0000,0x0000,0x0000,0x0000,0x0000,0x0000,0x0000,0x8cce,0x8cce,0x8cce,0x8cce,0x8cce,0x8cce,
    0x8cce,0x8cce,0x8cce,0x8cce,0x1082,0x1082,0x0000,0x0000,0x0000,0x0000,0x0000,0x0000,0x0000,0x0000,0x0000,0x0000,
    0x0000,0x0000,0x0000,0x0000,0x0000,0x0000,0x0000,0x0000,0x0000,0x0000,0x0000,0x1082,0x1082,0x8cce,0x8cce,0x8cce,
    0x8cce,0x8cce,0x8cce,0x8cce,0x8cce,0x8cce,0x8cce,0x8cce,0x8cce,0x8cce,0x0000,0x0000,0x0000,0x0000,0x0000,0x0000,
    0x0000,0x0000,0x0000,0x8cce,0x8cce,0x8cce,0x8cce,0x8cce,0x8cce,0x8cce,0x8cce,0x8cce,0x8cce,0x8cce,0x0000,0x0000,
    0x0000,0x0000,0x0000,0x0000,0x0000,0x0000,0x0000,0x8cce,0x8cce,0x8cce,0x8cce,0x8cce,0x8cce,0x8cce,0x8cce,0x8cce,
    0x8cce,0x8cce,0x8cce,0x8cce,0x1082,0x1082,0x0000,0x0000,0x0000,0x0000,0x0000,0x0000,0x0000,0x0000,0x0000,0x0000,
    0x0000,0x0000,0x0000,0x0000,0x0000,0x0000,0x0000,0x0000,0x0000,0x0000,0x0000,0x1082,0x1082,0x8cce,0x8cce,0x8cce,
    0x8cce,0x8cce,0x8cce,0x8cce,0x8cce,0x8cce,0x8cce,0x8cce,0x8cce,0x8cce,0x8cce,0x8cce,0x0000,0x0000,0x0000,0x0000,
    0x0000,0x0000,0x0000,0x8cce,0x8cce,0x8cce,0x8cce,0x8cce,0x8cce,0x8cce,0x8cce,0x8cce,0x8cce,0x8cce,0x0000,0x0000,
    0x0000,0x0000,0x0000,0x0000,0x0000,0x8cce,0x8cce,0x8cce,0x8cce,0x8cce,0x8cce,0x8cce,0x8cce,0x8cce,0x8cce,0x8cce,
    0x8cce,0x8cce,0x8cce,0x8cce,0x1082,0x1082,0x0000,0x0000,0x0000,0x0000,0x0000,0x0000,0x0000,0x0000,0x0000,0x0000,
    0x0000,0x0000,0x0000,0x0000,0x0000,0x0000,0x0000,0x0000,0x0000,0x0000,0x1082,0x1082,0x8cce,0x8cce,0x8cce,0x8cce,
    0x8cce,0x8cce,0x8cce,0x8cce,0x8cce,0x8cce,0x8cce,0x8cce,0x8cce,0x8cce,0x8cce,0x8cce,0x8cce,0x8cce,0x8cce,0x0000,
    0x0000,0x0000,0x0000,0x8cce,0x8cce,0x8cce,0x8cce,0x8cce,0x8cce,0x8cce,0x8cce,0x8cce,0x8cce,0x8cce,0x0000,0x0000,
    0x0000,0x0000,0x8cce,0x8cce,0x8cce,0x8cce,0x8cce,0x8cce,0x8cce,0x8cce,0x8cce,0x8cce,0x8cce,0x8cce,0x8cce,0x8cce,
    0x8cce,0x8cce,0x8cce,0x8cce,0x8cce,0x1082,0x1082,0x0000,0x0000,0x0000,0x0000,0x0000,0x0000,0x0000,0x0000,0x0000,
    0x0000,0x0000,0x0000,0x0000,0x0000,0x0000,0x0000,0x0000,0x0000,0x0000,0x1082,0x1082,0x8cce,0x8cce,0x8cce,0x8cce,
    0x8cce,0x8cce,0x8cce,0x8cce,0x8cce,0x8cce,0x8cce,0x8cce,0x8cce,0x8cce,0x8cce,0x8cce,0x8cce,0x8cce,0x8cce,0x8cce,
    0x8cce,0x8cce,0x8cce,0x8cce,0x8cce,0x8cce,0x8cce,0x8cce,0x8cce,0x8cce,0x8cce,0x8cce,0x8cce,0x8cce,0x8cce,0x8cce,
    0x8cce,0x8cce,0x8cce,0x8cce,0x8cce,0x8cce,0x8cce,0x8cce,0x8cce,0x8cce,0x8cce,0x8cce,0x8cce,0x8cce,0x8cce,0x8cce,
    0x8cce,0x8cce,0x8cce,0x8cce,0x8cce,0x1082,0x1082,0x0000,0x0000,0x0000,0x0000,0x0000,0x0000,0x0000,0x0000,0x0000,
    0x0000,0x0000,0x0000,0x0000,0x0000,0x0000,0x0000,0x0000,0x0000,0x0000,0x1082,0x1082,0x8cce,0x8cce,0x8cce,0x8cce,
    0x8cce,0x8cce,0x8cce,0x8cce,0x8cce,0x8cce,0x8cce,0x8cce,0x0000,0x0000,0x0000,0x0000,0x0000,0x0000,0x0000,0x0000,
    0x0000,0x0000,0x0000,0x8cce,0x8cce,0x8cce,0x8cce,0x8cce,0x8cce,0x8cce,0x8cce,0x8cce,0x8cce,0x8cce,0x0000,0x0000,
    0x0000,0x0000,0x0000,0x0000,0x0000,0x0000,0x0000,0x0000,0x0000,0x8cce,0x8cce,0x8cce,0x8cce,0x8cce,0x8cce,0x8cce,
    0x8cce,0x8cce,0x8cce,0x8cce,0x8cce,0x1082,0x1082,0x0000,0x0000,0x0000,0x0000,0x0000,0x0000,0x0000,0x0000,0x0000,
    0x0000,0x0000,0x0000,0x0000,0x0000,0x0000,0x0000,0x0000,0x0000,0x0000,0x1082,0x1082,0x8cce,0x8cce,0x8cce,0x8cce,
    0x8cce,0x8cce,0x8cce,0x8cce,0x8cce,0x8cce,0x8cce,0x8cce,0x0000,0x0000,0x0000,0x0000,0x0000,0x0000,0x0000,0x0000,
    0x0000,0x0000,0x0000,0x8cce,0x8cce,0x8cce,0x8cce,0x8cce,0x8cce,0x8cce,0x8cce,0x8cce,0x8cce,0x8cce,0x0000,0x0000,
    0x0000,0x0000,0x0000,0x0000,0x0000,0x0000,0x0000,0x0000,0x0000,0x8cce,0x8cce,0x8cce,0x8cce,0x8cce,0x8cce,0x8cce,
    0x8cce,0x8cce,0x8cce,0x8cce,0x8cce,0x1082,0x1082,0x0000,0x0000,0x0000,0x0000,0x0000,0x0000,0x0000,0x0000,0x0000,
    0x0000,0x0000,0x0000,0x0000,0x0000,0x0000,0x0000,0x0000,0x0000,0x0000,0x1082,0x1082,0x8cce,0x8cce,0x8cce,0x8cce,
    0x8cce,0x8cce,0x8cce,0x8cce,0x8cce,0x8cce,0x8cce,0x8cce,0x0000,0x0000,0x0000,0x0000,0x0000,0x0000,0x0000,0x0000,
    0x0000,0x0000,0x0000,0x8cce,0x8cce,0x8cce,0x8cce,0x8cce,0x8cce,0x8cce,0x8cce,0x8cce,0x8cce,0x8cce,0x0000,0x0000,
    0x0000,0x0000,0x0000,0x0000,0x0000,0x0000,0x0000,0x0000,0x0000,0x8cce,0x8cce,0x8cce,0x8cce,0x8cce,0x8cce,0x8cce,
    0x8cce,0x8cce,0x8cce,0x8cce,0x8cce,0x1082,0x1082,0x0000,0x0000,0x0000,0x0000,0x0000,0x0000,0x0000,0x0000,0x0000,
    0x0000,0x0000,0x0000,0x0000,0x0000,0x0000,0x0000,0x0000,0x0000,0x0000,0x1082,0x1082,0x8cce,0x8cce,0x8cce,0x8cce,
    0x8cce,0x8cce,0x8cce,0x8cce,0x8cce,0x8cce,0x8cce,0x8cce,0x8cce,0x8cce,0x8cce,0x8cce,0x8cce,0x8cce,0x8cce,0x8cce,
    0x8cce,0x8cce,0x8cce,0x8cce,0x8cce,0x8cce,0x8cce,0x8cce,0x8cce,0x8cce,0x8cce,0x8cce,0x8cce,0x8cce,0x8cce,0x8cce,
    0x8cce,0x8cce,0x8cce,0x8cce,0x8cce,0x8cce,0x8cce,0x8cce,0x8cce,0x8cce,0x8cce,0x8cce,0x8cce,0x8cce,0x8cce,0x8cce,
    0x8cce,0x8cce,0x8cce,0x8cce,0x8cce,0x1082,0x1082,0x0000,0x0000,0x0000,0x0000,0x0000,0x0000,0x0000,0x0000,0x0000,
    0x0000,0x0000,0x0000,0x0000,0x0000,0x0000,0x0000,0x0000,0x0000,0x0000,0x1082,0x1082,0x8cce,0x8cce,0x8cce,0x8cce,
    0x8cce,0x8cce,0x8cce,0x8cce,0x8cce,0x8cce,0x8cce,0x8cce,0x8cce,0x8cce,0x8cce,0x8cce,0x8cce,0x8cce,0x8cce,0x8cce,
    0x8cce,0x8cce,0x8cce,0x8cce,0x8cce,0x8cce,0x8cce,0x8cce,0x8cce,0x8cce,0x8cce,0x8cce,0x8cce,0x8cce,0x8cce,0x8cce,
    0x8cce,0x8cce,0x8cce,0x8cce,0x8cce,0x8cce,0x8cce,0x8cce,0x8cce,0x8cce,0x8cce,0x8cce,0x8cce,0x8cce,0x8cce,0x8cce,
    0x8cce,0x8cce,0x8cce,0x8cce,0x8cce,0x1082,0x1082,0x0000,0x0000,0x0000,0x0000,0x0000,0x0000,0x0000,0x0000,0x0000,
    0x0000,0x0000,0x0000,0x0000,0x0000,0x0000,0x0000,0x0000,0x0000,0x1082,0x1082,0x8cce,0x8cce,0x8cce,0x8cce,0x8cce,
    0x8cce,0x8cce,0x8cce,0x8cce,0x8cce,0x8cce,0x8cce,0x8cce,0x8cce,0x8cce,0x8cce,0x8cce,0x8cce,0x8cce,0x8cce,0x8cce,
    0x8cce,0x8cce,0x8cce,0x8cce,0x8cce,0x8cce,0x8cce,0x8cce,0x8cce,0x8cce,0x8cce,0x8cce,0x8cce,0x8cce,0x8cce,0x8cce,
    0x8cce,0x8cce,0x8cce,0x8cce,0x8cce,0x8cce,0x8cce,0x8cce,0x8cce,0x8cce,0x8cce,0x8cce,0x8cce,0x8cce,0x8cce,0x8cce,
    0x8cce,0x8cce,0x8cce,0x8cce,0x8cce,0x8cce,0x1082,0x1082,0x0000,0x0000,0x0000,0x0000,0x0000,0x0000,0x0000,0x0000,
    0x0000,0x0000,0x0000,0x0000,0x0000,0x0000,0x0000,0x0000,0x0000,0x0000,0x1082,0x1082,0x8cce,0x8cce,0x8cce,0x8cce,
    0x8cce,0x8cce,0x8cce,0x8cce,0x8cce,0x8cce,0x8cce,0x8cce,0x8cce,0x8cce,0x8cce,0x8cce,0x8cce,0x8cce,0x8cce,0x8cce,
    0x8cce,0x8cce,0x8cce,0x8cce,0x8cce,0x8cce,0x8cce,0x8cce,0x8cce,0x8cce,0x8cce,0x8cce,0x8cce,0x8cce,0x8cce,0x8cce,
    0x8cce,0x8cce,0x8cce,0x8cce,0x8cce,0x8cce,0x8cce,0x8cce,0x8cce,0x8cce,0x8cce,0x8cce,0x8cce,0x8cce,0x8cce,0x8cce,
    0x8cce,0x8cce,0x8cce,0x8cce,0x8cce,0x1082,0x1082,0x0000,0x0000,0x0000,0x0000,0x0000,0x0000,0x0000,0x0000,0x0000,
    0x0000,0x0000,0x0000,0x0000,0x0000,0x0000,0x0000,0x0000,0x0000,0x0000,0x1082,0x1082,0x8cce,0x8cce,0x8cce,0x8cce,
    0x8cce,0x8cce,0x8cce,0x8cce,0x8cce,0x8cce,0x8cce,0x8cce,0x8cce,0x8cce,0x8cce,0x8cce,0x8cce,0x8cce,0x8cce,0x8cce,
    0x8cce,0x8cce,0x8cce,0x8cce,0x8cce,0x8cce,0x8cce,0x8cce,0x1082,0x8cce,0x8cce,0x8cce,0x8cce,0x8cce,0x8cce,0x8cce,
    0x8cce,0x8cce,0x8cce,0x8cce,0x8cce,0x8cce,0x8cce,0x8cce,0x8cce,0x8cce,0x8cce,0x8cce,0x8cce,0x8cce,0x8cce,0x8cce,
    0x8cce,0x8cce,0x8cce,0x8cce,0x8cce,0x1082,0x1082,0x1082,0x0000,0x0000,0x0000,0x0000,0x0000,0x0000,0x0000,0x0000,
    0x0000,0x0000,0x0000,0x0000,0x0000,0x0000,0x0000,0x0000,0x0000,0x0000,0x1082,0x1082,0x8cce,0x8cce,0x8cce,0x8cce,
    0x8cce,0x8cce,0x8cce,0x8cce,0x8cce,0x8cce,0x8cce,0x8cce,0x8cce,0x8cce,0x8cce,0x8cce,0x8cce,0x8cce,0x8cce,0x8cce,
    0x8cce,0x8cce,0x8cce,0x1082,0x1082,0x1082,0x1082,0x1082,0x1082,0x1082,0x1082,0x1082,0x1082,0x1082,0x8cce,0x8cce,
    0x8cce,0x8cce,0x8cce,0x8cce,0x8cce,0x8cce,0x8cce,0x8cce,0x8cce,0x8cce,0x8cce,0x8cce,0x8cce,0x8cce,0x8cce,0x8cce,
    0x8cce,0x8cce,0x8cce,0x8cce,0x8cce,0x1082,0x1082,0x1082,0x1082,0x1082,0x0000,0x0000,0x0000,0x0000,0x0000,0x0000,
    0x0000,0x0000,0x0000,0x0000,0x0000,0x0000,0x0000,0x0000,0x0000,0x0000,0x1082,0x1082,0x8cce,0x8cce,0x1082,0x1082,
    0x1082,0x8cce,0x8cce,0x8cce,0x8cce,0x8cce,0x8cce,0x8cce,0x8cce,0x8cce,0x8cce,0x8cce,0x8cce,0x8cce,0x8cce,0x8cce,
    0x1082,0x1082,0x1082,0x1082,0x1082,0x1082,0x1082,0x1082,0xff34,0x1082,0x1082,0x1082,0x1082,0x1082,0x1082,0x1082,
    0x1082,0x8cce,0x8cce,0x8cce,0x8cce,0x8cce,0x8cce,0x8cce,0x8cce,0x8cce,0x8cce,0x8cce,0x8cce,0x8cce,0x8cce,0x8cce,
    0x1082,0x1082,0x1082,0x8cce,0x8cce,0x1082,0x1082,0x1082,0x1082,0x1082,0x1082,0x1082,0x0000,0x0000,0x0000,0x0000,
    0x0000,0x0000,0x0000,0x0000,0x0000,0x0000,0x0000,0x0000,0x0000,0x0000,0x1082,0x1082,0x8cce,0x1082,0x1082,0x1082,
    0x1082,0x8cce,0x8cce,0x8cce,0x8cce,0x8cce,0x8cce,0x8cce,0x8cce,0x8cce,0x8cce,0x8cce,0x8cce,0x8cce,0x8cce,0x1082,
    0x1082,0x1082,0x1082,0xff34,0xff34,0xff34,0xff34,0xff34,0xff34,0xff34,0xff34,0xff34,0xff34,0xff34,0x1082,0x1082,
    0x1082,0x1082,0x8cce,0x8cce,0x8cce,0x8cce,0x8cce,0x8cce,0x8cce,0x8cce,0x8cce,0x8cce,0x8cce,0x8cce,0x8cce,0x8cce,
    0x1082,0x1082,0x1082,0x1082,0x8cce,0x1082,0x1082,0xf9c7,0x1082,0x1082,0x1082,0x1082,0x0000,0x0000,0x0000,0x0000,
    0x0000,0x0000,0x0000,0x0000,0x0000,0x0000,0x0000,0x0000,0x0000,0x0000,0x1082,0x1082,0x1082,0x1082,0x1082,0x1082,
    0x1082,0x8cce,0x8cce,0x8cce,0x8cce,0x8cce,0x8cce,0x8cce,0x8cce,0x8cce,0x8cce,0x8cce,0x8cce,0x1082,0x1082,0x1082,
    0x1082,0xff34,0xff34,0xff34,0xff34,0xff34,0xff34,0xff34,0xff34,0xff34,0xff34,0xff34,0xff34,0xff34,0xff34,0xff34,
    0x1082,0x1082,0x1082,0x1082,0x8cce,0x8cce,0x8cce,0x8cce,0x8cce,0x8cce,0x8cce,0x8cce,0x8cce,0x8cce,0x8cce,0x8cce,
    0x1082,0x1082,0x1082,0x1082,0x1082,0x1082,0x1082,0xf9c7,0xf9c7,0x1082,0x1082,0x1082,0x1082,0x0000,0x0000,0x0000,
    0x0000,0x0000,0x0000,0x0000,0x0000,0x0000,0x0000,0x0000,0x0000,0x0000,0x1082,0x1082,0x1082,0x1082,0x1082,0x1082,
    0x8cce,0x8cce,0x8cce,0x8cce,0x8cce,0x8cce,0x8cce,0x8cce,0x8cce,0x8cce,0x8cce,0x8cce,0x1082,0x1082,0x1082,0x1082,
    0xff34,0xff34,0xff34,0xff34,0x0000,0x0000,0x0000,0x0000,0x0000,0x0000,0x0000,0x0000,0x0000,0xff34,0xff34,0xff34,
    0xff34,0x1082,0x1082,0x1082,0x1082,0x8cce,0x8cce,0x8cce,0x8cce,0x8cce,0x8cce,0x8cce,0x8cce,0x8cce,0x8cce,0x8cce,
    0x8cce,0x1082,0x1082,0x1082,0x1082,0x1082,0x1082,0xf9c7,0xf9c7,0x1082,0x1082,0x1082,0x1082,0x0000,0x0000,0x0000,
    0x0000,0x0000,0x0000,0x0000,0x0000,0x0000,0x0000,0x0000,0x0000,0x0000,0x1082,0x1082,0x1082,0x1082,0x1082,0x8cce,
    0x8cce,0x8cce,0x8cce,0x8cce,0x8cce,0x8cce,0x8cce,0x8cce,0x8cce,0x8cce,0x8cce,0x8cce,0x1082,0x1082,0x1082,0xff34,
    0xff34,0xff34,0x0000,0x0000,0x0000,0x0000,0x0000,0x0000,0x0000,0x0000,0x0000,0x0000,0x0000,0x0000,0x0000,0xff34,
    0xff34,0xff34,0x1082,0x1082,0x1082,0x8cce,0x8cce,0x8cce,0x8cce,0x8cce,0x8cce,0x8cce,0x8cce,0x8cce,0x8cce,0x8cce,
    0x8cce,0x8cce,0x1082,0x1082,0x1082,0x1082,0x1082,0xf9c7,0xf9c7,0xf9c7,0x1082,0x1082,0x1082,0x1082,0x0000,0x0000,
    0x0000,0x0000,0x0000,0x0000,0x0000,0x0000,0x0000,0x0000,0x0000,0x1082,0xf9c7,0x1082,0x1082,0x1082,0x8cce,0x8cce,
    0x8cce,0x8cce,0x8cce,0x8cce,0x8cce,0x8cce,0x8cce,0x8cce,0x8cce,0x8cce,0x8cce,0x1082,0x1082,0x1082,0xff34,0xff34,
    0xff34,0x0000,0x0000,0x0000,0x0000,0x0000,0x0000,0x0000,0x0000,0x0000,0x0000,0x0000,0x0000,0x0000,0x0000,0x0000,
    0xff34,0xff34,0xff34,0x1082,0x1082,0x1082,0x8cce,0x8cce,0x8cce,0x8cce,0x8cce,0x8cce,0x8cce,0x8cce,0x8cce,0x8cce,
    0x8cce,0x8cce,0x8cce,0x1082,0x1082,0x1082,0xf9c7,0x1082,0xf9c7,0x1082,0x1082,0x1082,0x1082,0x0000,0x0000,0x0000,
    0x0000,0x0000,0x0000,0x0000,0x0000,0x0000,0x0000,0x0000,0xf9c7,0xf9c7,0xf9c7,0xf9c7,0xf9c7,0x8cce,0x8cce,0x8cce,
    0x8cce,0x8cce,0x8cce,0x8cce,0x8cce,0x8cce,0x8cce,0x8cce,0x8cce,0x8cce,0x1082,0x1082,0x1082,0xff34,0xff34,0xff34,
    0x0000,0x0000,0x0000,0x0000,0x0000,0x0000,0x0000,0xff34,0xff34,0xff34,0x0000,0x0000,0x0000,0x0000,0x0000,0x0000,
    0x0000,0xff34,0xff34,0xff34,0x1082,0x1082,0x1082,0x8cce,0x8cce,0x8cce,0x8cce,0x8cce,0x8cce,0x8cce,0x8cce,0x8cce,
    0x8cce,0x8cce,0x8cce,0x8cce,0xf9c7,0xf9c7,0xf9c7,0xf9c7,0xf9c7,0x1082,0x1082,0x1082,0x1082,0x0000,0x0000,0x0000,
    0x0000,0x0000,0x0000,0x0000,0x0000,0x0000,0x0000,0x0000,0xf9c7,0xf9c7,0xf9c7,0xf9c7,0xf9c7,0x1082,0x8cce,0x8cce,
    0x8cce,0x8cce,0x8cce,0x8cce,0x8cce,0x8cce,0x8cce,0x8cce,0x8cce,0x8cce,0x1082,0x1082,0x1082,0xff34,0xff34,0xff34,
    0x0000,0x0000,0x0000,0x0000,0x0000,0xff34,0xff34,0xff34,0xff34,0xff34,0xff34,0xff34,0x0000,0x0000,0x0000,0x0000,
    0x0000,0xff34,0xff34,0xff34,0x1082,0x1082,0x1082,0x8cce,0x8cce,0x8cce,0x8cce,0x8cce,0x8cce,0x8cce,0x8cce,0x8cce,
    0x8cce,0x8cce,0x8cce,0x1082,0xf9c7,0xf9c7,0xf9c7,0xf9c7,0xf9c7,0x1082,0x1082,0x1082,0x0000,0x0000,0x0000,0x0000,
    0x0000,0x0000,0x0000,0x0000,0x0000,0x0000,0x0000,0xf9c7,0xf9c7,0xf9c7,0xf9c7,0xf9c7,0xf9c7,0xf9c7,0x8cce,0x8cce,
    0x8cce,0x8cce,0x8cce,0x8cce,0x8cce,0x8cce,0x8cce,0x8cce,0x8cce,0x8cce,0x1082,0x1082,0x1082,0xff34,0xff34,0x0000,
    0x0000,0x0000,0x0000,0x0000,0xff34,0xff34,0xff34,0xff34,0xff34,0xff34,0xff34,0xff34,0xff34,0x0000,0x0000,0x0000,
    0x0000,0x0000,0xff34,0xff34,0x1082,0x1082,0x1082,0x8cce,0x8cce,0x8cce,0x8cce,0x8cce,0x8cce,0x8cce,0x8cce,0x8cce,
    0x8cce,0x8cce,0x8cce,0xf9c7,0xf9c7,0xf9c7,0xf9c7,0xf9c7,0xf9c7,0xf9c7,0x1082,0x1082,0x0000,0x0000,0x0000,0x0000,
    0x0000,0x0000,0x0000,0x0000,0x0000,0x0000,0x0000,0x0000,0xf9c7,0xf9c7,0xf9c7,0xf9c7,0xf9c7,0x1082,0x1082,0x8cce,
    0x8cce,0x8cce,0x8cce,0x8cce,0x8cce,0x8cce,0x8cce,0x8cce,0x8cce,0x8cce,0x1082,0x1082,0xff34,0xff34,0xff34,0x0000,
    0x0000,0x0000,0x0000,0xff34,0xff34,0xff34,0xff34,0xff34,0xff34,0xff34,0xff34,0xff34,0xff34,0xff34,0x0000,0x0000,
    0x0000,0x0000,0xff34,0xff34,0xff34,0x1082,0x1082,0x8cce,0x8cce,0x8cce,0x8cce,0x8cce,0x8cce,0x8cce,0x8cce,0x8cce,
    0x8cce,0x8cce,0x1082,0x1082,0xf9c7,0xf9c7,0xf9c7,0xf9c7,0xf9c7,0x1082,0x0000,0x0000,0x0000,0x0000,0x0000,0x0000,
    0x0000,0x0000,0x0000,0x0000,0x0000,0x0000,0x0000,0x0000,0xf9c7,0xf9c7,0xf9c7,0xf9c7,0xf9c7,0x1082,0x1082,0x8cce,
    0x8cce,0x8cce,0x8cce,0x8cce,0x8cce,0x8cce,0x8cce,0x8cce,0x8cce,0x1082,0x1082,0x1082,0x1082,0xff34,0xff34,0x0000,
    0x0000,0x0000,0x0000,0xff34,0xff34,0xff34,0xff34,0xff34,0xff34,0xff34,0xff34,0xff34,0xff34,0xff34,0x0000,0x0000,
    0x0000,0x0000,0xff34,0xff34,0x1082,0x1082,0x1082,0x1082,0x8cce,0x8cce,0x8cce,0x8cce,0x8cce,0x8cce,0x8cce,0x8cce,
    0x8cce,0x8cce,0x1082,0x1082,0xf9c7,0xf9c7,0xf9c7,0xf9c7,0xf9c7,0x0000,0x0000,0x0000,0x0000,0x0000,0x0000,0x0000,
    0x0000,0x0000,0x0000,0x0000,0x0000,0x0000,0x0000,0x0000,0x0000,0x0000,0xf9c7,0x0000,0x0000,0x1082,0x1082,0x1082,
    0x8cce,0x8cce,0x8cce,0x8cce,0x8cce,0x8cce,0x8cce,0x8cce,0x8cce,0x8cce,0x1082,0x1082,0x1082,0xff34,0xff34,0xff34,
    0xff34,0xff34,0xff34,0xff34,0xff34,0xff34,0xff34,0xff34,0xff34,0xff34,0xff34,0xff34,0xff34,0xff34,0xff34,0xff34,
    0xff34,0xff34,0xff34,0xff34,0x1082,0x1082,0x1082,0x8cce,0x8cce,0x8cce,0x8cce,0x8cce,0x8cce,0x8cce,0x8cce,0x8cce,
    0x8cce,0x1082,0x1082,0x1082,0x0000,0x0000,0xf9c7,0x0000,0x0000,0x0000,0x0000,0x0000,0x0000,0x0000,0x0000,0x0000,
    0x0000,0x0000,0x0000,0x0000,0x0000,0x0000,0x0000,0x0000,0x0000,0x0000,0x0000,0x0000,0x0000,0x0000,0x1082,0x1082,
    0x8cce,0x8cce,0x8cce,0x8cce,0x8cce,0x8cce,0x8cce,0x8cce,0x8cce,0x8cce,0x1082,0x1082,0x1082,0xff34,0xff34,0xff34,
    0xff34,0xff34,0xff34,0xff34,0xff34,0xff34,0xff34,0xff34,0xff34,0xff34,0xff34,0xff34,0xff34,0xff34,0xff34,0xff34,
    0xff34,0xff34,0xff34,0xff34,0x1082,0x1082,0x1082,0x8cce,0x8cce,0x8cce,0x8cce,0x8cce,0x8cce,0x8cce,0x8cce,0x8cce,
    0x8cce,0x1082,0x1082,0x0000,0x0000,0x0000,0x0000,0x0000,0x0000,0x0000,0x0000,0x0000,0x0000,0x0000,0x0000,0x0000,
    0x0000,0x0000,0x0000,0x0000,0x0000,0x0000,0x0000,0x0000,0x0000,0x0000,0x0000,0x0000,0x0000,0x0000,0x0000,0x1082,
    0x1082,0x8cce,0x8cce,0x8cce,0x8cce,0x8cce,0x8cce,0x8cce,0x8cce,0x8cce,0x1082,0x1082,0x1082,0x1082,0xff34,0xff34,
    0xff34,0xff34,0xff34,0xff34,0xff34,0xff34,0xff34,0xff34,0xff34,0xff34,0xff34,0xff34,0xff34,0xff34,0xff34,0xff34,
    0xff34,0xff34,0xff34,0x1082,0x1082,0x1082,0x1082,0x8cce,0x8cce,0x8cce,0x8cce,0x8cce,0x8cce,0x8cce,0x8cce,0x8cce,
    0x1082,0x1082,0x0000,0x0000,0x0000,0x0000,0x0000,0x0000,0x0000,0x0000,0x0000,0x0000,0x0000,0x0000,0x0000,0x0000,
    0x0000,0x0000,0x0000,0x0000,0x0000,0x0000,0x0000,0x0000,0x0000,0x0000,0x0000,0x0000,0x0000,0x0000,0x0000,0x1082,
    0x1082,0x1082,0x8cce,0x8cce,0x8cce,0x8cce,0x8cce,0x8cce,0x8cce,0x8cce,0x1082,0x1082,0x1082,0x1082,0x1082,0xff34,
    0xff34,0xff34,0xff34,0xff34,0xff34,0xff34,0xff34,0xff34,0xff34,0xff34,0xff34,0xff34,0xff34,0xff34,0xff34,0xff34,
    0xff34,0xff34,0x1082,0x1082,0x1082,0x1082,0x1082,0x8cce,0x8cce,0x8cce,0x8cce,0x8cce,0x8cce,0x8cce,0x8cce,0x1082,
    0x1082,0x1082,0x0000,0x0000,0x0000,0x0000,0x0000,0x0000,0x0000,0x0000,0x0000,0x0000,0x0000,0x0000,0x0000,0x0000,
    0x0000,0x0000,0x0000,0x0000,0x0000,0x0000,0x0000,0x0000,0x0000,0x0000,0x0000,0x0000,0x0000,0x0000,0x0000,0x0000,
    0x1082,0x1082,0x1082,0x8cce,0x8cce,0x8cce,0x8cce,0x8cce,0x8cce,0x8cce,0x8cce,0x1082,0x1082,0x1082,0x1082,0x1082,
    0xff34,0xff34,0xff34,0xff34,0xff34,0xff34,0xff34,0xff34,0xff34,0xff34,0xff34,0xff34,0xff34,0xff34,0xff34,0xff34,
    0xff34,0x1082,0x1082,0x1082,0x1082,0x1082,0x8cce,0x8cce,0x8cce,0x8cce,0x8cce,0x8cce,0x8cce,0x8cce,0x1082,0x1082,
    0x1082,0x0000,0x0000,0x0000,0x0000,0x0000,0x0000,0x0000,0x0000,0x0000,0x0000,0x0000,0x0000,0x0000,0x0000,0x0000,
    0x0000,0x0000,0x0000,0x0000,0x0000,0x0000,0x0000,0x0000,0x0000,0x0000,0x0000,0x0000,0x0000,0x0000,0x0000,0x0000,
    0x0000,0x1082,0x1082,0x8cce,0x8cce,0x8cce,0x8cce,0x8cce,0x8cce,0x8cce,0x8cce,0x8cce,0x1082,0x1082,0x1082,0x1082,
    0x1082,0xff34,0xff34,0xff34,0xff34,0xff34,0xff34,0xff34,0xff34,0xff34,0xff34,0xff34,0xff34,0xff34,0xff34,0xff34,
    0x1082,0x1082,0x1082,0x1082,0x1082,0x8cce,0x8cce,0x8cce,0x8cce,0x8cce,0x8cce,0x8cce,0x8cce,0x8cce,0x1082,0x1082,
    0x0000,0x0000,0x0000,0x0000,0x0000,0x0000,0x0000,0x0000,0x0000,0x0000,0x0000,0x0000,0x0000,0x0000,0x0000,0x0000,
    0x0000,0x0000,0x0000,0x0000,0x0000,0x0000,0x0000,0x0000,0x0000,0x0000,0x0000,0x0000,0x0000,0x0000,0x0000,0x0000,
    0x0000,0x0000,0x1082,0x1082,0x8cce,0x8cce,0x8cce,0x8cce,0x8cce,0x8cce,0x8cce,0x8cce,0x1082,0x1082,0x1082,0x1082,
    0x1082,0x1082,0x1082,0xff34,0xff34,0xff34,0xff34,0xff34,0xff34,0xff34,0xff34,0xff34,0xff34,0xff34,0x1082,0x1082,
    0x1082,0x1082,0x1082,0x1082,0x1082,0x8cce,0x8cce,0x8cce,0x8cce,0x8cce,0x8cce,0x8cce,0x8cce,0x1082,0x1082,0x0000,
    0x0000,0x0000,0x0000,0x0000,0x0000,0x0000,0x0000,0x0000,0x0000,0x0000,0x0000,0x0000,0x0000,0x0000,0x0000,0x0000,
    0x0000,0x0000,0x0000,0x0000,0x0000,0x0000,0x0000,0x0000,0x0000,0x0000,0x0000,0x0000,0x0000,0x0000,0x0000,0x0000,
    0x0000,0x0000,0x0000,0x1082,0x1082,0x1082,0x8cce,0x8cce,0x8cce,0x8cce,0x8cce,0x8cce,0x8cce,0x1082,0x1082,0x1082,
    0x1082,0x1082,0x1082,0x1082,0x1082,0x1082,0x1082,0x1082,0xff34,0x1082,0x1082,0x1082,0x1082,0x1082,0x1082,0x1082,
    0x1082,0x1082,0x1082,0x1082,0x8cce,0x8cce,0x8cce,0x8cce,0x8cce,0x8cce,0x8cce,0x1082,0x1082,0x1082,0x0000,0x0000,
    0x0000,0x0000,0x0000,0x0000,0x0000,0x0000,0x0000,0x0000,0x0000,0x0000,0x0000,0x0000,0x0000,0x0000,0x0000,0x0000,
    0x0000,0x0000,0x0000,0x0000,0x0000,0x0000,0x0000,0x0000,0x0000,0x0000,0x0000,0x0000,0x0000,0x0000,0x0000,0x0000,
    0x0000,0x0000,0x0000,0x0000,0x1082,0x1082,0x1082,0x8cce,0x8cce,0x8cce,0x8cce,0x8cce,0x8cce,0x8cce,0x8cce,0x1082,
    0x1082,0x1082,0x1082,0x1082,0x1082,0x1082,0x1082,0x1082,0x1082,0x1082,0x1082,0x1082,0x1082,0x1082,0x1082,0x1082,
    0x1082,0x1082,0x8cce,0x8cce,0x8cce,0x8cce,0x8cce,0x8cce,0x8cce,0x8cce,0x1082,0x1082,0x1082,0x0000,0x0000,0x0000,
    0x0000,0x0000,0x0000,0x0000,0x0000,0x0000,0x0000,0x0000,0x0000,0x0000,0x0000,0x0000,0x0000,0x0000,0x0000,0x0000,
    0x0000,0x0000,0x0000,0x0000,0x0000,0x0000,0x0000,0x0000,0x0000,0x0000,0x0000,0x0000,0x0000,0x0000,0x0000,0x0000,
    0x0000,0x0000,0x0000,0x0000,0x1082,0x1082,0x1082,0x1082,0x8cce,0x8cce,0x8cce,0x8cce,0x8cce,0x8cce,0x8cce,0x8cce,
    0x1082,0x1082,0x1082,0x1082,0x1082,0x1082,0x1082,0x1082,0x1082,0x1082,0x1082,0x1082,0x1082,0x1082,0x1082,0x1082,
    0x1082,0x8cce,0x8cce,0x8cce,0x8cce,0x8cce,0x8cce,0x8cce,0x8cce,0x1082,0x1082,0x1082,0x1082,0x0000,0x0000,0x0000,
    0x0000,0x0000,0x0000,0x0000,0x0000,0x0000,0x0000,0x0000,0x0000,0x0000,0x0000,0x0000,0x0000,0x0000,0x0000,0x0000,
    0x0000,0x0000,0x0000,0x0000,0x0000,0x0000,0x0000,0x0000,0x0000,0x0000,0x0000,0x0000,0x0000,0x0000,0x0000,0x0000,
    0x0000,0x0000,0x0000,0x1082,0x1082,0x59c4,0x1082,0x1082,0x1082,0x1082,0x8cce,0x8cce,0x8cce,0x8cce,0x8cce,0x8cce,
    0x8cce,0x8cce,0x8cce,0x1082,0x1082,0x1082,0x1082,0x1082,0x1082,0x1082,0x1082,0x1082,0x1082,0x1082,0x8cce,0x8cce,
    0x8cce,0x8cce,0x8cce,0x8cce,0x8cce,0x8cce,0x8cce,0x1082,0x1082,0x1082,0x1082,0x59c4,0x1082,0x1082,0x0000,0x0000,
    0x0000,0x0000,0x0000,0x0000,0x0000,0x0000,0x0000,0x0000,0x0000,0x0000,0x0000,0x0000,0x0000,0x0000,0x0000,0x0000,
    0x0000,0x0000,0x0000,0x0000,0x0000,0x0000,0x0000,0x0000,0x0000,0x0000,0x0000,0x0000,0x0000,0x0000,0x0000,0x0000,
    0x0000,0x0000,0x0000,0x1082,0x59c4,0x59c4,0x59c4,0x59c4,0x1082,0x1082,0x1082,0x1082,0x8cce,0x8cce,0x8cce,0x8cce,
    0x8cce,0x8cce,0x8cce,0x8cce,0x8cce,0x8cce,0x8cce,0x8cce,0x1082,0x8cce,0x8cce,0x8cce,0x8cce,0x8cce,0x8cce,0x8cce,
    0x8cce,0x8cce,0x8cce,0x8cce,0x8cce,0x1082,0x1082,0x1082,0x1082,0x59c4,0x59c4,0x59c4,0x59c4,0x1082,0x0000,0x0000,
    0x0000,0x0000,0x0000,0x0000,0x0000,0x0000,0x0000,0x0000,0x0000,0x0000,0x0000,0x0000,0x0000,0x0000,0x0000,0x0000,
    0x0000,0x0000,0x0000,0x0000,0x0000,0x0000,0x0000,0x0000,0x0000,0x0000,0x0000,0x0000,0x0000,0x0000,0x0000,0x0000,
    0x0000,0x0000,0x1082,0x1082,0x1082,0x59c4,0x59c4,0x59c4,0x59c4,0x1082,0x1082,0x1082,0x1082,0x1082,0x8cce,0x8cce,
    0x8cce,0x8cce,0x8cce,0x8cce,0x8cce,0x8cce,0x8cce,0x8cce,0x8cce,0x8cce,0x8cce,0x8cce,0x8cce,0x8cce,0x8cce,0x8cce,
    0x8cce,0x8cce,0x8cce,0x1082,0x1082,0x1082,0x1082,0x1082,0x59c4,0x59c4,0x59c4,0x59c4,0x1082,0x1082,0x1082,0x0000,
    0x0000,0x0000,0x0000,0x0000,0x0000,0x0000,0x0000,0x0000,0x0000,0x0000,0x0000,0x0000,0x0000,0x0000,0x0000,0x0000,
    0x0000,0x0000,0x0000,0x0000,0x0000,0x0000,0x0000,0x0000,0x0000,0x0000,0x0000,0x0000,0x0000,0x0000,0x0000,0x0000,
    0x0000,0x0000,0x0000,0x1082,0x1082,0x59c4,0x59c4,0x59c4,0x59c4,0x59c4,0x59c4,0x1082,0x1082,0x1082,0x1082,0x1082,
    0x1082,0x8cce,0x8cce,0x8cce,0x8cce,0x8cce,0x8cce,0x8cce,0x8cce,0x8cce,0x8cce,0x8cce,0x8cce,0x8cce,0x8cce,0x8cce,
    0x1082,0x1082,0x1082,0x1082,0x1082,0x1082,0x59c4,0x59c4,0x59c4,0x59c4,0x59c4,0x59c4,0x1082,0x1082,0x0000,0x0000,
    0x0000,0x0000,0x0000,0x0000,0x0000,0x0000,0x0000,0x0000,0x0000,0x0000,0x0000,0x0000,0x0000,0x0000,0x0000,0x0000,
    0x0000,0x0000,0x0000,0x0000,0x0000,0x0000,0x0000,0x0000,0x0000,0x0000,0x0000,0x0000,0x0000,0x0000,0x0000,0x0000,
    0x0000,0x0000,0x0000,0x1082,0x1082,0x1082,0x1082,0x59c4,0x59c4,0x59c4,0x59c4,0x59c4,0x59c4,0x59c4,0x1082,0x1082,
    0x1082,0x1082,0x1082,0x1082,0x1082,0x1082,0x1082,0x1082,0x8cce,0x1082,0x1082,0x1082,0x1082,0x1082,0x1082,0x1082,
    0x1082,0x1082,0x1082,0x59c4,0x59c4,0x59c4,0x59c4,0x59c4,0x59c4,0x59c4,0x1082,0x1082,0x1082,0x1082,0x0000,0x0000,
    0x0000,0x0000,0x0000,0x0000,0x0000,0x0000,0x0000,0x0000,0x0000,0x0000,0x0000,0x0000,0x0000,0x0000,0x0000,0x0000,
    0x0000,0x0000,0x0000,0x0000,0x0000,0x0000,0x0000,0x0000,0x0000,0x0000,0x0000,0x0000,0x0000,0x0000,0x0000,0x0000,
    0x0000,0x0000,0x0000,0x0000,0x1082,0x1082,0x1082,0x1082,0x1082,0x1082,0x1082,0x59c4,0x1082,0x1082,0x1082,0x1082,
    0x1082,0x1082,0x1082,0x1082,0x1082,0x1082,0x1082,0x1082,0x1082,0x1082,0x1082,0x1082,0x1082,0x1082,0x1082,0x1082,
    0x1082,0x1082,0x1082,0x1082,0x1082,0x59c4,0x1082,0x1082,0x1082,0x1082,0x1082,0x1082,0x1082,0x0000,0x0000,0x0000,
    0x0000,0x0000,0x0000,0x0000,0x0000,0x0000,0x0000,0x0000,0x0000,0x0000,0x0000,0x0000,0x0000,0x0000,0x0000,0x0000,
    0x0000,0x0000,0x0000,0x0000,0x0000,0x0000,0x0000,0x0000,0x0000,0x0000,0x0000,0x0000,0x0000,0x0000,0x0000,0x0000,
    0x0000,0x0000,0x0000,0x0000,0x0000,0x0000,0x1082,0x1082,0x1082,0x1082,0x1082,0x1082,0x1082,0x1082,0x1082,0x1082,
    0x1082,0x0000,0x0000,0x0000,0x0000,0x0000,0x0000,0x0000,0x1082,0x0000,0x0000,0x0000,0x0000,0x0000,0x0000,0x0000,
    0x1082,0x1082,0x1082,0x1082,0x1082,0x1082,0x1082,0x1082,0x1082,0x1082,0x1082,0x0000,0x0000,0x0000,0x0000,0x0000,
    0x0000,0x0000,0x0000,0x0000,0x0000,0x0000,0x0000,0x0000,0x0000,0x0000,0x0000,0x0000,0x0000,0x0000,0x0000,0x0000,
    0x0000,0x0000,0x0000,0x0000,0x0000,0x0000,0x0000,0x0000,0x0000,0x0000,0x0000,0x0000,0x0000,0x0000,0x0000,0x0000,
    0x0000,0x0000,0x0000,0x0000,0x0000,0x0000,0x0000,0x0000,0x0000,0x0000,0x0000,0x1082,0x0000,0x0000,0x0000,0x0000,
    0x0000,0x0000,0x0000,0x0000,0x0000,0x0000,0x0000,0x0000,0x0000,0x0000,0x0000,0x0000,0x0000,0x0000,0x0000,0x0000,
    0x0000,0x0000,0x0000,0x0000,0x0000,0x1082,0x0000,0x0000,0x0000,0x0000,0x0000,0x0000,0x0000,0x0000,0x0000,0x0000,
    0x0000,0x0000,0x0000,0x0000,0x0000,0x0000,0x0000,0x0000,0x0000,0x0000,0x0000,0x0000,0x0000,0x0000,0x0000,0x0000,
    0x0000,0x0000,0x0000,0x0000,0x0000,0x0000,0x0000,0x0000,0x0000,0x0000,0x0000,0x0000,0x0000,0x0000,0x0000,0x0000,
    0x0000,0x0000,0x0000,0x0000,0x0000,0x0000,0x0000,0x0000,0x0000,0x0000,0x0000,0x0000,0x0000,0x0000,0x0000,0x0000,
    0x0000,0x0000,0x0000,0x0000,0x0000,0x0000,0x0000,0x0000,0x0000,0x0000,0x0000,0x0000,0x0000,0x0000,0x0000,0x0000,
    0x0000,0x0000,0x0000,0x0000,0x0000,0x0000,0x0000,0x0000,0x0000,0x0000,0x0000,0x0000,0x0000,0x0000,0x0000,0x0000,
    0x0000,0x0000,0x0000,0x0000,0x0000,0x0000,0x0000,0x0000,0x0000,0x0000,0x0000,0x0000,0x0000,0x0000,0x0000,0x0000,
    0x0000,0x0000,0x0000,0x0000,0x0000,0x0000,0x0000,0x0000,0x0000,0x0000,0x0000,0x0000,0x0000,0x0000,0x0000,0x0000,
    0x0000,0x0000,0x0000,0x0000,0x0000,0x0000,0x0000,0x0000,0x0000,0x0000,0x0000,0x0000,0x0000,0x0000,0x0000,0x0000,
    0x0000,0x0000,0x0000,0x0000,0x0000,0x0000,0x0000,0x0000,0x0000,0x0000,0x0000,0x0000,0x0000,0x0000,0x0000,0x0000,
    0x0000,0x0000,0x0000,0x0000,0x0000,0x0000,0x0000,0x0000,0x0000,0x0000,0x0000,0x0000,0x0000,0x0000,0x0000,0x0000,
    0x0000,0x0000,0x0000,0x0000,0x0000,0x0000,0x0000,0x0000,0x0000,0x0000,0x0000,0x0000,0x0000,0x0000,0x0000,0x0000,
    0x0000,0x0000,0x0000,0x0000,0x0000,0x0000,0x0000,0x0000,0x0000,0x0000,0x0000,0x0000,0x0000,0x0000,0x0000,0x0000,
    0x0000,0x0000,0x0000,0x0000,0x0000,0x0000,0x0000,0x0000,0x0000,0x0000,0x0000,0x0000,0x0000,0x0000,0x0000,0x0000,
    0x0000,0x0000,0x0000,0x0000,0x0000,0x0000,0x0000,0x0000,0x0000,0x0000,0x0000,0x0000,0x0000,0x0000,0x0000,0x0000,
    0x0000,0x0000,0x0000,0x0000,0x0000,0x0000,0x0000,0x0000,0x0000,0x0000,0x0000,0x0000,0x0000,0x0000,0x0000,0x0000,
    0x0000,0x0000,0x0000,0x0000,0x0000,0x0000,0x0000,0x0000,0x0000,0x0000,0x0000,0x0000,0x0000,0x0000,0x0000,0x0000,
    0x0000,0x0000,0x0000,0x0000,0x0000,0x0000,0x0000,0x0000,0x0000,0x0000,0x0000,0x0000,0x0000,0x0000,0x0000,0x0000,
    0x0000,0x0000,0x0000,0x0000,0x0000,0x0000,0x0000,0x0000,0x0000,0x0000,0x0000,0x0000,0x0000,0x0000,0x0000,0x0000,
    0x0000,0x0000,0x0000,0x0000,0x0000,0x0000,0x0000,0x0000,0x0000,0x0000,0x0000,0x0000,0x0000,0x0000,0x0000,0x0000,
    0x0000,0x0000,0x0000,0x0000,0x0000,0x0000,0x0000,0x0000,0x0000,0x0000,0x0000,0x0000,0x0000,0x0000,0x0000,0x0000,
    0x0000,0x0000,0x0000,0x0000,0x0000,0x0000,0x0000,0x0000,0x0000,0x0000,0x0000,0x0000,0x0000,0x0000,0x0000,0x0000,
    0x0000,0x0000,0x0000,0x0000,0x0000,0x0000,0x0000,0x0000,0x0000,0x0000,0x0000,0x0000,0x0000,0x0000,0x0000,0x0000,
    0x0000,0x0000,0x0000,0x0000,0x0000,0x0000,0x0000,0x0000,0x0000,0x0000,0x0000,0x0000,0x0000,0x0000,0x0000,0x0000,
    0x0000,0x0000,0x0000,0x0000,0x0000,0x0000,0x0000,0x0000,0x0000,0x0000,0x0000,0x0000,0x0000,0x0000,0x0000,0x0000,
    0x0000,0x0000,0x0000,0x0000,0x0000,0x0000,0x0000,0x0000,0x0000,0x0000,0x0000,0x0000,0x0000,0x0000,0x0000,0x0000,
    0x0000,0x0000,0x0000,0x0000,0x0000,0x0000,0x0000,0x0000,0x0000,0x0000,0x0000,0x0000,0x0000,0x0000,0x0000,0x0000,
    0x0000,0x0000,0x0000,0x0000,0x0000,0x0000,0x0000,0x0000,0x0000,0x0000,0x0000,0x0000,0x0000,0x0000,0x0000,0x0000,
    0x0000,0x0000,0x0000,0x0000,0x0000,0x0000,0x0000,0x0000,0x0000,0x0000,0x0000,0x0000,0x0000,0x0000,0x0000,0x0000,
    0x0000,0x0000,0x0000,0x0000,0x0000,0x0000,0x0000,0x0000,0x0000,0x0000,0x0000,0x0000,0x0000,0x0000,0x0000,0x0000,
    0x0000,0x0000,0x0000,0x0000,0x0000,0x0000,0x0000,0x0000,0x0000,0x0000,0x0000,0x0000,0x0000,0x0000,0x0000,0x0000,
    0x0000,0x0000,0x0000,0x0000,0x0000,0x0000,0x0000,0x0000,0x0000,0x0000,0x0000,0x0000,0x0000,0x0000,0x0000,0x0000,
    0x0000,0x0000,0x0000,0x0000,0x0000,0x0000,0x0000,0x0000,0x0000,0x0000,0x0000,0x0000,0x0000,0x0000,0x0000,0x0000,
    0x0000,0x0000,0x0000,0x0000,0x0000,0x0000,0x0000,0x0000,0x0000,0x0000,0x0000,0x0000,0x0000,0x0000,0x0000,0x0000,
    0x0000,0x0000,0x0000,0x0000,0x0000,0x0000,0x0000,0x0000,0x0000,0x0000,0x0000,0x0000,0x0000,0x0000,0x0000,0x0000,
    0x0000,0x0000,0x0000,0x0000,0x0000,0x0000,0x0000,0x0000,0x0000,0x0000,0x0000,0x0000,0x0000,0x0000,0x0000,0x0000,
    0x0000,0x0000,0x0000,0x0000,0x0000,0x0000,0x0000,0x0000,0x0000,0x0000,0x0000,0x0000,0x0000,0x0000,0x0000,0x0000,
  },
  // sick frame 1
  {
    0x0000,0x0000,0x0000,0x0000,0x0000,0x0000,0x0000,0x0000,0x0000,0x0000,0x0000,0x0000,0x0000,0x0000,0x0000,0x0000,
    0x0000,0x0000,0x0000,0x0000,0x0000,0x0000,0x0000,0x0000,0x0000,0x0000,0x0000,0x0000,0x0000,0x0000,0x0000,0x0000,
    0x0000,0x0000,0x0000,0x0000,0x0000,0x0000,0x0000,0x0000,0x0000,0x0000,0x0000,0x0000,0x0000,0x0000,0x0000,0x0000,
    0x0000,0x0000,0x0000,0x0000,0x0000,0x0000,0x0000,0x0000,0x0000,0x0000,0x0000,0x0000,0x0000,0x0000,0x0000,0x0000,
    0x0000,0x0000,0x0000,0x0000,0x0000,0x0000,0x0000,0x0000,0x0000,0x0000,0x0000,0x0000,0x0000,0x0000,0x0000,0x0000,
    0x0000,0x0000,0x0000,0x0000,0x0000,0x0000,0x0000,0x0000,0x0000,0x0000,0x0000,0x0000,0x0000,0x0000,0x0000,0x0000,
    0x0000,0x0000,0x0000,0x0000,0x0000,0x0000,0x0000,0x0000,0x0000,0x0000,0x0000,0x0000,0x0000,0x0000,0x0000,0x0000,
    0x0000,0x0000,0x0000,0x0000,0x0000,0x0000,0x0000,0x0000,0x0000,0x0000,0x0000,0x0000,0x0000,0x0000,0x0000,0x0000,
    0x0000,0x0000,0x0000,0x0000,0x0000,0x0000,0x0000,0x0000,0x0000,0x0000,0x0000,0x0000,0x0000,0x0000,0x0000,0x0000,
    0x0000,0x0000,0x0000,0x0000,0x0000,0x0000,0x0000,0x0000,0x0000,0x0000,0x0000,0x0000,0x0000,0x0000,0x0000,0x0000,
    0x0000,0x0000,0x0000,0x0000,0x0000,0x0000,0x0000,0x0000,0x0000,0x0000,0x0000,0x0000,0x0000,0x0000,0x0000,0x0000,
    0x0000,0x0000,0x0000,0x0000,0x0000,0x0000,0x0000,0x0000,0x0000,0x0000,0x0000,0x0000,0x0000,0x0000,0x0000,0x0000,
    0x0000,0x0000,0x0000,0x0000,0x0000,0x0000,0x0000,0x0000,0x0000,0x0000,0x0000,0x0000,0x0000,0x0000,0x0000,0x0000,
    0x0000,0x0000,0x0000,0x0000,0x0000,0x0000,0x0000,0x0000,0x0000,0x0000,0x0000,0x0000,0x0000,0x0000,0x0000,0x0000,
    0x0000,0x0000,0x0000,0x0000,0x0000,0x0000,0x0000,0x0000,0x0000,0x0000,0x0000,0x0000,0x0000,0x0000,0x0000,0x0000,
    0x0000,0x0000,0x0000,0x0000,0x0000,0x0000,0x0000,0x0000,0x0000,0x0000,0x0000,0x0000,0x0000,0x0000,0x0000,0x0000,
    0x0000,0x0000,0x0000,0x0000,0x0000,0x0000,0x0000,0x0000,0x0000,0x0000,0x0000,0x0000,0x0000,0x0000,0x0000,0x0000,
    0x0000,0x0000,0x0000,0x0000,0x0000,0x0000,0x0000,0x0000,0x0000,0x0000,0x0000,0x0000,0x0000,0x0000,0x0000,0x0000,
    0x0000,0x0000,0x0000,0x0000,0x0000,0x0000,0x0000,0x0000,0x0000,0x0000,0x0000,0x0000,0x0000,0x0000,0x0000,0x0000,
    0x0000,0x0000,0x0000,0x0000,0x0000,0x0000,0x0000,0x0000,0x0000,0x0000,0x0000,0x0000,0x0000,0x0000,0x0000,0x0000,
    0x0000,0x0000,0x0000,0x0000,0x0000,0x0000,0x0000,0x0000,0x0000,0x0000,0x0000,0x0000,0x0000,0x0000,0x0000,0x0000,
    0x0000,0x0000,0x0000,0x0000,0x0000,0x0000,0x0000,0x0000,0x0000,0x0000,0x0000,0x0000,0x0000,0x0000,0x0000,0x0000,
    0x0000,0x0000,0x0000,0x0000,0x0000,0x0000,0x0000,0x0000,0x0000,0x0000,0x0000,0x0000,0x0000,0x0000,0x0000,0x0000,
    0x0000,0x0000,0x0000,0x0000,0x0000,0x0000,0x0000,0x0000,0x0000,0x0000,0x0000,0x0000,0x0000,0x0000,0x0000,0x0000,
    0x0000,0x0000,0x0000,0x0000,0x0000,0x0000,0x0000,0x0000,0x0000,0x0000,0x0000,0x0000,0x0000,0x0000,0x0000,0x0000,
    0x0000,0x0000,0x0000,0x0000,0x0000,0x0000,0x0000,0x0000,0x0000,0x0000,0x0000,0x0000,0x0000,0x0000,0x0000,0x0000,
    0x0000,0x0000,0x0000,0x0000,0x0000,0x0000,0x0000,0x0000,0x0000,0x0000,0x0000,0x0000,0x0000,0x0000,0x0000,0x0000,
    0x0000,0x0000,0x0000,0x0000,0x0000,0x0000,0x0000,0x0000,0x0000,0x0000,0x0000,0x0000,0x0000,0x0000,0x0000,0x0000,
    0x0000,0x0000,0x0000,0x0000,0x0000,0x0000,0x0000,0x0000,0x0000,0x0000,0x0000,0x0000,0x0000,0x0000,0x0000,0x0000,
    0x0000,0x0000,0x0000,0x0000,0x0000,0x0000,0x0000,0x0000,0x0000,0x0000,0x0000,0x0000,0x0000,0x0000,0x0000,0x0000,
    0x0000,0x0000,0x0000,0x0000,0x0000,0x0000,0x0000,0x0000,0x0000,0x0000,0x0000,0x0000,0x0000,0x0000,0x0000,0x0000,
    0x0000,0x0000,0x0000,0x0000,0x0000,0x0000,0x0000,0x0000,0x0000,0x0000,0x0000,0x0000,0x0000,0x0000,0x0000,0x0000,
    0x0000,0x0000,0x0000,0x0000,0x0000,0x0000,0x0000,0x0000,0x0000,0x0000,0x0000,0x0000,0x0000,0x0000,0x0000,0x0000,
    0x0000,0x0000,0x0000,0x0000,0x0000,0x0000,0x0000,0x0000,0x0000,0x0000,0x0000,0x0000,0x0000,0x0000,0x0000,0x0000,
    0x0000,0x0000,0x0000,0x0000,0x0000,0x0000,0x0000,0x0000,0x0000,0x0000,0x0000,0x0000,0x0000,0x0000,0x0000,0x0000,
    0x0000,0x0000,0x0000,0x0000,0x0000,0x0000,0x0000,0x0000,0x0000,0x0000,0x0000,0x0000,0x0000,0x0000,0x0000,0x0000,
    0x0000,0x0000,0x0000,0x0000,0x0000,0x0000,0x0000,0x0000,0x0000,0x0000,0x0000,0x0000,0x0000,0x0000,0x0000,0x0000,
    0x0000,0x0000,0x0000,0x0000,0x0000,0x0000,0x0000,0x1082,0x1082,0x1082,0x0000,0x0000,0x0000,0x0000,0x0000,0x0000,
    0x0000,0x0000,0x0000,0x0000,0x0000,0x0000,0x0000,0x0000,0x0000,0x0000,0x0000,0x0000,0x0000,0x0000,0x0000,0x0000,
    0x0000,0x0000,0x0000,0x0000,0x0000,0x0000,0x0000,0x0000,0x0000,0x0000,0x0000,0x0000,0x0000,0x0000,0x0000,0x0000,
    0x0000,0x0000,0x0000,0x0000,0x0000,0x0000,0x0000,0x0000,0x0000,0x0000,0x0000,0x0000,0x0000,0x0000,0x0000,0x0000,
    0x0000,0x0000,0x0000,0x0000,0x0000,0x0000,0x0000,0x0000,0x0000,0x0000,0x0000,0x0000,0x0000,0x0000,0x0000,0x0000,
    0x0000,0x0000,0x0000,0x0000,0x0000,0x0000,0x0000,0xf9c7,0xf9c7,0xf9c7,0x0000,0x0000,0x0000,0x0000,0x0000,0x0000,
    0x0000,0x0000,0x0000,0x0000,0x0000,0x0000,0x0000,0x0000,0x0000,0x0000,0x0000,0x0000,0x0000,0x0000,0x0000,0x0000,
    0x0000,0x0000,0x0000,0x0000,0x0000,0x0000,0x0000,0x0000,0x0000,0x0000,0x0000,0x0000,0x0000,0x0000,0x0000,0x0000,
    0x0000,0x0000,0x0000,0x0000,0x0000,0x0000,0x0000,0x0000,0x0000,0x0000,0x0000,0x0000,0x0000,0x0000,0x0000,0x0000,
    0x0000,0x0000,0x0000,0x0000,0x0000,0x0000,0x0000,0x0000,0x0000,0x0000,0x0000,0x0000,0x0000,0x0000,0x0000,0x0000,
    0x0000,0x0000,0x0000,0x0000,0x0000,0x0000,0x1082,0xf9c7,0xf9c7,0xf9c7,0x1082,0x0000,0x0000,0x0000,0x0000,0x0000,
    0x0000,0x0000,0x0000,0x0000,0x0000,0x0000,0x0000,0x0000,0x0000,0x0000,0x0000,0x0000,0x0000,0x0000,0x0000,0x0000,
    0x0000,0x0000,0x0000,0x0000,0x0000,0x0000,0x0000,0x0000,0x0000,0x0000,0x0000,0x0000,0x0000,0x0000,0x0000,0x0000,
    0x0000,0x0000,0x0000,0x0000,0x0000,0x0000,0x0000,0x0000,0x0000,0x0000,0x0000,0x0000,0x0000,0x0000,0x0000,0x0000,
    0x0000,0x0000,0x0000,0x0000,0x0000,0x0000,0x0000,0x0000,0x0000,0x0000,0x0000,0x0000,0x0000,0x0000,0x0000,0x0000,
    0x0000,0x0000,0x0000,0x0000,0x0000,0x0000,0x1082,0xf9c7,0xf9c7,0xf9c7,0x1082,0x0000,0x0000,0x0000,0x0000,0x0000,
    0x0000,0x0000,0x0000,0x0000,0x0000,0x0000,0x0000,0x0000,0x0000,0x0000,0x0000,0x0000,0x0000,0x0000,0x0000,0x0000,
    0x0000,0x0000,0x0000,0x0000,0x0000,0x0000,0x0000,0x0000,0x0000,0x0000,0x0000,0x0000,0x0000,0x0000,0x0000,0x0000,
    0x0000,0x0000,0x0000,0x0000,0x0000,0x0000,0x0000,0x0000,0x0000,0x0000,0x0000,0x0000,0x0000,0x0000,0x0000,0x0000,
    0x0000,0x0000,0x0000,0x0000,0x0000,0x0000,0x0000,0x0000,0x0000,0x0000,0x0000,0x0000,0x0000,0x0000,0x0000,0x0000,
    0x0000,0x1082,0x1082,0x1082,0x1082,0x1082,0xf9c7,0xf9c7,0xf9c7,0xf9c7,0xf9c7,0x1082,0x1082,0x1082,0x1082,0x1082,
    0x0000,0x0000,0x0000,0x0000,0x0000,0x0000,0x0000,0x0000,0x0000,0x0000,0x0000,0x0000,0x0000,0x0000,0x0000,0x0000,
    0x0000,0x0000,0x0000,0x0000,0x0000,0x0000,0x0000,0x0000,0x0000,0x0000,0x0000,0x0000,0x0000,0x0000,0x0000,0x0000,
    0x0000,0x0000,0x0000,0x0000,0x0000,0x0000,0x0000,0x0000,0x0000,0x0000,0x0000,0x0000,0x0000,0x0000,0x0000,0x0000,
    0x0000,0x0000,0x0000,0x0000,0x0000,0x0000,0x0000,0x0000,0x0000,0x0000,0x0000,0x0000,0x0000,0x0000,0x1082,0x1082,
    0x1082,0x1082,0x1082,0x1082,0x1082,0x1082,0xf9c7,0xf9c7,0xf9c7,0xf9c7,0xf9c7,0x1082,0x1082,0x1082,0x1082,0x1082,
    0x1082,0x1082,0x1082,0x0000,0x0000,0x0000,0x0000,0x0000,0x0000,0x0000,0x0000,0x0000,0x0000,0x0000,0x0000,0x0000,
    0x0000,0x0000,0x0000,0x0000,0x0000,0x0000,0x0000,0x0000,0x0000,0x0000,0x0000,0x0000,0x0000,0x0000,0x0000,0x0000,
    0x0000,0x0000,0x0000,0x0000,0x0000,0x0000,0x0000,0x0000,0x0000,0x0000,0x0000,0x0000,0x0000,0x0000,0x0000,0x0000,
    0x0000,0x0000,0x0000,0x0000,0x0000,0x0000,0x0000,0x0000,0x0000,0x0000,0x0000,0x1082,0x1082,0x1082,0x1082,0x1082,
    0x1082,0x8cce,0x8cce,0x8cce,0x8cce,0x1082,0xf9c7,0xf9c7,0xf9c7,0xf9c7,0xf9c7,0x1082,0x8cce,0x8cce,0x8cce,0x8cce,
    0x1082,0x1082,0x1082,0x1082,0x1082,0x1082,0x0000,0x0000,0x0000,0x0000,0x0000,0x0000,0x0000,0x0000,0x0000,0x0000,
    0x0000,0x0000,0x0000,0x0000,0x0000,0x0000,0x0000,0x0000,0x0000,0x0000,0x0000,0x0000,0x0000,0x0000,0x0000,0x0000,
    0x0000,0x0000,0x0000,0x0000,0x0000,0x0000,0x0000,0x0000,0x0000,0x0000,0x0000,0x0000,0x0000,0x0000,0x0000,0x0000,
    0x0000,0x0000,0x0000,0x0000,0x0000,0x0000,0x0000,0x0000,0x0000,0x1082,0x1082,0x1082,0x1082,0x1082,0x8cce,0x8cce,
    0x8cce,0x8cce,0x8cce,0x8cce,0x8cce,0x1082,0xf9c7,0xf9c7,0xf9c7,0xf9c7,0xf9c7,0x1082,0x8cce,0x8cce,0x8cce,0x8cce,
    0x8cce,0x8cce,0x8cce,0x1082,0x1082,0x1082,0x1082,0x1082,0x0000,0x0000,0x0000,0x0000,0x0000,0x0000,0x0000,0x0000,
    0x0000,0x0000,0x0000,0x0000,0x0000,0x0000,0x0000,0x0000,0x0000,0x0000,0x0000,0x0000,0x0000,0x0000,0x0000,0x0000,
    0x0000,0x0000,0x0000,0x0000,0x0000,0x0000,0x0000,0x0000,0x0000,0x0000,0x0000,0x0000,0x0000,0x0000,0x0000,0x0000,
    0x0000,0x0000,0x0000,0x0000,0x0000,0x0000,0x0000,0x0000,0x1082,0x1082,0x1082,0x1082,0x8cce,0x8cce,0x8cce,0x8cce,
    0x8cce,0x8cce,0x8cce,0x8cce,0x8cce,0x1082,0xf9c7,0xf9c7,0xf9c7,0xf9c7,0xf9c7,0x1082,0x8cce,0x8cce,0x8cce,0x8cce,
    0x8cce,0x8cce,0x8cce,0x8cce,0x8cce,0x1082,0x1082,0x1082,0x1082,0x0000,0x0000,0x0000,0x0000,0x0000,0x0000,0x0000,
    0x0000,0x0000,0x0000,0x0000,0x0000,0x0000,0x0000,0x0000,0x0000,0x0000,0x0000,0x0000,0x0000,0x0000,0x0000,0x0000,
    0x0000,0x0000,0x0000,0x0000,0x0000,0x0000,0x0000,0x0000,0x0000,0x0000,0x0000,0x0000,0x0000,0x0000,0x0000,0x0000,
    0x0000,0x0000,0x0000,0x0000,0x0000,0x0000,0x1082,0x1082,0x1082,0x1082,0x8cce,0x8cce,0x8cce,0x8cce,0x8cce,0x8cce,
    0x8cce,0x8cce,0x8cce,0x8cce,0x8cce,0x1082,0x1082,0x1082,0x8cce,0x1082,0x1082,0x1082,0x8cce,0x8cce,0x8cce,0x8cce,
    0x8cce,0x8cce,0x8cce,0x8cce,0x8cce,0x8cce,0x8cce,0x1082,0x1082,0x1082,0x1082,0x0000,0x0000,0x0000,0x0000,0x0000,
    0x0000,0x0000,0x0000,0x0000,0x0000,0x0000,0x0000,0x0000,0x0000,0x0000,0x0000,0x0000,0x0000,0x0000,0x0000,0x0000,
    0x0000,0x0000,0x0000,0x0000,0x0000,0x0000,0x0000,0x0000,0x0000,0x0000,0x0000,0x0000,0x0000,0x0000,0x0000,0x0000,
    0x0000,0x0000,0x0000,0x0000,0x0000,0x1082,0x1082,0x1082,0x1082,0x1082,0x1082,0x1082,0x1082,0x8cce,0x8cce,0x8cce,
    0x8cce,0x8cce,0x8cce,0x8cce,0x8cce,0x8cce,0x8cce,0x8cce,0x8cce,0x8cce,0x8cce,0x8cce,0x8cce,0x8cce,0x8cce,0x8cce,
    0x8cce,0x8cce,0x8cce,0x8cce,0x1082,0x1082,0x1082,0x1082,0x1082,0x1082,0x1082,0x1082,0x0000,0x0000,0x0000,0x0000,
    0x0000,0x0000,0x0000,0x0000,0x0000,0x0000,0x0000,0x0000,0x0000,0x0000,0x0000,0x0000,0x0000,0x0000,0x0000,0x0000,
    0x0000,0x0000,0x0000,0x0000,0x0000,0x0000,0x0000,0x0000,0x0000,0x0000,0x0000,0x0000,0x0000,0x0000,0x0000,0x0000,
    0x0000,0x0000,0x0000,0x0000,0x1082,0x1082,0x1082,0x1082,0x1082,0x1082,0x1082,0x1082,0x1082,0x1082,0x8cce,0x8cce,
    0x8cce,0x8cce,0x8cce,0x8cce,0x8cce,0x8cce,0x8cce,0x8cce,0x8cce,0x8cce,0x8cce,0x8cce,0x8cce,0x8cce,0x8cce,0x8cce,
    0x8cce,0x8cce,0x8cce,0x1082,0x1082,0x1082,0x1082,0x1082,0x1082,0x1082,0x1082,0x1082,0x1082,0x0000,0x0000,0x0000,
    0x0000,0x0000,0x0000,0x0000,0x0000,0x0000,0x0000,0x0000,0x0000,0x0000,0x0000,0x0000,0x0000,0x0000,0x0000,0x0000,
    0x0000,0x0000,0x0000,0x0000,0x0000,0x0000,0x0000,0x0000,0x0000,0x0000,0x0000,0x0000,0x0000,0x0000,0x0000,0x0000,
    0x0000,0x0000,0x0000,0x1082,0x1082,0x1082,0x1082,0x1082,0x1082,0xf9c7,0x1082,0x1082,0x1082,0x1082,0x1082,0x8cce,
    0x8cce,0x8cce,0x8cce,0x8cce,0x8cce,0x8cce,0x8cce,0x8cce,0x8cce,0x8cce,0x8cce,0x8cce,0x8cce,0x8cce,0x8cce,0x8cce,
    0x8cce,0x8cce,0x1082,0x1082,0x1082,0x1082,0x1082,0xf9c7,0x1082,0x1082,0x1082,0x1082,0x1082,0x1082,0x0000,0x0000,
    0x0000,0x0000,0x0000,0x0000,0x0000,0x0000,0x0000,0x0000,0x0000,0x0000,0x0000,0x0000,0x0000,0x0000,0x0000,0x0000,
    0x0000,0x0000,0x0000,0x0000,0x0000,0x0000,0x0000,0x0000,0x0000,0x0000,0x0000,0x0000,0x0000,0x0000,0x0000,0x0000,
    0x0000,0x0000,0x1082,0x1082,0x1082,0x1082,0x1082,0xf9c7,0xf9c7,0xf9c7,0xf9c7,0xf9c7,0x1082,0x1082,0x1082,0x1082,
    0x8cce,0x8cce,0x8cce,0x8cce,0x8cce,0x8cce,0x8cce,0x8cce,0x8cce,0x8cce,0x8cce,0x8cce,0x8cce,0x8cce,0x8cce,0x8cce,
    0x8cce,0x1082,0x1082,0x1082,0x1082,0xf9c7,0xf9c7,0xf9c7,0xf9c7,0xf9c7,0x1082,0x1082,0x1082,0x1082,0x1082,0x0000,
    0x0000,0x0000,0x0000,0x0000,0x0000,0x0000,0x0000,0x0000,0x0000,0x0000,0x0000,0x0000,0x0000,0x0000,0x0000,0x0000,
    0x0000,0x0000,0x0000,0x0000,0x0000,0x0000,0x0000,0x0000,0x0000,0x0000,0x0000,0x0000,0x0000,0x0000,0x0000,0x0000,
    0x0000,0x1082,0x1082,0x1082,0x1082,0x1082,0xf9c7,0xf9c7,0xf9c7,0xf9c7,0xf9c7,0xf9c7,0xf9c7,0x1082,0x1082,0x1082,
    0x8cce,0x8cce,0x8cce,0x8cce,0x8cce,0x8cce,0x8cce,0x8cce,0x8cce,0x8cce,0x8cce,0x8cce,0x8cce,0x8cce,0x8cce,0x8cce,
    0x8cce,0x1082,0x1082,0x1082,0xf9c7,0xf9c7,0xf9c7,0xf9c7,0xf9c7,0xf9c7,0xf9c7,0x1082,0x1082,0x1082,0x1082,0x1082,
    0x0000,0x0000,0x0000,0x0000,0x0000,0x0000,0x0000,0x0000,0x0000,0x0000,0x0000,0x0000,0x0000,0x0000,0x0000,0x0000,
    0x0000,0x0000,0x0000,0x0000,0x0000,0x0000,0x0000,0x0000,0x0000,0x0000,0x0000,0x0000,0x0000,0x0000,0x0000,0x0000,
    0x1082,0x1082,0x1082,0x1082,0x1082,0x1082,0xf9c7,0xf9c7,0xf9c7,0xf9c7,0xf9c7,0xf9c7,0xf9c7,0x1082,0x1082,0x1082,
    0x8cce,0x8cce,0x8cce,0x8cce,0x8cce,0x8cce,0x8cce,0x8cce,0x8cce,0x8cce,0x8cce,0x8cce,0x8cce,0x8cce,0x8cce,0x8cce,
    0x8cce,0x1082,0x1082,0x1082,0xf9c7,0xf9c7,0xf9c7,0xf9c7,0xf9c7,0xf9c7,0xf9c7,0x1082,0x1082,0x1082,0x1082,0x1082,
    0x1082,0x0000,0x0000,0x0000,0x0000,0x0000,0x0000,0x0000,0x0000,0x0000,0x0000,0x0000,0x0000,0x0000,0x0000,0x0000,
    0x0000,0x0000,0x0000,0x0000,0x0000,0x0000,0x0000,0x0000,0x0000,0x0000,0x0000,0x0000,0x0000,0x0000,0x0000,0x1082,
    0x1082,0x1082,0x1082,0x1082,0x1082,0xf9c7,0xf9c7,0xf9c7,0xf9c7,0xf9c7,0xf9c7,0xf9c7,0xf9c7,0xf9c7,0x1082,0x1082,
    0x1082,0x8cce,0x8cce,0x8cce,0x8cce,0x8cce,0x8cce,0x8cce,0x8cce,0x8cce,0x8cce,0x8cce,0x8cce,0x8cce,0x8cce,0x8cce,
    0x1082,0x1082,0x1082,0xf9c7,0xf9c7,0xf9c7,0xf9c7,0xf9c7,0xf9c7,0xf9c7,0xf9c7,0xf9c7,0x1082,0x1082,0x1082,0x1082,
    0x1082,0x1082,0x0000,0x0000,0x0000,0x0000,0x0000,0x0000,0x0000,0x0000,0x0000,0x0000,0x0000,0x0000,0x0000,0x0000,
    0x0000,0x0000,0x0000,0x0000,0x0000,0x0000,0x0000,0x0000,0x0000,0x0000,0x0000,0x0000,0x0000,0x0000,0x0000,0x1082,
    0x1082,0x8cce,0x8cce,0x1082,0x1082,0x1082,0xf9c7,0xf9c7,0xf9c7,0xf9c7,0xf9c7,0xf9c7,0xf9c7,0x1082,0x1082,0x1082,
    0x8cce,0x8cce,0x8cce,0x8cce,0x8cce,0x8cce,0x8cce,0x8cce,0x8cce,0x8cce,0x8cce,0x8cce,0x8cce,0x8cce,0x8cce,0x8cce,
    0x8cce,0x1082,0x1082,0x1082,0xf9c7,0xf9c7,0xf9c7,0xf9c7,0xf9c7,0xf9c7,0xf9c7,0x1082,0x1082,0x1082,0x8cce,0x8cce,
    0x1082,0x1082,0x0000,0x0000,0x0000,0x0000,0x0000,0x0000,0x0000,0x0000,0x0000,0x0000,0x0000,0x0000,0x0000,0x0000,
    0x0000,0x0000,0x0000,0x0000,0x0000,0x0000,0x0000,0x0000,0x0000,0x0000,0x0000,0x0000,0x0000,0x0000,0x1082,0x1082,
    0x8cce,0x8cce,0x8cce,0x1082,0x1082,0x1082,0xf9c7,0xf9c7,0xf9c7,0xf9c7,0xf9c7,0xf9c7,0xf9c7,0x1082,0x1082,0x1082,
    0x8cce,0x8cce,0x8cce,0x8cce,0x8cce,0x8cce,0x8cce,0x8cce,0x8cce,0x8cce,0x8cce,0x8cce,0x8cce,0x8cce,0x8cce,0x8cce,
    0x8cce,0x1082,0x1082,0x1082,0xf9c7,0xf9c7,0xf9c7,0xf9c7,0xf9c7,0xf9c7,0xf9c7,0x1082,0x1082,0x1082,0x8cce,0x8cce,
    0x8cce,0x1082,0x1082,0x0000,0x0000,0x0000,0x0000,0x0000,0x0000,0x0000,0x0000,0x0000,0x0000,0x0000,0x0000,0x0000,
    0x0000,0x0000,0x0000,0x0000,0x0000,0x0000,0x0000,0x0000,0x0000,0x0000,0x0000,0x0000,0x0000,0x1082,0x1082,0x1082,
    0x8cce,0x8cce,0x8cce,0x1082,0x1082,0x1082,0x1082,0xf9c7,0xf9c7,0xf9c7,0xf9c7,0xf9c7,0x1082,0x1082,0x1082,0x1082,
    0x8cce,0x8cce,0x8cce,0x8cce,0x8cce,0x8cce,0x8cce,0x8cce,0x8cce,0x8cce,0x8cce,0x8cce,0x8cce,0x8cce,0x8cce,0x8cce,
    0x8cce,0x1082,0x1082,0x1082,0x1082,0xf9c7,0xf9c7,0xf9c7,0xf9c7,0xf9c7,0x1082,0x1082,0x1082,0x1082,0x8cce,0x8cce,
    0x8cce,0x1082,0x1082,0x1082,0x0000,0x0000,0x0000,0x0000,0x0000,0x0000,0x0000,0x0000,0x0000,0x0000,0x0000,0x0000,
    0x0000,0x0000,0x0000,0x0000,0x0000,0x0000,0x0000,0x0000,0x0000,0x0000,0x0000,0x0000,0x0000,0x1082,0x1082,0x8cce,
    0x8cce,0x8cce,0x8cce,0x8cce,0x1082,0x0000,0x0000,0x0000,0x0000,0xf9c7,0x1082,0x1082,0x1082,0x1082,0x1082,0x8cce,
    0x8cce,0x8cce,0x8cce,0x8cce,0x8cce,0x8cce,0x8cce,0x8cce,0x8cce,0x8cce,0x8cce,0x8cce,0x8cce,0x8cce,0x8cce,0x8cce,
    0x8cce,0x8cce,0x1082,0x1082,0x1082,0x1082,0x1082,0xf9c7,0x0000,0x0000,0x0000,0x0000,0x1082,0x8cce,0x8cce,0x8cce,
    0x8cce,0x8cce,0x1082,0x1082,0x0000,0x0000,0x0000,0x0000,0x0000,0x0000,0x0000,0x0000,0x0000,0x0000,0x0000,0x0000,
    0x0000,0x0000,0x0000,0x0000,0x0000,0x0000,0x0000,0x0000,0x0000,0x0000,0x0000,0x0000,0x1082,0x1082,0x1082,0x8cce,
    0x8cce,0x8cce,0x8cce,0x8cce,0x8cce,0x0000,0x0000,0x0000,0x0000,0x0000,0x0000,0x0000,0x1082,0x1082,0x8cce,0x8cce,
    0x8cce,0x8cce,0x8cce,0x8cce,0x8cce,0x8cce,0x8cce,0x8cce,0x8cce,0x8cce,0x8cce,0x8cce,0x8cce,0x8cce,0x8cce,0x8cce,
    0x8cce,0x8cce,0x8cce,0x1082,0x1082,0x0000,0x0000,0x0000,0x0000,0x0000,0x0000,0x0000,0x8cce,0x8cce,0x8cce,0x8cce,
    0x8cce,0x8cce,0x1082,0x1082,0x1082,0x0000,0x0000,0x0000,0x0000,0x0000,0x0000,0x0000,0x0000,0x0000,0x0000,0x0000,
    0x0000,0x0000,0x0000,0x0000,0x0000,0x0000,0x0000,0x0000,0x0000,0x0000,0x0000,0x0000,0x1082,0x1082,0x8cce,0x8cce,
    0x8cce,0x8cce,0x8cce,0x8cce,0x8cce,0x0000,0x0000,0x0000,0x0000,0x0000,0x0000,0x0000,0x0000,0x0000,0x8cce,0x8cce,
    0x8cce,0x8cce,0x8cce,0x8cce,0x8cce,0x8cce,0x8cce,0x8cce,0x8cce,0x8cce,0x8cce,0x8cce,0x8cce,0x8cce,0x8cce,0x8cce,
    0x8cce,0x8cce,0x8cce,0x0000,0x0000,0x0000,0x0000,0x0000,0x0000,0x0000,0x0000,0x0000,0x8cce,0x8cce,0x8cce,0x8cce,
    0x8cce,0x8cce,0x8cce,0x1082,0x1082,0x0000,0x0000,0x0000,0x0000,0x0000,0x0000,0x0000,0x0000,0x0000,0x0000,0x0000,
    0x0000,0x0000,0x0000,0x0000,0x0000,0x0000,0x0000,0x0000,0x0000,0x0000,0x0000,0x0000,0x1082,0x1082,0x8cce,0x8cce,
    0x8cce,0x8cce,0x8cce,0x8cce,0x8cce,0x8cce,0x8cce,0x0000,0x0000,0x0000,0x0000,0x0000,0x0000,0x0000,0x0000,0x0000,
    0x0000,0x8cce,0x8cce,0x8cce,0x8cce,0x8cce,0x8cce,0x8cce,0x8cce,0x8cce,0x8cce,0x8cce,0x8cce,0x8cce,0x8cce,0x8cce,
    0x0000,0x0000,0x0000,0x0000,0x0000,0x0000,0x0000,0x0000,0x0000,0x0000,0x8cce,0x8cce,0x8cce,0x8cce,0x8cce,0x8cce,
    0x8cce,0x8cce,0x8cce,0x1082,0x1082,0x0000,0x0000,0x0000,0x0000,0x0000,0x0000,0x0000,0x0000,0x0000,0x0000,0x0000,
    0x0000,0x0000,0x0000,0x0000,0x0000,0x0000,0x0000,0x0000,0x0000,0x0000,0x0000,0x1082,0x1082,0x8cce,0x8cce,0x8cce,
    0x8cce,0x8cce,0x8cce,0x8cce,0x8cce,0x8cce,0x8cce,0x8cce,0x8cce,0x8cce,0x0000,0x0000,0x0000,0x0000,0x0000,0x0000,
    0x0000,0x0000,0x0000,0x8cce,0x8cce,0x8cce,0x8cce,0x8cce,0x8cce,0x8cce,0x8cce,0x8cce,0x8cce,0x8cce,0x0000,0x0000,
    0x0000,0x0000,0x0000,0x0000,0x0000,0x0000,0x0000,0x8cce,0x8cce,0x8cce,0x8cce,0x8cce,0x8cce,0x8cce,0x8cce,0x8cce,
    0x8cce,0x8cce,0x8cce,0x8cce,0x1082,0x1082,0x0000,0x0000,0x0000,0x0000,0x0000,0x0000,0x0000,0x0000,0x0000,0x0000,
    0x0000,0x0000,0x0000,0x0000,0x0000,0x0000,0x0000,0x0000,0x0000,0x0000,0x0000,0x1082,0x1082,0x8cce,0x8cce,0x8cce,
    0x8cce,0x8cce,0x8cce,0x8cce,0x8cce,0x8cce,0x8cce,0x8cce,0x8cce,0x8cce,0x8cce,0x8cce,0x0000,0x0000,0x0000,0x0000,
    0x0000,0x0000,0x0000,0x8cce,0x8cce,0x8cce,0x8cce,0x8cce,0x8cce,0x8cce,0x8cce,0x8cce,0x8cce,0x8cce,0x0000,0x0000,
    0x0000,0x0000,0x0000,0x0000,0x0000,0x8cce,0x8cce,0x8cce,0x8cce,0x8cce,0x8cce,0x8cce,0x8cce,0x8cce,0x8cce,0x8cce,
    0x8cce,0x8cce,0x8cce,0x8cce,0x1082,0x1082,0x0000,0x0000,0x0000,0x0000,0x0000,0x0000,0x0000,0x0000,0x0000,0x0000,
    0x0000,0x0000,0x0000,0x0000,0x0000,0x0000,0x0000,0x0000,0x0000,0x0000,0x0000,0x1082,0x1082,0x8cce,0x8cce,0x8cce,
    0x8cce,0x8cce,0x8cce,0x8cce,0x8cce,0x8cce,0x8cce,0x8cce,0x8cce,0x8cce,0x8cce,0x8cce,0x8cce,0x8cce,0x8cce,0x0000,
    0x0000,0x0000,0x0000,0x8cce,0x8cce,0x8cce,0x8cce,0x8cce,0x8cce,0x8cce,0x8cce,0x8cce,0x8cce,0x8cce,0x0000,0x0000,
    0x0000,0x0000,0x8cce,0x8cce,0x8cce,0x8cce,0x8cce,0x8cce,0x8cce,0x8cce,0x8cce,0x8cce,0x8cce,0x8cce,0x8cce,0x8cce,
    0x8cce,0x8cce,0x8cce,0x8cce,0x1082,0x1082,0x0000,0x0000,0x0000,0x0000,0x0000,0x0000,0x0000,0x0000,0x0000,0x0000,
    0x0000,0x0000,0x0000,0x0000,0x0000,0x0000,0x0000,0x0000,0x0000,0x0000,0x1082,0x1082,0x8cce,0x8cce,0x8cce,0x8cce,
    0x8cce,0x8cce,0x8cce,0x8cce,0x8cce,0x8cce,0x8cce,0x8cce,0x8cce,0x8cce,0x8cce,0x8cce,0x8cce,0x8cce,0x8cce,0x8cce,
    0x8cce,0x8cce,0x8cce,0x8cce,0x8cce,0x8cce,0x8cce,0x8cce,0x8cce,0x8cce,0x8cce,0x8cce,0x8cce,0x8cce,0x8cce,0x8cce,
    0x8cce,0x8cce,0x8cce,0x8cce,0x8cce,0x8cce,0x8cce,0x8cce,0x8cce,0x8cce,0x8cce,0x8cce,0x8cce,0x8cce,0x8cce,0x8cce,
    0x8cce,0x8cce,0x8cce,0x8cce,0x8cce,0x1082,0x1082,0x0000,0x0000,0x0000,0x0000,0x0000,0x0000,0x0000,0x0000,0x0000,
    0x0000,0x0000,0x0000,0x0000,0x0000,0x0000,0x0000,0x0000,0x0000,0x0000,0x1082,0x1082,0x8cce,0x8cce,0x8cce,0x8cce,
    0x8cce,0x8cce,0x8cce,0x8cce,0x8cce,0x8cce,0x8cce,0x8cce,0x0000,0x0000,0x0000,0x0000,0x0000,0x0000,0x0000,0x0000,
    0x0000,0x0000,0x0000,0x8cce,0x8cce,0x8cce,0x8cce,0x8cce,0x8cce,0x8cce,0x8cce,0x8cce,0x8cce,0x8cce,0x0000,0x0000,
    0x0000,0x0000,0x0000,0x0000,0x0000,0x0000,0x0000,0x0000,0x0000,0x8cce,0x8cce,0x8cce,0x8cce,0x8cce,0x8cce,0x8cce,
    0x8cce,0x8cce,0x8cce,0x8cce,0x8cce,0x1082,0x1082,0x0000,0x0000,0x0000,0x0000,0x0000,0x0000,0x0000,0x0000,0x0000,
    0x0000,0x0000,0x0000,0x0000,0x0000,0x0000,0x0000,0x0000,0x0000,0x0000,0x1082,0x1082,0x8cce,0x8cce,0x8cce,0x8cce,
    0x8cce,0x8cce,0x8cce,0x8cce,0x8cce,0x8cce,0x8cce,0x8cce,0x0000,0x0000,0x0000,0x0000,0x0000,0x0000,0x0000,0x0000,
    0x0000,0x0000,0x0000,0x8cce,0x8cce,0x8cce,0x8cce,0x8cce,0x8cce,0x8cce,0x8cce,0x8cce,0x8cce,0x8cce,0x0000,0x0000,
    0x0000,0x0000,0x0000,0x0000,0x0000,0x0000,0x0000,0x0000,0x0000,0x8cce,0x8cce,0x8cce,0x8cce,0x8cce,0x8cce,0x8cce,
    0x8cce,0x8cce,0x8cce,0x8cce,0x8cce,0x1082,0x1082,0x0000,0x0000,0x0000,0x0000,0x0000,0x0000,0x0000,0x0000,0x0000,
    0x0000,0x0000,0x0000,0x0000,0x0000,0x0000,0x0000,0x0000,0x0000,0x0000,0x1082,0x1082,0x8cce,0x8cce,0x8cce,0x8cce,
    0x8cce,0x8cce,0x8cce,0x8cce,0x8cce,0x8cce,0x8cce,0x8cce,0x0000,0x0000,0x0000,0x0000,0x0000,0x0000,0x0000,0x0000,
    0x0000,0x0000,0x0000,0x8cce,0x8cce,0x8cce,0x8cce,0x8cce,0x8cce,0x8cce,0x8cce,0x8cce,0x8cce,0x8cce,0x0000,0x0000,
    0x0000,0x0000,0x0000,0x0000,0x0000,0x0000,0x0000,0x0000,0x0000,0x8cce,0x8cce,0x8cce,0x8cce,0x8cce,0x8cce,0x8cce,
    0x8cce,0x8cce,0x8cce,0x8cce,0x8cce,0x1082,0x1082,0x0000,0x0000,0x0000,0x0000,0x0000,0x0000,0x0000,0x0000,0x0000,
    0x0000,0x0000,0x0000,0x0000,0x0000,0x0000,0x0000,0x0000,0x0000,0x0000,0x1082,0x1082,0x8cce,0x8cce,0x8cce,0x8cce,
    0x8cce,0x8cce,0x8cce,0x8cce,0x8cce,0x8cce,0x8cce,0x8cce,0x8cce,0x8cce,0x8cce,0x8cce,0x8cce,0x8cce,0x8cce,0x8cce,
    0x8cce,0x8cce,0x8cce,0x8cce,0x8cce,0x8cce,0x8cce,0x8cce,0x8cce,0x8cce,0x8cce,0x8cce,0x8cce,0x8cce,0x8cce,0x8cce,
    0x8cce,0x8cce,0x8cce,0x8cce,0x8cce,0x8cce,0x8cce,0x8cce,0x8cce,0x8cce,0x8cce,0x8cce,0x8cce,0x8cce,0x8cce,0x8cce,
    0x8cce,0x8cce,0x8cce,0x8cce,0x8cce,0x1082,0x1082,0x0000,0x0000,0x0000,0x0000,0x0000,0x0000,0x0000,0x0000,0x0000,
    0x0000,0x0000,0x0000,0x0000,0x0000,0x0000,0x0000,0x0000,0x0000,0x0000,0x1082,0x1082,0x8cce,0x8cce,0x8cce,0x8cce,
    0x8cce,0x8cce,0x8cce,0x8cce,0x8cce,0x8cce,0x8cce,0x8cce,0x8cce,0x8cce,0x8cce,0x8cce,0x8cce,0x8cce,0x8cce,0x8cce,
    0x8cce,0x8cce,0x8cce,0x8cce,0x8cce,0x8cce,0x8cce,0x8cce,0x8cce,0x8cce,0x8cce,0x8cce,0x8cce,0x8cce,0x8cce,0x8cce,
    0x8cce,0x8cce,0x8cce,0x8cce,0x8cce,0x8cce,0x8cce,0x8cce,0x8cce,0x8cce,0x8cce,0x8cce,0x8cce,0x8cce,0x8cce,0x8cce,
    0x8cce,0x8cce,0x8cce,0x8cce,0x8cce,0x1082,0x1082,0x0000,0x0000,0x0000,0x0000,0x0000,0x0000,0x0000,0x0000,0x0000,
    0x0000,0x0000,0x0000,0x0000,0x0000,0x0000,0x0000,0x0000,0x0000,0x0000,0x1082,0x1082,0x8cce,0x8cce,0x8cce,0x8cce,
    0x8cce,0x8cce,0x8cce,0x8cce,0x8cce,0x8cce,0x8cce,0x8cce,0x8cce,0x8cce,0x8cce,0x8cce,0x8cce,0x8cce,0x8cce,0x8cce,
    0x8cce,0x8cce,0x8cce,0x8cce,0x8cce,0x8cce,0x8cce,0x8cce,0x8cce,0x8cce,0x8cce,0x8cce,0x8cce,0x8cce,0x8cce,0x8cce,
    0x8cce,0x8cce,0x8cce,0x8cce,0x8cce,0x8cce,0x8cce,0x8cce,0x8cce,0x8cce,0x8cce,0x8cce,0x8cce,0x8cce,0x8cce,0x8cce,
    0x8cce,0x8cce,0x8cce,0x8cce,0x8cce,0x1082,0x1082,0x0000,0x0000,0x0000,0x0000,0x0000,0x0000,0x0000,0x0000,0x0000,
    0x0000,0x0000,0x0000,0x0000,0x0000,0x0000,0x0000,0x0000,0x0000,0x1082,0x1082,0x8cce,0x8cce,0x8cce,0x8cce,0x8cce,
    0x8cce,0x8cce,0x8cce,0x8cce,0x8cce,0x8cce,0x8cce,0x8cce,0x8cce,0x8cce,0x8cce,0x8cce,0x8cce,0x8cce,0x8cce,0x8cce,
    0x8cce,0x8cce,0x8cce,0x8cce,0x8cce,0x8cce,0x8cce,0x8cce,0x8cce,0x8cce,0x8cce,0x8cce,0x8cce,0x8cce,0x8cce,0x8cce,
    0x8cce,0x8cce,0x8cce,0x8cce,0x8cce,0x8cce,0x8cce,0x8cce,0x8cce,0x8cce,0x8cce,0x8cce,0x8cce,0x8cce,0x8cce,0x8cce,
    0x8cce,0x8cce,0x8cce,0x8cce,0x8cce,0x8cce,0x1082,0x1082,0x0000,0x0000,0x0000,0x0000,0x0000,0x0000,0x0000,0x0000,
    0x0000,0x0000,0x0000,0x0000,0x0000,0x0000,0x0000,0x0000,0x0000,0x0000,0x1082,0x1082,0x8cce,0x8cce,0x8cce,0x8cce,
    0x8cce,0x8cce,0x8cce,0x8cce,0x8cce,0x8cce,0x8cce,0x8cce,0x8cce,0x8cce,0x8cce,0x8cce,0x8cce,0x8cce,0x8cce,0x8cce,
    0x8cce,0x8cce,0x8cce,0x8cce,0x8cce,0x8cce,0x8cce,0x8cce,0x8cce,0x8cce,0x8cce,0x8cce,0x8cce,0x8cce,0x8cce,0x8cce,
    0x8cce,0x8cce,0x8cce,0x8cce,0x8cce,0x8cce,0x8cce,0x8cce,0x8cce,0x8cce,0x8cce,0x8cce,0x8cce,0x8cce,0x8cce,0x8cce,
    0x8cce,0x8cce,0x8cce,0x8cce,0x8cce,0x1082,0x1082,0x1082,0x0000,0x0000,0x0000,0x0000,0x0000,0x0000,0x0000,0x0000,
    0x0000,0x0000,0x0000,0x0000,0x0000,0x0000,0x0000,0x0000,0x0000,0x0000,0x1082,0x1082,0x8cce,0x8cce,0x8cce,0x8cce,
    0x8cce,0x8cce,0x8cce,0x8cce,0x8cce,0x8cce,0x8cce,0x8cce,0x8cce,0x8cce,0x8cce,0x8cce,0x8cce,0x8cce,0x8cce,0x8cce,
    0x8cce,0x8cce,0x8cce,0x8cce,0x8cce,0x8cce,0x8cce,0x8cce,0x1082,0x8cce,0x8cce,0x8cce,0x8cce,0x8cce,0x8cce,0x8cce,
    0x8cce,0x8cce,0x8cce,0x8cce,0x8cce,0x8cce,0x8cce,0x8cce,0x8cce,0x8cce,0x8cce,0x8cce,0x8cce,0x8cce,0x8cce,0x8cce,
    0x8cce,0x8cce,0x8cce,0x8cce,0x8cce,0x1082,0x1082,0x1082,0x1082,0x1082,0x0000,0x0000,0x0000,0x0000,0x0000,0x0000,
    0x0000,0x0000,0x0000,0x0000,0x0000,0x0000,0x0000,0x0000,0x0000,0x0000,0x1082,0x1082,0x8cce,0x8cce,0x8cce,0x8cce,
    0x8cce,0x8cce,0x8cce,0x8cce,0x8cce,0x8cce,0x8cce,0x8cce,0x8cce,0x8cce,0x8cce,0x8cce,0x8cce,0x8cce,0x8cce,0x8cce,
    0x8cce,0x8cce,0x8cce,0x1082,0x1082,0x1082,0x1082,0x1082,0x1082,0x1082,0x1082,0x1082,0x1082,0x1082,0x8cce,0x8cce,
    0x8cce,0x8cce,0x8cce,0x8cce,0x8cce,0x8cce,0x8cce,0x8cce,0x8cce,0x8cce,0x8cce,0x8cce,0x8cce,0x8cce,0x8cce,0x8cce,
    0x8cce,0x8cce,0x8cce,0x8cce,0x8cce,0x1082,0x1082,0x1082,0x1082,0x1082,0x1082,0x1082,0x0000,0x0000,0x0000,0x0000,
    0x0000,0x0000,0x0000,0x0000,0x0000,0x0000,0x0000,0x0000,0x0000,0x0000,0x1082,0x1082,0x8cce,0x8cce,0x1082,0x1082,
    0x1082,0x8cce,0x8cce,0x8cce,0x8cce,0x8cce,0x8cce,0x8cce,0x8cce,0x8cce,0x8cce,0x8cce,0x8cce,0x8cce,0x8cce,0x8cce,
    0x1082,0x1082,0x1082,0x1082,0x1082,0x1082,0x1082,0x1082,0xff34,0x1082,0x1082,0x1082,0x1082,0x1082,0x1082,0x1082,
    0x1082,0x8cce,0x8cce,0x8cce,0x8cce,0x8cce,0x8cce,0x8cce,0x8cce,0x8cce,0x8cce,0x8cce,0x8cce,0x8cce,0x8cce,0x8cce,
    0x1082,0x1082,0x1082,0x8cce,0x8cce,0x1082,0x1082,0xf9c7,0x1082,0x1082,0x1082,0x1082,0x0000,0x0000,0x0000,0x0000,
    0x0000,0x0000,0x0000,0x0000,0x0000,0x0000,0x0000,0x0000,0x0000,0x0000,0x1082,0x1082,0x8cce,0x1082,0x1082,0x1082,
    0x1082,0x8cce,0x8cce,0x8cce,0x8cce,0x8cce,0x8cce,0x8cce,0x8cce,0x8cce,0x8cce,0x8cce,0x8cce,0x8cce,0x8cce,0x1082,
    0x1082,0x1082,0x1082,0xff34,0xff34,0xff34,0xff34,0xff34,0xff34,0xff34,0xff34,0xff34,0xff34,0xff34,0x1082,0x1082,
    0x1082,0x1082,0x8cce,0x8cce,0x8cce,0x8cce,0x8cce,0x8cce,0x8cce,0x8cce,0x8cce,0x8cce,0x8cce,0x8cce,0x8cce,0x8cce,
    0x1082,0x1082,0x1082,0x1082,0x8cce,0x1082,0x1082,0xf9c7,0xf9c7,0x1082,0x1082,0x1082,0x1082,0x0000,0x0000,0x0000,
    0x0000,0x0000,0x0000,0x0000,0x0000,0x0000,0x0000,0x0000,0x0000,0x0000,0x1082,0x1082,0x1082,0x1082,0x1082,0x1082,
    0x1082,0x8cce,0x8cce,0x8cce,0x8cce,0x8cce,0x8cce,0x8cce,0x8cce,0x8cce,0x8cce,0x8cce,0x8cce,0x1082,0x1082,0x1082,
    0x1082,0xff34,0xff34,0xff34,0x0000,0x0000,0x0000,0x0000,0x0000,0x0000,0x0000,0x0000,0x0000,0xff34,0xff34,0xff34,
    0x1082,0x1082,0x1082,0x1082,0x8cce,0x8cce,0x8cce,0x8cce,0x8cce,0x8cce,0x8cce,0x8cce,0x8cce,0x8cce,0x8cce,0x8cce,
    0x1082,0x1082,0x1082,0x1082,0x1082,0x1082,0x1082,0xf9c7,0xf9c7,0x1082,0x1082,0x1082,0x1082,0x0000,0x0000,0x0000,
    0x0000,0x0000,0x0000,0x0000,0x0000,0x0000,0x0000,0x0000,0x0000,0x0000,0x1082,0x1082,0x1082,0x1082,0x1082,0x1082,
    0x8cce,0x8cce,0x8cce,0x8cce,0x8cce,0x8cce,0x8cce,0x8cce,0x8cce,0x8cce,0x8cce,0x8cce,0x1082,0x1082,0x1082,0x1082,
    0xff34,0xff34,0x0000,0x0000,0x0000,0x0000,0x0000,0x0000,0x0000,0x0000,0x0000,0x0000,0x0000,0x0000,0x0000,0xff34,
    0xff34,0x1082,0x1082,0x1082,0x1082,0x8cce,0x8cce,0x8cce,0x8cce,0x8cce,0x8cce,0x8cce,0x8cce,0x8cce,0x8cce,0x8cce,
    0x8cce,0x1082,0x1082,0x1082,0x1082,0x1082,0x1082,0xf9c7,0xf9c7,0xf9c7,0x1082,0x1082,0x1082,0x1082,0x0000,0x0000,
    0x0000,0x0000,0x0000,0x0000,0x0000,0x0000,0x0000,0x0000,0x0000,0x0000,0x1082,0x1082,0x1082,0x1082,0x1082,0x8cce,
    0x8cce,0x8cce,0x8cce,0x8cce,0x8cce,0x8cce,0x8cce,0x8cce,0x8cce,0x8cce,0x8cce,0x8cce,0x1082,0x1082,0x1082,0xff34,
    0xff34,0x0000,0x0000,0x0000,0x0000,0x0000,0x0000,0x0000,0x0000,0x0000,0x0000,0x0000,0x0000,0x0000,0x0000,0x0000,
    0xff34,0xff34,0x1082,0x1082,0x1082,0x8cce,0x8cce,0x8cce,0x8cce,0x8cce,0x8cce,0x8cce,0x8cce,0x8cce,0x8cce,0x8cce,
    0x8cce,0x8cce,0x1082,0x1082,0x1082,0x1082,0x1082,0xf9c7,0xf9c7,0x1082,0x1082,0x1082,0x1082,0x0000,0x0000,0x0000,
    0x0000,0x0000,0x0000,0x0000,0x0000,0x0000,0x0000,0x0000,0x0000,0x1082,0xf9c7,0x1082,0x1082,0x1082,0x8cce,0x8cce,
    0x8cce,0x8cce,0x8cce,0x8cce,0x8cce,0x8cce,0x8cce,0x8cce,0x8cce,0x8cce,0x8cce,0x1082,0x1082,0x1082,0xff34,0xff34,
    0x0000,0x0000,0x0000,0x0000,0x0000,0x0000,0x0000,0xff34,0xff34,0xff34,0x0000,0x0000,0x0000,0x0000,0x0000,0x0000,
    0x0000,0xff34,0xff34,0x1082,0x1082,0x1082,0x8cce,0x8cce,0x8cce,0x8cce,0x8cce,0x8cce,0x8cce,0x8cce,0x8cce,0x8cce,
    0x8cce,0x8cce,0x8cce,0x1082,0x1082,0x1082,0xf9c7,0x1082,0xf9c7,0x1082,0x1082,0x1082,0x1082,0x0000,0x0000,0x0000,
    0x0000,0x0000,0x0000,0x0000,0x0000,0x0000,0x0000,0x0000,0xf9c7,0xf9c7,0xf9c7,0xf9c7,0xf9c7,0x8cce,0x8cce,0x8cce,
    0x8cce,0x8cce,0x8cce,0x8cce,0x8cce,0x8cce,0x8cce,0x8cce,0x8cce,0x8cce,0x1082,0x1082,0x1082,0xff34,0xff34,0xff34,
    0x0000,0x0000,0x0000,0x0000,0x0000,0xff34,0xff34,0xff34,0xff34,0xff34,0xff34,0xff34,0x0000,0x0000,0x0000,0x0000,
    0x0000,0xff34,0xff34,0xff34,0x1082,0x1082,0x1082,0x8cce,0x8cce,0x8cce,0x8cce,0x8cce,0x8cce,0x8cce,0x8cce,0x8cce,
    0x8cce,0x8cce,0x8cce,0x8cce,0xf9c7,0xf9c7,0xf9c7,0xf9c7,0xf9c7,0x1082,0x1082,0x1082,0x0000,0x0000,0x0000,0x0000,
    0x0000,0x0000,0x0000,0x0000,0x0000,0x0000,0x0000,0x0000,0xf9c7,0xf9c7,0xf9c7,0xf9c7,0xf9c7,0x1082,0x8cce,0x8cce,
    0x8cce,0x8cce,0x8cce,0x8cce,0x8cce,0x8cce,0x8cce,0x8cce,0x8cce,0x8cce,0x1082,0x1082,0x1082,0xff34,0xff34,0x0000,
    0x0000,0x0000,0x0000,0x0000,0xff34,0xff34,0xff34,0xff34,0xff34,0xff34,0xff34,0xff34,0xff34,0x0000,0x0000,0x0000,
    0x0000,0x0000,0xff34,0xff34,0x1082,0x1082,0x1082,0x8cce,0x8cce,0x8cce,0x8cce,0x8cce,0x8cce,0x8cce,0x8cce,0x8cce,
    0x8cce,0x8cce,0x8cce,0x1082,0xf9c7,0xf9c7,0xf9c7,0xf9c7,0xf9c7,0x1082,0x1082,0x1082,0x0000,0x0000,0x0000,0x0000,
    0x0000,0x0000,0x0000,0x0000,0x0000,0x0000,0x0000,0xf9c7,0xf9c7,0xf9c7,0xf9c7,0xf9c7,0xf9c7,0xf9c7,0x8cce,0x8cce,
    0x8cce,0x8cce,0x8cce,0x8cce,0x8cce,0x8cce,0x8cce,0x8cce,0x8cce,0x8cce,0x1082,0x1082,0x1082,0xff34,0xff34,0x0000,
    0x0000,0x0000,0x0000,0xff34,0xff34,0xff34,0xff34,0xff34,0xff34,0xff34,0xff34,0xff34,0xff34,0xff34,0x0000,0x0000,
    0x0000,0x0000,0xff34,0xff34,0x1082,0x1082,0x1082,0x8cce,0x8cce,0x8cce,0x8cce,0x8cce,0x8cce,0x8cce,0x8cce,0x8cce,
    0x8cce,0x8cce,0x8cce,0xf9c7,0xf9c7,0xf9c7,0xf9c7,0xf9c7,0xf9c7,0xf9c7,0x0000,0x0000,0x0000,0x0000,0x0000,0x0000,
    0x0000,0x0000,0x0000,0x0000,0x0000,0x0000,0x0000,0x0000,0xf9c7,0xf9c7,0xf9c7,0xf9c7,0xf9c7,0x1082,0x1082,0x8cce,
    0x8cce,0x8cce,0x8cce,0x8cce,0x8cce,0x8cce,0x8cce,0x8cce,0x8cce,0x8cce,0x1082,0x1082,0xff34,0xff34,0xff34,0x0000,
    0x0000,0x0000,0x0000,0xff34,0xff34,0xff34,0xff34,0xff34,0xff34,0xff34,0xff34,0xff34,0xff34,0xff34,0x0000,0x0000,
    0x0000,0x0000,0xff34,0xff34,0xff34,0x1082,0x1082,0x8cce,0x8cce,0x8cce,0x8cce,0x8cce,0x8cce,0x8cce,0x8cce,0x8cce,
    0x8cce,0x8cce,0x1082,0x1082,0xf9c7,0xf9c7,0xf9c7,0xf9c7,0xf9c7,0x0000,0x0000,0x0000,0x0000,0x0000,0x0000,0x0000,
    0x0000,0x0000,0x0000,0x0000,0x0000,0x0000,0x0000,0x0000,0xf9c7,0xf9c7,0xf9c7,0xf9c7,0xf9c7,0x1082,0x1082,0x8cce,
    0x8cce,0x8cce,0x8cce,0x8cce,0x8cce,0x8cce,0x8cce,0x8cce,0x8cce,0x1082,0x1082,0x1082,0x1082,0xff34,0xff34,0xff34,
    0xff34,0xff34,0xff34,0xff34,0xff34,0xff34,0xff34,0xff34,0xff34,0xff34,0xff34,0xff34,0xff34,0xff34,0xff34,0xff34,
    0xff34,0xff34,0xff34,0xff34,0x1082,0x1082,0x1082,0x1082,0x8cce,0x8cce,0x8cce,0x8cce,0x8cce,0x8cce,0x8cce,0x8cce,
    0x8cce,0x8cce,0x1082,0x1082,0xf9c7,0xf9c7,0xf9c7,0xf9c7,0xf9c7,0x0000,0x0000,0x0000,0x0000,0x0000,0x0000,0x0000,
    0x0000,0x0000,0x0000,0x0000,0x0000,0x0000,0x0000,0x0000,0x0000,0x0000,0xf9c7,0x0000,0x0000,0x1082,0x1082,0x1082,
    0x8cce,0x8cce,0x8cce,0x8cce,0x8cce,0x8cce,0x8cce,0x8cce,0x8cce,0x8cce,0x1082,0x1082,0x1082,0xff34,0xff34,0xff34,
    0xff34,0xff34,0xff34,0xff34,0xff34,0xff34,0xff34,0xff34,0xff34,0xff34,0xff34,0xff34,0xff34,0xff34,0xff34,0xff34,
    0xff34,0xff34,0xff34,0xff34,0x1082,0x1082,0x1082,0x8cce,0x8cce,0x8cce,0x8cce,0x8cce,0x8cce,0x8cce,0x8cce,0x8cce,
    0x8cce,0x1082,0x1082,0x1082,0x0000,0x0000,0xf9c7,0x0000,0x0000,0x0000,0x0000,0x0000,0x0000,0x0000,0x0000,0x0000,
    0x0000,0x0000,0x0000,0x0000,0x0000,0x0000,0x0000,0x0000,0x0000,0x0000,0x0000,0x0000,0x0000,0x0000,0x1082,0x1082,
    0x8cce,0x8cce,0x8cce,0x8cce,0x8cce,0x8cce,0x8cce,0x8cce,0x8cce,0x8cce,0x1082,0x1082,0x1082,0xff34,0xff34,0xff34,
    0xff34,0xff34,0xff34,0xff34,0xff34,0xff34,0xff34,0xff34,0xff34,0xff34,0xff34,0xff34,0xff34,0xff34,0xff34,0xff34,
    0xff34,0xff34,0xff34,0xff34,0x1082,0x1082,0x1082,0x8cce,0x8cce,0x8cce,0x8cce,0x8cce,0x8cce,0x8cce,0x8cce,0x8cce,
    0x8cce,0x1082,0x1082,0x0000,0x0000,0x0000,0x0000,0x0000,0x0000,0x0000,0x0000,0x0000,0x0000,0x0000,0x0000,0x0000,
    0x0000,0x0000,0x0000,0x0000,0x0000,0x0000,0x0000,0x0000,0x0000,0x0000,0x0000,0x0000,0x0000,0x0000,0x0000,0x1082,
    0x1082,0x8cce,0x8cce,0x8cce,0x8cce,0x8cce,0x8cce,0x8cce,0x8cce,0x8cce,0x1082,0x1082,0x1082,0x1082,0xff34,0xff34,
    0xff34,0xff34,0xff34,0xff34,0xff34,0xff34,0xff34,0xff34,0xff34,0xff34,0xff34,0xff34,0xff34,0xff34,0xff34,0xff34,
    0xff34,0xff34,0xff34,0x1082,0x1082,0x1082,0x1082,0x8cce,0x8cce,0x8cce,0x8cce,0x8cce,0x8cce,0x8cce,0x8cce,0x8cce,
    0x1082,0x1082,0x0000,0x0000,0x0000,0x0000,0x0000,0x0000,0x0000,0x0000,0x0000,0x0000,0x0000,0x0000,0x0000,0x0000,
    0x0000,0x0000,0x0000,0x0000,0x0000,0x0000,0x0000,0x0000,0x0000,0x0000,0x0000,0x0000,0x0000,0x0000,0x0000,0x1082,
    0x1082,0x1082,0x8cce,0x8cce,0x8cce,0x8cce,0x8cce,0x8cce,0x8cce,0x8cce,0x1082,0x1082,0x1082,0x1082,0x1082,0xff34,
    0xff34,0xff34,0xff34,0xff34,0xff34,0xff34,0xff34,0xff34,0xff34,0xff34,0xff34,0xff34,0xff34,0xff34,0xff34,0xff34,
    0xff34,0xff34,0x1082,0x1082,0x1082,0x1082,0x1082,0x8cce,0x8cce,0x8cce,0x8cce,0x8cce,0x8cce,0x8cce,0x8cce,0x1082,
    0x1082,0x1082,0x0000,0x0000,0x0000,0x0000,0x0000,0x0000,0x0000,0x0000,0x0000,0x0000,0x0000,0x0000,0x0000,0x0000,
    0x0000,0x0000,0x0000,0x0000,0x0000,0x0000,0x0000,0x0000,0x0000,0x0000,0x0000,0x0000,0x0000,0x0000,0x0000,0x0000,
    0x1082,0x1082,0x1082,0x8cce,0x8cce,0x8cce,0x8cce,0x8cce,0x8cce,0x8cce,0x8cce,0x1082,0x1082,0x1082,0x1082,0x1082,
    0xff34,0xff34,0xff34,0xff34,0xff34,0xff34,0xff34,0xff34,0xff34,0xff34,0xff34,0xff34,0xff34,0xff34,0xff34,0xff34,
    0xff34,0x1082,0x1082,0x1082,0x1082,0x1082,0x8cce,0x8cce,0x8cce,0x8cce,0x8cce,0x8cce,0x8cce,0x8cce,0x1082,0x1082,
    0x1082,0x0000,0x0000,0x0000,0x0000,0x0000,0x0000,0x0000,0x0000,0x0000,0x0000,0x0000,0x0000,0x0000,0x0000,0x0000,
    0x0000,0x0000,0x0000,0x0000,0x0000,0x0000,0x0000,0x0000,0x0000,0x0000,0x0000,0x0000,0x0000,0x0000,0x0000,0x0000,
    0x0000,0x1082,0x1082,0x8cce,0x8cce,0x8cce,0x8cce,0x8cce,0x8cce,0x8cce,0x8cce,0x8cce,0x1082,0x1082,0x1082,0x1082,
    0x1082,0xff34,0xff34,0xff34,0xff34,0xff34,0xff34,0xff34,0xff34,0xff34,0xff34,0xff34,0xff34,0xff34,0xff34,0xff34,
    0x1082,0x1082,0x1082,0x1082,0x1082,0x8cce,0x8cce,0x8cce,0x8cce,0x8cce,0x8cce,0x8cce,0x8cce,0x8cce,0x1082,0x1082,
    0x0000,0x0000,0x0000,0x0000,0x0000,0x0000,0x0000,0x0000,0x0000,0x0000,0x0000,0x0000,0x0000,0x0000,0x0000,0x0000,
    0x0000,0x0000,0x0000,0x0000,0x0000,0x0000,0x0000,0x0000,0x0000,0x0000,0x0000,0x0000,0x0000,0x0000,0x0000,0x0000,
    0x0000,0x0000,0x1082,0x1082,0x8cce,0x8cce,0x8cce,0x8cce,0x8cce,0x8cce,0x8cce,0x8cce,0x1082,0x1082,0x1082,0x1082,
    0x1082,0x1082,0x1082,0xff34,0xff34,0xff34,0xff34,0xff34,0xff34,0xff34,0xff34,0xff34,0xff34,0xff34,0x1082,0x1082,
    0x1082,0x1082,0x1082,0x1082,0x1082,0x8cce,0x8cce,0x8cce,0x8cce,0x8cce,0x8cce,0x8cce,0x8cce,0x1082,0x1082,0x0000,
    0x0000,0x0000,0x0000,0x0000,0x0000,0x0000,0x0000,0x0000,0x0000,0x0000,0x0000,0x0000,0x0000,0x0000,0x0000,0x0000,
    0x0000,0x0000,0x0000,0x0000,0x0000,0x0000,0x0000,0x0000,0x0000,0x0000,0x0000,0x0000,0x0000,0x0000,0x0000,0x0000,
    0x0000,0x0000,0x0000,0x1082,0x1082,0x1082,0x8cce,0x8cce,0x8cce,0x8cce,0x8cce,0x8cce,0x8cce,0x1082,0x1082,0x1082,
    0x1082,0x1082,0x1082,0x1082,0x1082,0x1082,0x1082,0x1082,0xff34,0x1082,0x1082,0x1082,0x1082,0x1082,0x1082,0x1082,
    0x1082,0x1082,0x1082,0x1082,0x8cce,0x8cce,0x8cce,0x8cce,0x8cce,0x8cce,0x8cce,0x1082,0x1082,0x1082,0x0000,0x0000,
    0x0000,0x0000,0x0000,0x0000,0x0000,0x0000,0x0000,0x0000,0x0000,0x0000,0x0000,0x0000,0x0000,0x0000,0x0000,0x0000,
    0x0000,0x0000,0x0000,0x0000,0x0000,0x0000,0x0000,0x0000,0x0000,0x0000,0x0000,0x0000,0x0000,0x0000,0x0000,0x0000,
    0x0000,0x0000,0x0000,0x0000,0x1082,0x1082,0x1082,0x8cce,0x8cce,0x8cce,0x8cce,0x8cce,0x8cce,0x8cce,0x8cce,0x1082,
    0x1082,0x1082,0x1082,0x1082,0x1082,0x1082,0x1082,0x1082,0x1082,0x1082,0x1082,0x1082,0x1082,0x1082,0x1082,0x1082,
    0x1082,0x1082,0x8cce,0x8cce,0x8cce,0x8cce,0x8cce,0x8cce,0x8cce,0x8cce,0x1082,0x1082,0x1082,0x0000,0x0000,0x0000,
    0x0000,0x0000,0x0000,0x0000,0x0000,0x0000,0x0000,0x0000,0x0000,0x0000,0x0000,0x0000,0x0000,0x0000,0x0000,0x0000,
    0x0000,0x0000,0x0000,0x0000,0x0000,0x0000,0x0000,0x0000,0x0000,0x0000,0x0000,0x0000,0x0000,0x0000,0x0000,0x0000,
    0x0000,0x0000,0x0000,0x1082,0x1082,0x1082,0x1082,0x1082,0x8cce,0x8cce,0x8cce,0x8cce,0x8cce,0x8cce,0x8cce,0x8cce,
    0x1082,0x1082,0x1082,0x1082,0x1082,0x1082,0x1082,0x1082,0x1082,0x1082,0x1082,0x1082,0x1082,0x1082,0x1082,0x1082,
    0x1082,0x8cce,0x8cce,0x8cce,0x8cce,0x8cce,0x8cce,0x8cce,0x8cce,0x1082,0x1082,0x1082,0x1082,0x1082,0x0000,0x0000,
    0x0000,0x0000,0x0000,0x0000,0x0000,0x0000,0x0000,0x0000,0x0000,0x0000,0x0000,0x0000,0x0000,0x0000,0x0000,0x0000,
    0x0000,0x0000,0x0000,0x0000,0x0000,0x0000,0x0000,0x0000,0x0000,0x0000,0x0000,0x0000,0x0000,0x0000,0x0000,0x0000,
    0x0000,0x0000,0x0000,0x1082,0x59c4,0x59c4,0x1082,0x1082,0x1082,0x1082,0x8cce,0x8cce,0x8cce,0x8cce,0x8cce,0x8cce,
    0x8cce,0x8cce,0x8cce,0x1082,0x1082,0x1082,0x1082,0x1082,0x1082,0x1082,0x1082,0x1082,0x1082,0x1082,0x8cce,0x8cce,
    0x8cce,0x8cce,0x8cce,0x8cce,0x8cce,0x8cce,0x8cce,0x1082,0x1082,0x1082,0x1082,0x59c4,0x59c4,0x1082,0x0000,0x0000,
    0x0000,0x0000,0x0000,0x0000,0x0000,0x0000,0x0000,0x0000,0x0000,0x0000,0x0000,0x0000,0x0000,0x0000,0x0000,0x0000,
    0x0000,0x0000,0x0000,0x0000,0x0000,0x0000,0x0000,0x0000,0x0000,0x0000,0x0000,0x0000,0x0000,0x0000,0x0000,0x0000,
    0x0000,0x0000,0x1082,0x1082,0x1082,0x59c4,0x59c4,0x59c4,0x1082,0x1082,0x1082,0x1082,0x8cce,0x8cce,0x8cce,0x8cce,
    0x8cce,0x8cce,0x8cce,0x8cce,0x8cce,0x8cce,0x8cce,0x8cce,0x1082,0x8cce,0x8cce,0x8cce,0x8cce,0x8cce,0x8cce,0x8cce,
    0x8cce,0x8cce,0x8cce,0x8cce,0x8cce,0x1082,0x1082,0x1082,0x1082,0x59c4,0x59c4,0x59c4,0x1082,0x1082,0x1082,0x0000,
    0x0000,0x0000,0x0000,0x0000,0x0000,0x0000,0x0000,0x0000,0x0000,0x0000,0x0000,0x0000,0x0000,0x0000,0x0000,0x0000,
    0x0000,0x0000,0x0000,0x0000,0x0000,0x0000,0x0000,0x0000,0x0000,0x0000,0x0000,0x0000,0x0000,0x0000,0x0000,0x0000,
    0x0000,0x0000,0x0000,0x1082,0x1082,0x59c4,0x59c4,0x59c4,0x59c4,0x1082,0x1082,0x1082,0x1082,0x1082,0x8cce,0x8cce,
    0x8cce,0x8cce,0x8cce,0x8cce,0x8cce,0x8cce,0x8cce,0x8cce,0x8cce,0x8cce,0x8cce,0x8cce,0x8cce,0x8cce,0x8cce,0x8cce,
    0x8cce,0x8cce,0x8cce,0x1082,0x1082,0x1082,0x1082,0x1082,0x59c4,0x59c4,0x59c4,0x59c4,0x1082,0x1082,0x0000,0x0000,
    0x0000,0x0000,0x0000,0x0000,0x0000,0x0000,0x0000,0x0000,0x0000,0x0000,0x0000,0x0000,0x0000,0x0000,0x0000,0x0000,
    0x0000,0x0000,0x0000,0x0000,0x0000,0x0000,0x0000,0x0000,0x0000,0x0000,0x0000,0x0000,0x0000,0x0000,0x0000,0x0000,
    0x0000,0x0000,0x0000,0x1082,0x1082,0x1082,0x1082,0x59c4,0x59c4,0x59c4,0x59c4,0x1082,0x1082,0x1082,0x1082,0x1082,
    0x1082,0x8cce,0x8cce,0x8cce,0x8cce,0x8cce,0x8cce,0x8cce,0x8cce,0x8cce,0x8cce,0x8cce,0x8cce,0x8cce,0x8cce,0x8cce,
    0x1082,0x1082,0x1082,0x1082,0x1082,0x1082,0x59c4,0x59c4,0x59c4,0x59c4,0x1082,0x1082,0x1082,0x1082,0x0000,0x0000,
    0x0000,0x0000,0x0000,0x0000,0x0000,0x0000,0x0000,0x0000,0x0000,0x0000,0x0000,0x0000,0x0000,0x0000,0x0000,0x0000,
    0x0000,0x0000,0x0000,0x0000,0x0000,0x0000,0x0000,0x0000,0x0000,0x0000,0x0000,0x0000,0x0000,0x0000,0x0000,0x0000,
    0x0000,0x0000,0x0000,0x0000,0x1082,0x1082,0x1082,0x1082,0x1082,0x1082,0x1082,0x59c4,0x1082,0x1082,0x1082,0x1082,
    0x1082,0x1082,0x1082,0x1082,0x1082,0x1082,0x1082,0x1082,0x8cce,0x1082,0x1082,0x1082,0x1082,0x1082,0x1082,0x1082,
    0x1082,0x1082,0x1082,0x1082,0x1082,0x59c4,0x1082,0x1082,0x1082,0x1082,0x1082,0x1082,0x1082,0x0000,0x0000,0x0000,
    0x0000,0x0000,0x0000,0x0000,0x0000,0x0000,0x0000,0x0000,0x0000,0x0000,0x0000,0x0000,0x0000,0x0000,0x0000,0x0000,
    0x0000,0x0000,0x0000,0x0000,0x0000,0x0000,0x0000,0x0000,0x0000,0x0000,0x0000,0x0000,0x0000,0x0000,0x0000,0x0000,
    0x0000,0x0000,0x0000,0x0000,0x0000,0x0000,0x1082,0x1082,0x1082,0x1082,0x1082,0x1082,0x1082,0x1082,0x1082,0x1082,
    0x1082,0x1082,0x1082,0x1082,0x1082,0x1082,0x1082,0x1082,0x1082,0x1082,0x1082,0x1082,0x1082,0x1082,0x1082,0x1082,
    0x1082,0x1082,0x1082,0x1082,0x1082,0x1082,0x1082,0x1082,0x1082,0x1082,0x1082,0x0000,0x0000,0x0000,0x0000,0x0000,
    0x0000,0x0000,0x0000,0x0000,0x0000,0x0000,0x0000,0x0000,0x0000,0x0000,0x0000,0x0000,0x0000,0x0000,0x0000,0x0000,
    0x0000,0x0000,0x0000,0x0000,0x0000,0x0000,0x0000,0x0000,0x0000,0x0000,0x0000,0x0000,0x0000,0x0000,0x0000,0x0000,
    0x0000,0x0000,0x0000,0x0000,0x0000,0x0000,0x0000,0x0000,0x0000,0x0000,0x0000,0x1082,0x0000,0x0000,0x0000,0x0000,
    0x0000,0x0000,0x0000,0x0000,0x0000,0x0000,0x0000,0x0000,0x1082,0x0000,0x0000,0x0000,0x0000,0x0000,0x0000,0x0000,
    0x0000,0x0000,0x0000,0x0000,0x0000,0x1082,0x0000,0x0000,0x0000,0x0000,0x0000,0x0000,0x0000,0x0000,0x0000,0x0000,
    0x0000,0x0000,0x0000,0x0000,0x0000,0x0000,0x0000,0x0000,0x0000,0x0000,0x0000,0x0000,0x0000,0x0000,0x0000,0x0000,
    0x0000,0x0000,0x0000,0x0000,0x0000,0x0000,0x0000,0x0000,0x0000,0x0000,0x0000,0x0000,0x0000,0x0000,0x0000,0x0000,
    0x0000,0x0000,0x0000,0x0000,0x0000,0x0000,0x0000,0x0000,0x0000,0x0000,0x0000,0x0000,0x0000,0x0000,0x0000,0x0000,
    0x0000,0x0000,0x0000,0x0000,0x0000,0x0000,0x0000,0x0000,0x0000,0x0000,0x0000,0x0000,0x0000,0x0000,0x0000,0x0000,
    0x0000,0x0000,0x0000,0x0000,0x0000,0x0000,0x0000,0x0000,0x0000,0x0000,0x0000,0x0000,0x0000,0x0000,0x0000,0x0000,
    0x0000,0x0000,0x0000,0x0000,0x0000,0x0000,0x0000,0x0000,0x0000,0x0000,0x0000,0x0000,0x0000,0x0000,0x0000,0x0000,
    0x0000,0x0000,0x0000,0x0000,0x0000,0x0000,0x0000,0x0000,0x0000,0x0000,0x0000,0x0000,0x0000,0x0000,0x0000,0x0000,
    0x0000,0x0000,0x0000,0x0000,0x0000,0x0000,0x0000,0x0000,0x0000,0x0000,0x0000,0x0000,0x0000,0x0000,0x0000,0x0000,
    0x0000,0x0000,0x0000,0x0000,0x0000,0x0000,0x0000,0x0000,0x0000,0x0000,0x0000,0x0000,0x0000,0x0000,0x0000,0x0000,
    0x0000,0x0000,0x0000,0x0000,0x0000,0x0000,0x0000,0x0000,0x0000,0x0000,0x0000,0x0000,0x0000,0x0000,0x0000,0x0000,
    0x0000,0x0000,0x0000,0x0000,0x0000,0x0000,0x0000,0x0000,0x0000,0x0000,0x0000,0x0000,0x0000,0x0000,0x0000,0x0000,
    0x0000,0x0000,0x0000,0x0000,0x0000,0x0000,0x0000,0x0000,0x0000,0x0000,0x0000,0x0000,0x0000,0x0000,0x0000,0x0000,
    0x0000,0x0000,0x0000,0x0000,0x0000,0x0000,0x0000,0x0000,0x0000,0x0000,0x0000,0x0000,0x0000,0x0000,0x0000,0x0000,
    0x0000,0x0000,0x0000,0x0000,0x0000,0x0000,0x0000,0x0000,0x0000,0x0000,0x0000,0x0000,0x0000,0x0000,0x0000,0x0000,
    0x0000,0x0000,0x0000,0x0000,0x0000,0x0000,0x0000,0x0000,0x0000,0x0000,0x0000,0x0000,0x0000,0x0000,0x0000,0x0000,
    0x0000,0x0000,0x0000,0x0000,0x0000,0x0000,0x0000,0x0000,0x0000,0x0000,0x0000,0x0000,0x0000,0x0000,0x0000,0x0000,
    0x0000,0x0000,0x0000,0x0000,0x0000,0x0000,0x0000,0x0000,0x0000,0x0000,0x0000,0x0000,0x0000,0x0000,0x0000,0x0000,
    0x0000,0x0000,0x0000,0x0000,0x0000,0x0000,0x0000,0x0000,0x0000,0x0000,0x0000,0x0000,0x0000,0x0000,0x0000,0x0000,
    0x0000,0x0000,0x0000,0x0000,0x0000,0x0000,0x0000,0x0000,0x0000,0x0000,0x0000,0x0000,0x0000,0x0000,0x0000,0x0000,
    0x0000,0x0000,0x0000,0x0000,0x0000,0x0000,0x0000,0x0000,0x0000,0x0000,0x0000,0x0000,0x0000,0x0000,0x0000,0x0000,
    0x0000,0x0000,0x0000,0x0000,0x0000,0x0000,0x0000,0x0000,0x0000,0x0000,0x0000,0x0000,0x0000,0x0000,0x0000,0x0000,
    0x0000,0x0000,0x0000,0x0000,0x0000,0x0000,0x0000,0x0000,0x0000,0x0000,0x0000,0x0000,0x0000,0x0000,0x0000,0x0000,
    0x0000,0x0000,0x0000,0x0000,0x0000,0x0000,0x0000,0x0000,0x0000,0x0000,0x0000,0x0000,0x0000,0x0000,0x0000,0x0000,
    0x0000,0x0000,0x0000,0x0000,0x0000,0x0000,0x0000,0x0000,0x0000,0x0000,0x0000,0x0000,0x0000,0x0000,0x0000,0x0000,
    0x0000,0x0000,0x0000,0x0000,0x0000,0x0000,0x0000,0x0000,0x0000,0x0000,0x0000,0x0000,0x0000,0x0000,0x0000,0x0000,
    0x0000,0x0000,0x0000,0x0000,0x0000,0x0000,0x0000,0x0000,0x0000,0x0000,0x0000,0x0000,0x0000,0x0000,0x0000,0x0000,
    0x0000,0x0000,0x0000,0x0000,0x0000,0x0000,0x0000,0x0000,0x0000,0x0000,0x0000,0x0000,0x0000,0x0000,0x0000,0x0000,
    0x0000,0x0000,0x0000,0x0000,0x0000,0x0000,0x0000,0x0000,0x0000,0x0000,0x0000,0x0000,0x0000,0x0000,0x0000,0x0000,
    0x0000,0x0000,0x0000,0x0000,0x0000,0x0000,0x0000,0x0000,0x0000,0x0000,0x0000,0x0000,0x0000,0x0000,0x0000,0x0000,
    0x0000,0x0000,0x0000,0x0000,0x0000,0x0000,0x0000,0x0000,0x0000,0x0000,0x0000,0x0000,0x0000,0x0000,0x0000,0x0000,
    0x0000,0x0000,0x0000,0x0000,0x0000,0x0000,0x0000,0x0000,0x0000,0x0000,0x0000,0x0000,0x0000,0x0000,0x0000,0x0000,
    0x0000,0x0000,0x0000,0x0000,0x0000,0x0000,0x0000,0x0000,0x0000,0x0000,0x0000,0x0000,0x0000,0x0000,0x0000,0x0000,
    0x0000,0x0000,0x0000,0x0000,0x0000,0x0000,0x0000,0x0000,0x0000,0x0000,0x0000,0x0000,0x0000,0x0000,0x0000,0x0000,
    0x0000,0x0000,0x0000,0x0000,0x0000,0x0000,0x0000,0x0000,0x0000,0x0000,0x0000,0x0000,0x0000,0x0000,0x0000,0x0000,
    0x0000,0x0000,0x0000,0x0000,0x0000,0x0000,0x0000,0x0000,0x0000,0x0000,0x0000,0x0000,0x0000,0x0000,0x0000,0x0000,
    0x0000,0x0000,0x0000,0x0000,0x0000,0x0000,0x0000,0x0000,0x0000,0x0000,0x0000,0x0000,0x0000,0x0000,0x0000,0x0000,
  },
  // sick frame 2
  {
    0x0000,0x0000,0x0000,0x0000,0x0000,0x0000,0x0000,0x0000,0x0000,0x0000,0x0000,0x0000,0x0000,0x0000,0x0000,0x0000,
    0x0000,0x0000,0x0000,0x0000,0x0000,0x0000,0x0000,0x0000,0x0000,0x0000,0x0000,0x0000,0x0000,0x0000,0x0000,0x0000,
    0x0000,0x0000,0x0000,0x0000,0x0000,0x0000,0x0000,0x0000,0x0000,0x0000,0x0000,0x0000,0x0000,0x0000,0x0000,0x0000,
    0x0000,0x0000,0x0000,0x0000,0x0000,0x0000,0x0000,0x0000,0x0000,0x0000,0x0000,0x0000,0x0000,0x0000,0x0000,0x0000,
    0x0000,0x0000,0x0000,0x0000,0x0000,0x0000,0x0000,0x0000,0x0000,0x0000,0x0000,0x0000,0x0000,0x0000,0x0000,0x0000,
    0x0000,0x0000,0x0000,0x0000,0x0000,0x0000,0x0000,0x0000,0x0000,0x0000,0x0000,0x0000,0x0000,0x0000,0x0000,0x0000,
    0x0000,0x0000,0x0000,0x0000,0x0000,0x0000,0x0000,0x0000,0x0000,0x0000,0x0000,0x0000,0x0000,0x0000,0x0000,0x0000,
    0x0000,0x0000,0x0000,0x0000,0x0000,0x0000,0x0000,0x0000,0x0000,0x0000,0x0000,0x0000,0x0000,0x0000,0x0000,0x0000,
    0x0000,0x0000,0x0000,0x0000,0x0000,0x0000,0x0000,0x0000,0x0000,0x0000,0x0000,0x0000,0x0000,0x0000,0x0000,0x0000,
    0x0000,0x0000,0x0000,0x0000,0x0000,0x0000,0x0000,0x0000,0x0000,0x0000,0x0000,0x0000,0x0000,0x0000,0x0000,0x0000,
    0x0000,0x0000,0x0000,0x0000,0x0000,0x0000,0x0000,0x0000,0x0000,0x0000,0x0000,0x0000,0x0000,0x0000,0x0000,0x0000,
    0x0000,0x0000,0x0000,0x0000,0x0000,0x0000,0x0000,0x0000,0x0000,0x0000,0x0000,0x0000,0x0000,0x0000,0x0000,0x0000,
    0x0000,0x0000,0x0000,0x0000,0x0000,0x0000,0x0000,0x0000,0x0000,0x0000,0x0000,0x0000,0x0000,0x0000,0x0000,0x0000,
    0x0000,0x0000,0x0000,0x0000,0x0000,0x0000,0x0000,0x0000,0x0000,0x0000,0x0000,0x0000,0x0000,0x0000,0x0000,0x0000,
    0x0000,0x0000,0x0000,0x0000,0x0000,0x0000,0x0000,0x0000,0x0000,0x0000,0x0000,0x0000,0x0000,0x0000,0x0000,0x0000,
    0x0000,0x0000,0x0000,0x0000,0x0000,0x0000,0x0000,0x0000,0x0000,0x0000,0x0000,0x0000,0x0000,0x0000,0x0000,0x0000,
    0x0000,0x0000,0x0000,0x0000,0x0000,0x0000,0x0000,0x0000,0x0000,0x0000,0x0000,0x0000,0x0000,0x0000,0x0000,0x0000,
    0x0000,0x0000,0x0000,0x0000,0x0000,0x0000,0x0000,0x0000,0x0000,0x0000,0x0000,0x0000,0x0000,0x0000,0x0000,0x0000,
    0x0000,0x0000,0x0000,0x0000,0x0000,0x0000,0x0000,0x0000,0x0000,0x0000,0x0000,0x0000,0x0000,0x0000,0x0000,0x0000,
    0x0000,0x0000,0x0000,0x0000,0x0000,0x0000,0x0000,0x0000,0x0000,0x0000,0x0000,0x0000,0x0000,0x0000,0x0000,0x0000,
    0x0000,0x0000,0x0000,0x0000,0x0000,0x0000,0x0000,0x0000,0x0000,0x0000,0x0000,0x0000,0x0000,0x0000,0x0000,0x0000,
    0x0000,0x0000,0x0000,0x0000,0x0000,0x0000,0x0000,0x0000,0x0000,0x0000,0x0000,0x0000,0x0000,0x0000,0x0000,0x0000,
    0x0000,0x0000,0x0000,0x0000,0x0000,0x0000,0x0000,0x0000,0x0000,0x0000,0x0000,0x0000,0x0000,0x0000,0x0000,0x0000,
    0x0000,0x0000,0x0000,0x0000,0x0000,0x0000,0x0000,0x0000,0x0000,0x0000,0x0000,0x0000,0x0000,0x0000,0x0000,0x0000,
    0x0000,0x0000,0x0000,0x0000,0x0000,0x0000,0x0000,0x0000,0x0000,0x0000,0x0000,0x0000,0x0000,0x0000,0x0000,0x0000,
    0x0000,0x0000,0x0000,0x0000,0x0000,0x0000,0x0000,0x0000,0x0000,0x0000,0x0000,0x0000,0x0000,0x0000,0x0000,0x0000,
    0x0000,0x0000,0x0000,0x0000,0x0000,0x0000,0x0000,0x0000,0x0000,0x0000,0x0000,0x0000,0x0000,0x0000,0x0000,0x0000,
    0x0000,0x0000,0x0000,0x0000,0x0000,0x0000,0x0000,0x0000,0x0000,0x0000,0x0000,0x0000,0x0000,0x0000,0x0000,0x0000,
    0x0000,0x0000,0x0000,0x0000,0x0000,0x0000,0x0000,0x0000,0x0000,0x0000,0x0000,0x0000,0x0000,0x0000,0x0000,0x0000,
    0x0000,0x0000,0x0000,0x0000,0x0000,0x0000,0x0000,0x0000,0x0000,0x0000,0x0000,0x0000,0x0000,0x0000,0x0000,0x0000,
    0x0000,0x0000,0x0000,0x0000,0x0000,0x0000,0x0000,0x0000,0x0000,0x0000,0x0000,0x0000,0x0000,0x0000,0x0000,0x0000,
    0x0000,0x0000,0x0000,0x0000,0x0000,0x0000,0x0000,0x0000,0x0000,0x0000,0x0000,0x0000,0x0000,0x0000,0x0000,0x0000,
    0x0000,0x0000,0x0000,0x0000,0x0000,0x0000,0x0000,0x1082,0x1082,0x1082,0x0000,0x0000,0x0000,0x0000,0x0000,0x0000,
    0x0000,0x0000,0x0000,0x0000,0x0000,0x0000,0x0000,0x0000,0x0000,0x0000,0x0000,0x0000,0x0000,0x0000,0x0000,0x0000,
    0x0000,0x0000,0x0000,0x0000,0x0000,0x0000,0x0000,0x0000,0x0000,0x0000,0x0000,0x0000,0x0000,0x0000,0x0000,0x0000,
    0x0000,0x0000,0x0000,0x0000,0x0000,0x0000,0x0000,0x0000,0x0000,0x0000,0x0000,0x0000,0x0000,0x0000,0x0000,0x0000,
    0x0000,0x0000,0x0000,0x0000,0x0000,0x0000,0x0000,0x0000,0x0000,0x0000,0x0000,0x0000,0x0000,0x0000,0x0000,0x0000,
    0x0000,0x0000,0x0000,0x0000,0x0000,0x0000,0x0000,0xf9c7,0xf9c7,0xf9c7,0x0000,0x0000,0x0000,0x0000,0x0000,0x0000,
    0x0000,0x0000,0x0000,0x0000,0x0000,0x0000,0x0000,0x0000,0x0000,0x0000,0x0000,0x0000,0x0000,0x0000,0x0000,0x0000,
    0x0000,0x0000,0x0000,0x0000,0x0000,0x0000,0x0000,0x0000,0x0000,0x0000,0x0000,0x0000,0x0000,0x0000,0x0000,0x0000,
    0x0000,0x0000,0x0000,0x0000,0x0000,0x0000,0x0000,0x0000,0x0000,0x0000,0x0000,0x0000,0x0000,0x0000,0x0000,0x0000,
    0x0000,0x0000,0x0000,0x0000,0x0000,0x0000,0x0000,0x0000,0x0000,0x0000,0x0000,0x0000,0x0000,0x0000,0x0000,0x0000,
    0x0000,0x0000,0x0000,0x0000,0x0000,0x0000,0x1082,0xf9c7,0xf9c7,0xf9c7,0x1082,0x0000,0x0000,0x0000,0x0000,0x0000,
    0x0000,0x0000,0x0000,0x0000,0x0000,0x0000,0x0000,0x0000,0x0000,0x0000,0x0000,0x0000,0x0000,0x0000,0x0000,0x0000,
    0x0000,0x0000,0x0000,0x0000,0x0000,0x0000,0x0000,0x0000,0x0000,0x0000,0x0000,0x0000,0x0000,0x0000,0x0000,0x0000,
    0x0000,0x0000,0x0000,0x0000,0x0000,0x0000,0x0000,0x0000,0x0000,0x0000,0x0000,0x0000,0x0000,0x0000,0x0000,0x0000,
    0x0000,0x0000,0x0000,0x0000,0x0000,0x0000,0x0000,0x0000,0x0000,0x0000,0x0000,0x0000,0x0000,0x0000,0x0000,0x0000,
    0x0000,0x0000,0x0000,0x0000,0x0000,0x0000,0x1082,0xf9c7,0xf9c7,0xf9c7,0x1082,0x0000,0x0000,0x0000,0x0000,0x0000,
    0x0000,0x0000,0x0000,0x0000,0x0000,0x0000,0x0000,0x0000,0x0000,0x0000,0x0000,0x0000,0x0000,0x0000,0x0000,0x0000,
    0x0000,0x0000,0x0000,0x0000,0x0000,0x0000,0x0000,0x0000,0x0000,0x0000,0x0000,0x0000,0x0000,0x0000,0x0000,0x0000,
    0x0000,0x0000,0x0000,0x0000,0x0000,0x0000,0x0000,0x0000,0x0000,0x0000,0x0000,0x0000,0x0000,0x0000,0x0000,0x0000,
    0x0000,0x0000,0x0000,0x0000,0x0000,0x0000,0x0000,0x0000,0x0000,0x0000,0x0000,0x0000,0x0000,0x0000,0x0000,0x0000,
    0x0000,0x1082,0x1082,0x1082,0x1082,0x1082,0xf9c7,0xf9c7,0xf9c7,0xf9c7,0xf9c7,0x1082,0x1082,0x1082,0x1082,0x1082,
    0x0000,0x0000,0x0000,0x0000,0x0000,0x0000,0x0000,0x0000,0x0000,0x0000,0x0000,0x0000,0x0000,0x0000,0x0000,0x0000,
    0x0000,0x0000,0x0000,0x0000,0x0000,0x0000,0x0000,0x0000,0x0000,0x0000,0x0000,0x0000,0x0000,0x0000,0x0000,0x0000,
    0x0000,0x0000,0x0000,0x0000,0x0000,0x0000,0x0000,0x0000,0x0000,0x0000,0x0000,0x0000,0x0000,0x0000,0x0000,0x0000,
    0x0000,0x0000,0x0000,0x0000,0x0000,0x0000,0x0000,0x0000,0x0000,0x0000,0x0000,0x0000,0x0000,0x0000,0x1082,0x1082,
    0x1082,0x1082,0x1082,0x1082,0x1082,0x1082,0xf9c7,0xf9c7,0xf9c7,0xf9c7,0xf9c7,0x1082,0x1082,0x1082,0x1082,0x1082,
    0x1082,0x1082,0x1082,0x0000,0x0000,0x0000,0x0000,0x0000,0x0000,0x0000,0x0000,0x0000,0x0000,0x0000,0x0000,0x0000,
    0x0000,0x0000,0x0000,0x0000,0x0000,0x0000,0x0000,0x0000,0x0000,0x0000,0x0000,0x0000,0x0000,0x0000,0x0000,0x0000,
    0x0000,0x0000,0x0000,0x0000,0x0000,0x0000,0x0000,0x0000,0x0000,0x0000,0x0000,0x0000,0x0000,0x0000,0x0000,0x0000,
    0x0000,0x0000,0x0000,0x0000,0x0000,0x0000,0x0000,0x0000,0x0000,0x0000,0x0000,0x1082,0x1082,0x1082,0x1082,0x1082,
    0x1082,0x8cce,0x8cce,0x8cce,0x8cce,0x1082,0xf9c7,0xf9c7,0xf9c7,0xf9c7,0xf9c7,0x1082,0x8cce,0x8cce,0x8cce,0x8cce,
    0x1082,0x1082,0x1082,0x1082,0x1082,0x1082,0x0000,0x0000,0x0000,0x0000,0x0000,0x0000,0x0000,0x0000,0x0000,0x0000,
    0x0000,0x0000,0x0000,0x0000,0x0000,0x0000,0x0000,0x0000,0x0000,0x0000,0x0000,0x0000,0x0000,0x0000,0x0000,0x0000,
    0x0000,0x0000,0x0000,0x0000,0x0000,0x0000,0x0000,0x0000,0x0000,0x0000,0x0000,0x0000,0x0000,0x0000,0x0000,0x0000,
    0x0000,0x0000,0x0000,0x0000,0x0000,0x0000,0x0000,0x0000,0x0000,0x1082,0x1082,0x1082,0x1082,0x1082,0x8cce,0x8cce,
    0x8cce,0x8cce,0x8cce,0x8cce,0x8cce,0x1082,0xf9c7,0xf9c7,0xf9c7,0xf9c7,0xf9c7,0x1082,0x8cce,0x8cce,0x8cce,0x8cce,
    0x8cce,0x8cce,0x8cce,0x1082,0x1082,0x1082,0x1082,0x1082,0x0000,0x0000,0x0000,0x0000,0x0000,0x0000,0x0000,0x0000,
    0x0000,0x0000,0x0000,0x0000,0x0000,0x0000,0x0000,0x0000,0x0000,0x0000,0x0000,0x0000,0x0000,0x0000,0x0000,0x0000,
    0x0000,0x0000,0x0000,0x0000,0x0000,0x0000,0x0000,0x0000,0x0000,0x0000,0x0000,0x0000,0x0000,0x0000,0x0000,0x0000,
    0x0000,0x0000,0x0000,0x0000,0x0000,0x0000,0x0000,0x0000,0x1082,0x1082,0x1082,0x1082,0x8cce,0x8cce,0x8cce,0x8cce,
    0x8cce,0x8cce,0x8cce,0x8cce,0x8cce,0x1082,0xf9c7,0xf9c7,0xf9c7,0xf9c7,0xf9c7,0x1082,0x8cce,0x8cce,0x8cce,0x8cce,
    0x8cce,0x8cce,0x8cce,0x8cce,0x8cce,0x1082,0x1082,0x1082,0x1082,0x0000,0x0000,0x0000,0x0000,0x0000,0x0000,0x0000,
    0x0000,0x0000,0x0000,0x0000,0x0000,0x0000,0x0000,0x0000,0x0000,0x0000,0x0000,0x0000,0x0000,0x0000,0x0000,0x0000,
    0x0000,0x0000,0x0000,0x0000,0x0000,0x0000,0x0000,0x0000,0x0000,0x0000,0x0000,0x0000,0x0000,0x0000,0x0000,0x0000,
    0x0000,0x0000,0x0000,0x0000,0x0000,0x0000,0x1082,0x1082,0x1082,0x1082,0x8cce,0x8cce,0x8cce,0x8cce,0x8cce,0x8cce,
    0x8cce,0x8cce,0x8cce,0x8cce,0x8cce,0x1082,0x1082,0x1082,0x8cce,0x1082,0x1082,0x1082,0x8cce,0x8cce,0x8cce,0x8cce,
    0x8cce,0x8cce,0x8cce,0x8cce,0x8cce,0x8cce,0x8cce,0x1082,0x1082,0x1082,0x1082,0x0000,0x0000,0x0000,0x0000,0x0000,
    0x0000,0x0000,0x0000,0x0000,0x0000,0x0000,0x0000,0x0000,0x0000,0x0000,0x0000,0x0000,0x0000,0x0000,0x0000,0x0000,
    0x0000,0x0000,0x0000,0x0000,0x0000,0x0000,0x0000,0x0000,0x0000,0x0000,0x0000,0x0000,0x0000,0x0000,0x0000,0x0000,
    0x0000,0x0000,0x0000,0x0000,0x0000,0x1082,0x1082,0x1082,0x1082,0x1082,0x1082,0x1082,0x1082,0x8cce,0x8cce,0x8cce,
    0x8cce,0x8cce,0x8cce,0x8cce,0x8cce,0x8cce,0x8cce,0x8cce,0x8cce,0x8cce,0x8cce,0x8cce,0x8cce,0x8cce,0x8cce,0x8cce,
    0x8cce,0x8cce,0x8cce,0x8cce,0x1082,0x1082,0x1082,0x1082,0x1082,0x1082,0x1082,0x1082,0x0000,0x0000,0x0000,0x0000,
    0x0000,0x0000,0x0000,0x0000,0x0000,0x0000,0x0000,0x0000,0x0000,0x0000,0x0000,0x0000,0x0000,0x0000,0x0000,0x0000,
    0x0000,0x0000,0x0000,0x0000,0x0000,0x0000,0x0000,0x0000,0x0000,0x0000,0x0000,0x0000,0x0000,0x0000,0x0000,0x0000,
    0x0000,0x0000,0x0000,0x0000,0x1082,0x1082,0x1082,0x1082,0x1082,0x1082,0x1082,0x1082,0x1082,0x1082,0x8cce,0x8cce,
    0x8cce,0x8cce,0x8cce,0x8cce,0x8cce,0x8cce,0x8cce,0x8cce,0x8cce,0x8cce,0x8cce,0x8cce,0x8cce,0x8cce,0x8cce,0x8cce,
    0x8cce,0x8cce,0x8cce,0x1082,0x1082,0x1082,0x1082,0x1082,0x1082,0x1082,0x1082,0x1082,0x1082,0x0000,0x0000,0x0000,
    0x0000,0x0000,0x0000,0x0000,0x0000,0x0000,0x0000,0x0000,0x0000,0x0000,0x0000,0x0000,0x0000,0x0000,0x0000,0x0000,
    0x0000,0x0000,0x0000,0x0000,0x0000,0x0000,0x0000,0x0000,0x0000,0x0000,0x0000,0x0000,0x0000,0x0000,0x0000,0x0000,
    0x0000,0x0000,0x0000,0x1082,0x1082,0x1082,0x1082,0x1082,0x1082,0xf9c7,0x1082,0x1082,0x1082,0x1082,0x1082,0x8cce,
    0x8cce,0x8cce,0x8cce,0x8cce,0x8cce,0x8cce,0x8cce,0x8cce,0x8cce,0x8cce,0x8cce,0x8cce,0x8cce,0x8cce,0x8cce,0x8cce,
    0x8cce,0x8cce,0x1082,0x1082,0x1082,0x1082,0x1082,0xf9c7,0x1082,0x1082,0x1082,0x1082,0x1082,0x1082,0x0000,0x0000,
    0x0000,0x0000,0x0000,0x0000,0x0000,0x0000,0x0000,0x0000,0x0000,0x0000,0x0000,0x0000,0x0000,0x0000,0x0000,0x0000,
    0x0000,0x0000,0x0000,0x0000,0x0000,0x0000,0x0000,0x0000,0x0000,0x0000,0x0000,0x0000,0x0000,0x0000,0x0000,0x0000,
    0x0000,0x0000,0x1082,0x1082,0x1082,0x1082,0x1082,0xf9c7,0xf9c7,0xf9c7,0xf9c7,0xf9c7,0x1082,0x1082,0x1082,0x1082,
    0x8cce,0x8cce,0x8cce,0x8cce,0x8cce,0x8cce,0x8cce,0x8cce,0x8cce,0x8cce,0x8cce,0x8cce,0x8cce,0x8cce,0x8cce,0x8cce,
    0x8cce,0x1082,0x1082,0x1082,0x1082,0xf9c7,0xf9c7,0xf9c7,0xf9c7,0xf9c7,0x1082,0x1082,0x07ff,0x1082,0x1082,0x0000,
    0x0000,0x0000,0x0000,0x0000,0x0000,0x0000,0x0000,0x0000,0x0000,0x0000,0x0000,0x0000,0x0000,0x0000,0x0000,0x0000,
    0x0000,0x0000,0x0000,0x0000,0x0000,0x0000,0x0000,0x0000,0x0000,0x0000,0x0000,0x0000,0x0000,0x0000,0x0000,0x0000,
    0x0000,0x1082,0x1082,0x1082,0x1082,0x1082,0xf9c7,0xf9c7,0xf9c7,0xf9c7,0xf9c7,0xf9c7,0xf9c7,0x1082,0x1082,0x1082,
    0x8cce,0x8cce,0x8cce,0x8cce,0x8cce,0x8cce,0x8cce,0x8cce,0x8cce,0x8cce,0x8cce,0x8cce,0x8cce,0x8cce,0x8cce,0x8cce,
    0x8cce,0x1082,0x1082,0x1082,0xf9c7,0xf9c7,0xf9c7,0xf9c7,0xf9c7,0xf9c7,0x07ff,0x07ff,0x07ff,0x07ff,0x07ff,0x1082,
    0x0000,0x0000,0x0000,0x0000,0x0000,0x0000,0x0000,0x0000,0x0000,0x0000,0x0000,0x0000,0x0000,0x0000,0x0000,0x0000,
    0x0000,0x0000,0x0000,0x0000,0x0000,0x0000,0x0000,0x0000,0x0000,0x0000,0x0000,0x0000,0x0000,0x0000,0x0000,0x0000,
    0x1082,0x1082,0x1082,0x1082,0x1082,0x1082,0xf9c7,0xf9c7,0xf9c7,0xf9c7,0xf9c7,0xf9c7,0xf9c7,0x1082,0x1082,0x1082,
    0x8cce,0x8cce,0x8cce,0x8cce,0x8cce,0x8cce,0x8cce,0x8cce,0x8cce,0x8cce,0x8cce,0x8cce,0x8cce,0x8cce,0x8cce,0x8cce,
    0x8cce,0x1082,0x1082,0x1082,0xf9c7,0xf9c7,0xf9c7,0xf9c7,0xf9c7,0xf9c7,0x07ff,0x07ff,0x07ff,0x07ff,0x07ff,0x1082,
    0x1082,0x0000,0x0000,0x0000,0x0000,0x0000,0x0000,0x0000,0x0000,0x0000,0x0000,0x0000,0x0000,0x0000,0x0000,0x0000,
    0x0000,0x0000,0x0000,0x0000,0x0000,0x0000,0x0000,0x0000,0x0000,0x0000,0x0000,0x0000,0x0000,0x0000,0x0000,0x1082,
    0x1082,0x1082,0x1082,0x1082,0x1082,0xf9c7,0xf9c7,0xf9c7,0xf9c7,0xf9c7,0xf9c7,0xf9c7,0xf9c7,0xf9c7,0x1082,0x1082,
    0x1082,0x8cce,0x8cce,0x8cce,0x8cce,0x8cce,0x8cce,0x8cce,0x8cce,0x8cce,0x8cce,0x8cce,0x8cce,0x8cce,0x8cce,0x8cce,
    0x1082,0x1082,0x1082,0xf9c7,0xf9c7,0xf9c7,0xf9c7,0xf9c7,0xf9c7,0x07ff,0x07ff,0x07ff,0x07ff,0x07ff,0x07ff,0x07ff,
    0x1082,0x1082,0x0000,0x0000,0x0000,0x0000,0x0000,0x0000,0x0000,0x0000,0x0000,0x0000,0x0000,0x0000,0x0000,0x0000,
    0x0000,0x0000,0x0000,0x0000,0x0000,0x0000,0x0000,0x0000,0x0000,0x0000,0x0000,0x0000,0x0000,0x0000,0x0000,0x1082,
    0x1082,0x8cce,0x8cce,0x1082,0x1082,0x1082,0xf9c7,0xf9c7,0xf9c7,0xf9c7,0xf9c7,0xf9c7,0xf9c7,0x1082,0x1082,0x1082,
    0x8cce,0x8cce,0x8cce,0x8cce,0x8cce,0x8cce,0x8cce,0x8cce,0x8cce,0x8cce,0x8cce,0x8cce,0x8cce,0x8cce,0x8cce,0x8cce,
    0x8cce,0x1082,0x1082,0x1082,0xf9c7,0xf9c7,0xf9c7,0xf9c7,0xf9c7,0xf9c7,0x07ff,0x07ff,0x07ff,0x07ff,0x07ff,0x8cce,
    0x1082,0x1082,0x0000,0x0000,0x0000,0x0000,0x0000,0x0000,0x0000,0x0000,0x0000,0x0000,0x0000,0x0000,0x0000,0x0000,
    0x0000,0x0000,0x0000,0x0000,0x0000,0x0000,0x0000,0x0000,0x0000,0x0000,0x0000,0x0000,0x0000,0x0000,0x1082,0x1082,
    0x8cce,0x8cce,0x8cce,0x1082,0x1082,0x1082,0xf9c7,0xf9c7,0xf9c7,0xf9c7,0xf9c7,0xf9c7,0xf9c7,0x1082,0x1082,0x1082,
    0x8cce,0x8cce,0x8cce,0x8cce,0x8cce,0x8cce,0x8cce,0x8cce,0x8cce,0x8cce,0x8cce,0x8cce,0x8cce,0x8cce,0x8cce,0x8cce,
    0x8cce,0x1082,0x1082,0x1082,0xf9c7,0xf9c7,0xf9c7,0xf9c7,0xf9c7,0xf9c7,0x07ff,0x07ff,0x07ff,0x07ff,0x07ff,0x8cce,
    0x8cce,0x1082,0x1082,0x0000,0x0000,0x0000,0x0000,0x0000,0x0000,0x0000,0x0000,0x0000,0x0000,0x0000,0x0000,0x0000,
    0x0000,0x0000,0x0000,0x0000,0x0000,0x0000,0x0000,0x0000,0x0000,0x0000,0x0000,0x0000,0x0000,0x1082,0x1082,0x1082,
    0x8cce,0x8cce,0x8cce,0x1082,0x1082,0x1082,0x1082,0xf9c7,0xf9c7,0xf9c7,0xf9c7,0xf9c7,0x1082,0x1082,0x1082,0x1082,
    0x8cce,0x8cce,0x8cce,0x8cce,0x8cce,0x8cce,0x8cce,0x8cce,0x8cce,0x8cce,0x8cce,0x8cce,0x8cce,0x8cce,0x8cce,0x8cce,
    0x8cce,0x1082,0x1082,0x1082,0x1082,0xf9c7,0xf9c7,0xf9c7,0xf9c7,0xf9c7,0x1082,0x1082,0x07ff,0x1082,0x8cce,0x8cce,
    0x8cce,0x1082,0x1082,0x1082,0x0000,0x0000,0x0000,0x0000,0x0000,0x0000,0x0000,0x0000,0x0000,0x0000,0x0000,0x0000,
    0x0000,0x0000,0x0000,0x0000,0x0000,0x0000,0x0000,0x0000,0x0000,0x0000,0x0000,0x0000,0x0000,0x1082,0x1082,0x8cce,
    0x8cce,0x8cce,0x8cce,0x8cce,0x1082,0x1082,0x1082,0x1082,0x1082,0xf9c7,0x1082,0x1082,0x1082,0x1082,0x1082,0x8cce,
    0x8cce,0x8cce,0x8cce,0x8cce,0x8cce,0x8cce,0x8cce,0x8cce,0x8cce,0x8cce,0x8cce,0x8cce,0x8cce,0x8cce,0x8cce,0x8cce,
    0x8cce,0x8cce,0x1082,0x1082,0x1082,0x1082,0x1082,0xf9c7,0x1082,0x1082,0x1082,0x1082,0x07ff,0x8cce,0x8cce,0x8cce,
    0x8cce,0x8cce,0x1082,0x1082,0x0000,0x0000,0x0000,0x0000,0x0000,0x0000,0x0000,0x0000,0x0000,0x0000,0x0000,0x0000,
    0x0000,0x0000,0x0000,0x0000,0x0000,0x0000,0x0000,0x0000,0x0000,0x0000,0x0000,0x0000,0x1082,0x1082,0x1082,0x8cce,
    0x8cce,0x8cce,0x8cce,0x8cce,0x8cce,0x0000,0x0000,0x0000,0x0000,0x1082,0x1082,0x1082,0x1082,0x1082,0x8cce,0x8cce,
    0x8cce,0x8cce,0x8cce,0x8cce,0x8cce,0x8cce,0x8cce,0x8cce,0x8cce,0x8cce,0x8cce,0x8cce,0x8cce,0x8cce,0x8cce,0x8cce,
    0x8cce,0x8cce,0x8cce,0x1082,0x1082,0x1082,0x1082,0x1082,0x0000,0x0000,0x0000,0x07ff,0x8cce,0x07ff,0x8cce,0x8cce,
    0x8cce,0x8cce,0x1082,0x1082,0x1082,0x0000,0x0000,0x0000,0x0000,0x0000,0x0000,0x0000,0x0000,0x0000,0x0000,0x0000,
    0x0000,0x0000,0x0000,0x0000,0x0000,0x0000,0x0000,0x0000,0x0000,0x0000,0x0000,0x0000,0x1082,0x1082,0x8cce,0x8cce,
    0x8cce,0x8cce,0x8cce,0x8cce,0x8cce,0x0000,0x0000,0x0000,0x0000,0x0000,0x0000,0x0000,0x1082,0x8cce,0x8cce,0x8cce,
    0x8cce,0x8cce,0x8cce,0x8cce,0x8cce,0x8cce,0x8cce,0x8cce,0x8cce,0x8cce,0x8cce,0x8cce,0x8cce,0x8cce,0x8cce,0x8cce,
    0x8cce,0x8cce,0x8cce,0x8cce,0x1082,0x0000,0x0000,0x0000,0x0000,0x0000,0x0000,0x0000,0x8cce,0x8cce,0x8cce,0x8cce,
    0x8cce,0x8cce,0x8cce,0x1082,0x1082,0x0000,0x0000,0x0000,0x0000,0x0000,0x0000,0x0000,0x0000,0x0000,0x0000,0x0000,
    0x0000,0x0000,0x0000,0x0000,0x0000,0x0000,0x0000,0x0000,0x0000,0x0000,0x0000,0x0000,0x1082,0x1082,0x8cce,0x8cce,
    0x8cce,0x8cce,0x8cce,0x8cce,0x8cce,0x0000,0x0000,0x0000,0x0000,0x0000,0x0000,0x0000,0x0000,0x0000,0x8cce,0x8cce,
    0x8cce,0x8cce,0x8cce,0x8cce,0x8cce,0x8cce,0x8cce,0x8cce,0x8cce,0x8cce,0x8cce,0x8cce,0x8cce,0x8cce,0x8cce,0x8cce,
    0x8cce,0x8cce,0x8cce,0x0000,0x0000,0x0000,0x0000,0x0000,0x0000,0x0000,0x0000,0x0000,0x8cce,0x8cce,0x8cce,0x8cce,
    0x8cce,0x8cce,0x8cce,0x1082,0x1082,0x0000,0x0000,0x0000,0x0000,0x0000,0x0000,0x0000,0x0000,0x0000,0x0000,0x0000,
    0x0000,0x0000,0x0000,0x0000,0x0000,0x0000,0x0000,0x0000,0x0000,0x0000,0x0000,0x1082,0x1082,0x8cce,0x8cce,0x8cce,
    0x8cce,0x8cce,0x8cce,0x8cce,0x8cce,0x8cce,0x8cce,0x0000,0x0000,0x0000,0x0000,0x0000,0x0000,0x0000,0x0000,0x0000,
    0x0000,0x8cce,0x8cce,0x8cce,0x8cce,0x8cce,0x8cce,0x8cce,0x8cce,0x8cce,0x8cce,0x8cce,0x8cce,0x8cce,0x8cce,0x8cce,
    0x0000,0x0000,0x0000,0x0000,0x0000,0x0000,0x0000,0x0000,0x0000,0x0000,0x8cce,0x8cce,0x8cce,0x8cce,0x8cce,0x8cce,
    0x8cce,0x8cce,0x8cce,0x8cce,0x1082,0x1082,0x0000,0x0000,0x0000,0x0000,0x0000,0x0000,0x0000,0x0000,0x0000,0x0000,
    0x0000,0x0000,0x0000,0x0000,0x0000,0x0000,0x0000,0x0000,0x0000,0x0000,0x0000,0x1082,0x1082,0x8cce,0x8cce,0x8cce,
    0x8cce,0x8cce,0x8cce,0x8cce,0x8cce,0x8cce,0x8cce,0x8cce,0x8cce,0x8cce,0x0000,0x0000,0x0000,0x0000,0x0000,0x0000,
    0x0000,0x0000,0x0000,0x8cce,0x8cce,0x8cce,0x8cce,0x8cce,0x8cce,0x8cce,0x8cce,0x8cce,0x8cce,0x8cce,0x0000,0x0000,
    0x0000,0x0000,0x0000,0x0000,0x0000,0x0000,0x0000,0x8cce,0x8cce,0x8cce,0x8cce,0x8cce,0x8cce,0x8cce,0x8cce,0x8cce,
    0x8cce,0x8cce,0x8cce,0x8cce,0x1082,0x1082,0x0000,0x0000,0x0000,0x0000,0x0000,0x0000,0x0000,0x0000,0x0000,0x0000,
    0x0000,0x0000,0x0000,0x0000,0x0000,0x0000,0x0000,0x0000,0x0000,0x0000,0x0000,0x1082,0x1082,0x8cce,0x8cce,0x8cce,
    0x8cce,0x8cce,0x8cce,0x8cce,0x8cce,0x8cce,0x8cce,0x8cce,0x8cce,0x8cce,0x8cce,0x8cce,0x0000,0x0000,0x0000,0x0000,
    0x0000,0x0000,0x0000,0x8cce,0x8cce,0x8cce,0x8cce,0x8cce,0x8cce,0x8cce,0x8cce,0x8cce,0x8cce,0x8cce,0x0000,0x0000,
    0x0000,0x0000,0x0000,0x0000,0x0000,0x8cce,0x8cce,0x8cce,0x8cce,0x8cce,0x8cce,0x8cce,0x8cce,0x8cce,0x8cce,0x8cce,
    0x8cce,0x8cce,0x8cce,0x8cce,0x1082,0x1082,0x0000,0x0000,0x0000,0x0000,0x0000,0x0000,0x0000,0x0000,0x0000,0x0000,
    0x0000,0x0000,0x0000,0x0000,0x0000,0x0000,0x0000,0x0000,0x0000,0x0000,0x1082,0x1082,0x8cce,0x8cce,0x8cce,0x8cce,
    0x8cce,0x8cce,0x8cce,0x8cce,0x8cce,0x8cce,0x8cce,0x8cce,0x8cce,0x8cce,0x8cce,0x8cce,0x8cce,0x8cce,0x8cce,0x0000,
    0x0000,0x0000,0x0000,0x8cce,0x8cce,0x8cce,0x8cce,0x8cce,0x8cce,0x8cce,0x8cce,0x8cce,0x8cce,0x8cce,0x0000,0x0000,
    0x0000,0x0000,0x8cce,0x8cce,0x8cce,0x8cce,0x8cce,0x8cce,0x8cce,0x8cce,0x8cce,0x8cce,0x8cce,0x8cce,0x8cce,0x8cce,
    0x8cce,0x8cce,0x8cce,0x8cce,0x8cce,0x1082,0x1082,0x0000,0x0000,0x0000,0x0000,0x0000,0x0000,0x0000,0x0000,0x0000,
    0x0000,0x0000,0x0000,0x0000,0x0000,0x0000,0x0000,0x0000,0x0000,0x0000,0x1082,0x1082,0x8cce,0x8cce,0x8cce,0x8cce,
    0x8cce,0x8cce,0x8cce,0x8cce,0x8cce,0x8cce,0x8cce,0x8cce,0x8cce,0x8cce,0x8cce,0x8cce,0x8cce,0x8cce,0x8cce,0x8cce,
    0x8cce,0x8cce,0x8cce,0x8cce,0x8cce,0x8cce,0x8cce,0x8cce,0x8cce,0x8cce,0x8cce,0x8cce,0x8cce,0x8cce,0x8cce,0x8cce,
    0x8cce,0x8cce,0x8cce,0x8cce,0x8cce,0x8cce,0x8cce,0x8cce,0x8cce,0x8cce,0x8cce,0x8cce,0x8cce,0x8cce,0x8cce,0x8cce,
    0x8cce,0x8cce,0x8cce,0x8cce,0x8cce,0x1082,0x1082,0x0000,0x0000,0x0000,0x0000,0x0000,0x0000,0x0000,0x0000,0x0000,
    0x0000,0x0000,0x0000,0x0000,0x0000,0x0000,0x0000,0x0000,0x0000,0x0000,0x1082,0x1082,0x8cce,0x8cce,0x8cce,0x8cce,
    0x8cce,0x8cce,0x8cce,0x8cce,0x8cce,0x8cce,0x8cce,0x8cce,0x0000,0x0000,0x0000,0x0000,0x0000,0x0000,0x0000,0x0000,
    0x0000,0x0000,0x0000,0x8cce,0x8cce,0x8cce,0x8cce,0x8cce,0x8cce,0x8cce,0x8cce,0x8cce,0x8cce,0x8cce,0x0000,0x0000,
    0x0000,0x0000,0x0000,0x0000,0x0000,0x0000,0x0000,0x0000,0x0000,0x8cce,0x8cce,0x8cce,0x8cce,0x8cce,0x8cce,0x8cce,
    0x8cce,0x8cce,0x8cce,0x8cce,0x8cce,0x1082,0x1082,0x0000,0x0000,0x0000,0x0000,0x0000,0x0000,0x0000,0x0000,0x0000,
    0x0000,0x0000,0x0000,0x0000,0x0000,0x0000,0x0000,0x0000,0x0000,0x0000,0x1082,0x1082,0x8cce,0x8cce,0x8cce,0x8cce,
    0x8cce,0x8cce,0x8cce,0x8cce,0x8cce,0x8cce,0x8cce,0x8cce,0x0000,0x0000,0x0000,0x0000,0x0000,0x0000,0x0000,0x0000,
    0x0000,0x0000,0x0000,0x8cce,0x8cce,0x8cce,0x8cce,0x8cce,0x8cce,0x8cce,0x8cce,0x8cce,0x8cce,0x8cce,0x0000,0x0000,
    0x0000,0x0000,0x0000,0x0000,0x0000,0x0000,0x0000,0x0000,0x0000,0x8cce,0x8cce,0x8cce,0x8cce,0x8cce,0x8cce,0x8cce,
    0x8cce,0x8cce,0x8cce,0x8cce,0x8cce,0x1082,0x1082,0x0000,0x0000,0x0000,0x0000,0x0000,0x0000,0x0000,0x0000,0x0000,
    0x0000,0x0000,0x0000,0x0000,0x0000,0x0000,0x0000,0x0000,0x0000,0x0000,0x1082,0x1082,0x8cce,0x8cce,0x8cce,0x8cce,
    0x8cce,0x8cce,0x8cce,0x8cce,0x8cce,0x8cce,0x8cce,0x8cce,0x0000,0x0000,0x0000,0x0000,0x0000,0x0000,0x0000,0x0000,
    0x0000,0x0000,0x0000,0x8cce,0x8cce,0x8cce,0x8cce,0x8cce,0x8cce,0x8cce,0x8cce,0x8cce,0x8cce,0x8cce,0x0000,0x0000,
    0x0000,0x0000,0x0000,0x0000,0x0000,0x0000,0x0000,0x0000,0x0000,0x8cce,0x8cce,0x8cce,0x8cce,0x8cce,0x8cce,0x8cce,
    0x8cce,0x8cce,0x8cce,0x8cce,0x8cce,0x1082,0x1082,0x0000,0x0000,0x0000,0x0000,0x0000,0x0000,0x0000,0x0000,0x0000,
    0x0000,0x0000,0x0000,0x0000,0x0000,0x0000,0x0000,0x0000,0x0000,0x0000,0x1082,0x1082,0x8cce,0x8cce,0x8cce,0x8cce,
    0x8cce,0x8cce,0x8cce,0x8cce,0x8cce,0x8cce,0x8cce,0x8cce,0x8cce,0x8cce,0x8cce,0x8cce,0x8cce,0x8cce,0x8cce,0x8cce,
    0x8cce,0x8cce,0x8cce,0x8cce,0x8cce,0x8cce,0x8cce,0x8cce,0x8cce,0x8cce,0x8cce,0x8cce,0x8cce,0x8cce,0x8cce,0x8cce,
    0x8cce,0x8cce,0x8cce,0x8cce,0x8cce,0x8cce,0x8cce,0x8cce,0x8cce,0x8cce,0x8cce,0x8cce,0x8cce,0x8cce,0x8cce,0x8cce,
    0x8cce,0x8cce,0x8cce,0x8cce,0x8cce,0x1082,0x1082,0x0000,0x0000,0x0000,0x0000,0x0000,0x0000,0x0000,0x0000,0x0000,
    0x0000,0x0000,0x0000,0x0000,0x0000,0x0000,0x0000,0x0000,0x0000,0x0000,0x1082,0x1082,0x8cce,0x8cce,0x8cce,0x8cce,
    0x8cce,0x8cce,0x8cce,0x8cce,0x8cce,0x8cce,0x8cce,0x8cce,0x8cce,0x8cce,0x8cce,0x8cce,0x8cce,0x8cce,0x8cce,0x8cce,
    0x8cce,0x8cce,0x8cce,0x8cce,0x8cce,0x8cce,0x8cce,0x8cce,0x8cce,0x8cce,0x8cce,0x8cce,0x8cce,0x8cce,0x8cce,0x8cce,
    0x8cce,0x8cce,0x8cce,0x8cce,0x8cce,0x8cce,0x8cce,0x8cce,0x8cce,0x8cce,0x8cce,0x8cce,0x8cce,0x8cce,0x8cce,0x8cce,
    0x8cce,0x8cce,0x8cce,0x8cce,0x8cce,0x1082,0x1082,0x0000,0x0000,0x0000,0x0000,0x0000,0x0000,0x0000,0x0000,0x0000,
    0x0000,0x0000,0x0000,0x0000,0x0000,0x0000,0x0000,0x0000,0x0000,0x1082,0x1082,0x8cce,0x8cce,0x8cce,0x8cce,0x8cce,
    0x8cce,0x8cce,0x8cce,0x8cce,0x8cce,0x8cce,0x8cce,0x8cce,0x8cce,0x8cce,0x8cce,0x8cce,0x8cce,0x8cce,0x8cce,0x8cce,
    0x8cce,0x8cce,0x8cce,0x8cce,0x8cce,0x8cce,0x8cce,0x8cce,0x8cce,0x8cce,0x8cce,0x8cce,0x8cce,0x8cce,0x8cce,0x8cce,
    0x8cce,0x8cce,0x8cce,0x8cce,0x8cce,0x8cce,0x8cce,0x8cce,0x8cce,0x8cce,0x8cce,0x8cce,0x8cce,0x8cce,0x8cce,0x8cce,
    0x8cce,0x8cce,0x8cce,0x8cce,0x8cce,0x8cce,0x1082,0x1082,0x0000,0x0000,0x0000,0x0000,0x0000,0x0000,0x0000,0x0000,
    0x0000,0x0000,0x0000,0x0000,0x0000,0x0000,0x0000,0x0000,0x0000,0x0000,0x1082,0x1082,0x8cce,0x8cce,0x8cce,0x8cce,
    0x8cce,0x8cce,0x8cce,0x8cce,0x8cce,0x8cce,0x8cce,0x8cce,0x8cce,0x8cce,0x8cce,0x8cce,0x8cce,0x8cce,0x8cce,0x8cce,
    0x8cce,0x8cce,0x8cce,0x8cce,0x8cce,0x8cce,0x8cce,0x8cce,0x8cce,0x8cce,0x8cce,0x8cce,0x8cce,0x8cce,0x8cce,0x8cce,
    0x8cce,0x8cce,0x8cce,0x8cce,0x8cce,0x8cce,0x8cce,0x8cce,0x8cce,0x8cce,0x8cce,0x8cce,0x8cce,0x8cce,0x8cce,0x8cce,
    0x8cce,0x8cce,0x8cce,0x8cce,0x8cce,0x1082,0x1082,0x0000,0x0000,0x0000,0x0000,0x0000,0x0000,0x0000,0x0000,0x0000,
    0x0000,0x0000,0x0000,0x0000,0x0000,0x0000,0x0000,0x0000,0x0000,0x0000,0x1082,0x1082,0x8cce,0x8cce,0x8cce,0x8cce,
    0x8cce,0x8cce,0x8cce,0x8cce,0x8cce,0x8cce,0x8cce,0x8cce,0x8cce,0x8cce,0x8cce,0x8cce,0x8cce,0x8cce,0x8cce,0x8cce,
    0x8cce,0x8cce,0x8cce,0x8cce,0x8cce,0x8cce,0x8cce,0x8cce,0x1082,0x8cce,0x8cce,0x8cce,0x8cce,0x8cce,0x8cce,0x8cce,
    0x8cce,0x8cce,0x8cce,0x8cce,0x8cce,0x8cce,0x8cce,0x8cce,0x8cce,0x8cce,0x8cce,0x8cce,0x8cce,0x8cce,0x8cce,0x8cce,
    0x8cce,0x8cce,0x8cce,0x8cce,0x8cce,0x1082,0x1082,0x0000,0x0000,0x0000,0x0000,0x0000,0x0000,0x0000,0x0000,0x0000,
    0x0000,0x0000,0x0000,0x0000,0x0000,0x0000,0x0000,0x0000,0x0000,0x0000,0x1082,0x1082,0x8cce,0x8cce,0x8cce,0x8cce,
    0x8cce,0x8cce,0x8cce,0x8cce,0x8cce,0x8cce,0x8cce,0x8cce,0x8cce,0x8cce,0x8cce,0x8cce,0x8cce,0x8cce,0x8cce,0x8cce,
    0x8cce,0x8cce,0x8cce,0x1082,0x1082,0x1082,0x1082,0x1082,0x1082,0x1082,0x1082,0x1082,0x1082,0x1082,0x8cce,0x8cce,
    0x8cce,0x8cce,0x8cce,0x8cce,0x8cce,0x8cce,0x8cce,0x8cce,0x8cce,0x8cce,0x8cce,0x8cce,0x8cce,0x8cce,0x8cce,0x8cce,
    0x8cce,0x8cce,0x8cce,0x8cce,0x8cce,0x1082,0x1082,0x0000,0x0000,0x0000,0x0000,0x0000,0x0000,0x0000,0x0000,0x0000,
    0x0000,0x0000,0x0000,0x0000,0x0000,0x0000,0x0000,0x0000,0x0000,0x0000,0x1082,0x1082,0x8cce,0x8cce,0x1082,0x1082,
    0x1082,0x8cce,0x8cce,0x8cce,0x8cce,0x8cce,0x8cce,0x8cce,0x8cce,0x8cce,0x8cce,0x8cce,0x8cce,0x8cce,0x8cce,0x8cce,
    0x1082,0x1082,0x1082,0x1082,0x1082,0x1082,0x1082,0x1082,0xff34,0x1082,0x1082,0x1082,0x1082,0x1082,0x1082,0x1082,
    0x1082,0x8cce,0x8cce,0x8cce,0x8cce,0x8cce,0x8cce,0x8cce,0x8cce,0x8cce,0x8cce,0x8cce,0x8cce,0x8cce,0x8cce,0x8cce,
    0x1082,0x1082,0x1082,0x8cce,0x8cce,0x1082,0x1082,0x1082,0x0000,0x0000,0x0000,0x0000,0x0000,0x0000,0x0000,0x0000,
    0x0000,0x0000,0x0000,0x0000,0x0000,0x0000,0x0000,0x0000,0x0000,0x0000,0x1082,0x1082,0x8cce,0x1082,0x1082,0x1082,
    0x1082,0x8cce,0x8cce,0x8cce,0x8cce,0x8cce,0x8cce,0x8cce,0x8cce,0x8cce,0x8cce,0x8cce,0x8cce,0x8cce,0x8cce,0x1082,
    0x1082,0x1082,0x1082,0xff34,0xff34,0xff34,0xff34,0xff34,0xff34,0xff34,0xff34,0xff34,0xff34,0xff34,0x1082,0x1082,
    0x1082,0x1082,0x8cce,0x8cce,0x8cce,0x8cce,0x8cce,0x8cce,0x8cce,0x8cce,0x8cce,0x8cce,0x8cce,0x8cce,0x8cce,0x8cce,
    0x1082,0x1082,0x1082,0x1082,0x8cce,0x1082,0x1082,0x1082,0x1082,0x1082,0x0000,0x0000,0x0000,0x0000,0x0000,0x0000,
    0x0000,0x0000,0x0000,0x0000,0x0000,0x0000,0x0000,0x0000,0x0000,0x0000,0x1082,0x1082,0x1082,0x1082,0x1082,0x1082,
    0x1082,0x8cce,0x8cce,0x8cce,0x8cce,0x8cce,0x8cce,0x8cce,0x8cce,0x8cce,0x8cce,0x8cce,0x8cce,0x1082,0x1082,0x1082,
    0x1082,0xff34,0xff34,0xff34,0xff34,0xff34,0xff34,0xff34,0xff34,0xff34,0xff34,0xff34,0xff34,0xff34,0xff34,0xff34,
    0x1082,0x1082,0x1082,0x1082,0x8cce,0x8cce,0x8cce,0x8cce,0x8cce,0x8cce,0x8cce,0x8cce,0x8cce,0x8cce,0x8cce,0x8cce,
    0x1082,0x1082,0x1082,0x1082,0x1082,0x1082,0x1082,0x1082,0x1082,0x1082,0x1082,0x1082,0x0000,0x0000,0x0000,0x0000,
    0x0000,0x0000,0x0000,0x0000,0x0000,0x0000,0x0000,0x0000,0x0000,0x0000,0x1082,0x1082,0x1082,0x1082,0x1082,0x1082,
    0x8cce,0x8cce,0x8cce,0x8cce,0x8cce,0x8cce,0x8cce,0x8cce,0x8cce,0x8cce,0x8cce,0x8cce,0x1082,0x1082,0x1082,0x1082,
    0xff34,0xff34,0xff34,0xff34,0x0000,0x0000,0x0000,0x0000,0x0000,0x0000,0x0000,0x0000,0x0000,0xff34,0xff34,0xff34,
    0xff34,0x1082,0x1082,0x1082,0x1082,0x8cce,0x8cce,0x8cce,0x8cce,0x8cce,0x8cce,0x8cce,0x8cce,0x8cce,0x8cce,0x8cce,
    0x8cce,0x1082,0x1082,0x1082,0x1082,0x1082,0x1082,0xf9c7,0x1082,0x1082,0x1082,0x1082,0x0000,0x0000,0x0000,0x0000,
    0x0000,0x0000,0x0000,0x0000,0x0000,0x0000,0x0000,0x0000,0x0000,0x0000,0x1082,0x1082,0x1082,0x1082,0x1082,0x8cce,
    0x8cce,0x8cce,0x8cce,0x8cce,0x8cce,0x8cce,0x8cce,0x8cce,0x8cce,0x8cce,0x8cce,0x8cce,0x1082,0x1082,0x1082,0xff34,
    0xff34,0xff34,0x0000,0x0000,0x0000,0x0000,0x0000,0x0000,0x0000,0x0000,0x0000,0x0000,0x0000,0x0000,0x0000,0xff34,
    0xff34,0xff34,0x1082,0x1082,0x1082,0x8cce,0x8cce,0x8cce,0x8cce,0x8cce,0x8cce,0x8cce,0x8cce,0x8cce,0x8cce,0x8cce,
    0x8cce,0x8cce,0x1082,0x1082,0x1082,0x1082,0x1082,0xf9c7,0xf9c7,0x1082,0x1082,0x1082,0x1082,0x0000,0x0000,0x0000,
    0x0000,0x0000,0x0000,0x0000,0x0000,0x0000,0x0000,0x0000,0x0000,0x1082,0xf9c7,0x1082,0x1082,0x1082,0x8cce,0x8cce,
    0x8cce,0x8cce,0x8cce,0x8cce,0x8cce,0x8cce,0x8cce,0x8cce,0x8cce,0x8cce,0x8cce,0x1082,0x1082,0x1082,0xff34,0xff34,
    0xff34,0x0000,0x0000,0x0000,0x0000,0x0000,0x0000,0x0000,0x0000,0x0000,0x0000,0x0000,0x0000,0x0000,0x0000,0x0000,
    0xff34,0xff34,0xff34,0x1082,0x1082,0x1082,0x8cce,0x8cce,0x8cce,0x8cce,0x8cce,0x8cce,0x8cce,0x8cce,0x8cce,0x8cce,
    0x8cce,0x8cce,0x8cce,0x1082,0x1082,0x1082,0xf9c7,0x1082,0xf9c7,0x1082,0x1082,0x1082,0x1082,0x0000,0x0000,0x0000,
    0x0000,0x0000,0x0000,0x0000,0x0000,0x0000,0x0000,0x0000,0xf9c7,0xf9c7,0xf9c7,0xf9c7,0xf9c7,0x8cce,0x8cce,0x8cce,
    0x8cce,0x8cce,0x8cce,0x8cce,0x8cce,0x8cce,0x8cce,0x8cce,0x8cce,0x8cce,0x1082,0x1082,0x1082,0xff34,0xff34,0xff34,
    0x0000,0x0000,0x0000,0x0000,0x0000,0x0000,0x0000,0xff34,0xff34,0xff34,0x0000,0x0000,0x0000,0x0000,0x0000,0x0000,
    0x0000,0xff34,0xff34,0xff34,0x1082,0x1082,0x1082,0x8cce,0x8cce,0x8cce,0x8cce,0x8cce,0x8cce,0x8cce,0x8cce,0x8cce,
    0x8cce,0x8cce,0x8cce,0x8cce,0xf9c7,0xf9c7,0xf9c7,0xf9c7,0xf9c7,0xf9c7,0x1082,0x1082,0x1082,0x1082,0x0000,0x0000,
    0x0000,0x0000,0x0000,0x0000,0x0000,0x0000,0x0000,0x0000,0xf9c7,0xf9c7,0xf9c7,0xf9c7,0xf9c7,0x1082,0x8cce,0x8cce,
    0x8cce,0x8cce,0x8cce,0x8cce,0x8cce,0x8cce,0x8cce,0x8cce,0x8cce,0x8cce,0x1082,0x1082,0x1082,0xff34,0xff34,0xff34,
    0x0000,0x0000,0x0000,0x0000,0x0000,0xff34,0xff34,0xff34,0xff34,0xff34,0xff34,0xff34,0x0000,0x0000,0x0000,0x0000,
    0x0000,0xff34,0xff34,0xff34,0x1082,0x1082,0x1082,0x8cce,0x8cce,0x8cce,0x8cce,0x8cce,0x8cce,0x8cce,0x8cce,0x8cce,
    0x8cce,0x8cce,0x8cce,0x1082,0xf9c7,0xf9c7,0xf9c7,0xf9c7,0xf9c7,0x1082,0x1082,0x1082,0x1082,0x0000,0x0000,0x0000,
    0x0000,0x0000,0x0000,0x0000,0x0000,0x0000,0x0000,0xf9c7,0xf9c7,0xf9c7,0xf9c7,0xf9c7,0xf9c7,0xf9c7,0x8cce,0x8cce,
    0x8cce,0x8cce,0x8cce,0x8cce,0x8cce,0x8cce,0x8cce,0x8cce,0x8cce,0x8cce,0x1082,0x1082,0x1082,0xff34,0xff34,0x0000,
    0x0000,0x0000,0x0000,0x0000,0xff34,0xff34,0xff34,0xff34,0xff34,0xff34,0xff34,0xff34,0xff34,0x0000,0x0000,0x0000,
    0x0000,0x0000,0xff34,0xff34,0x1082,0x1082,0x1082,0x8cce,0x8cce,0x8cce,0x8cce,0x8cce,0x8cce,0x8cce,0x8cce,0x8cce,
    0x8cce,0x8cce,0x8cce,0xf9c7,0xf9c7,0xf9c7,0xf9c7,0xf9c7,0xf9c7,0xf9c7,0x1082,0x1082,0x1082,0x0000,0x0000,0x0000,
    0x0000,0x0000,0x0000,0x0000,0x0000,0x0000,0x0000,0x0000,0xf9c7,0xf9c7,0xf9c7,0xf9c7,0xf9c7,0x1082,0x1082,0x8cce,
    0x8cce,0x8cce,0x8cce,0x8cce,0x8cce,0x8cce,0x8cce,0x8cce,0x8cce,0x8cce,0x1082,0x1082,0xff34,0xff34,0xff34,0x0000,
    0x0000,0x0000,0x0000,0xff34,0xff34,0xff34,0xff34,0xff34,0xff34,0xff34,0xff34,0xff34,0xff34,0xff34,0x0000,0x0000,
    0x0000,0x0000,0xff34,0xff34,0xff34,0x1082,0x1082,0x8cce,0x8cce,0x8cce,0x8cce,0x8cce,0x8cce,0x8cce,0x8cce,0x8cce,
    0x8cce,0x8cce,0x1082,0x1082,0xf9c7,0xf9c7,0xf9c7,0xf9c7,0xf9c7,0x1082,0x1082,0x1082,0x0000,0x0000,0x0000,0x0000,
    0x0000,0x0000,0x0000,0x0000,0x0000,0x0000,0x0000,0x0000,0xf9c7,0xf9c7,0xf9c7,0xf9c7,0xf9c7,0x1082,0x1082,0x8cce,
    0x8cce,0x8cce,0x8cce,0x8cce,0x8cce,0x8cce,0x8cce,0x8cce,0x8cce,0x1082,0x1082,0x1082,0x1082,0xff34,0xff34,0x0000,
    0x0000,0x0000,0x0000,0xff34,0xff34,0xff34,0xff34,0xff34,0xff34,0xff34,0xff34,0xff34,0xff34,0xff34,0x0000,0x0000,
    0x0000,0x0000,0xff34,0xff34,0x1082,0x1082,0x1082,0x1082,0x8cce,0x8cce,0x8cce,0x8cce,0x8cce,0x8cce,0x8cce,0x8cce,
    0x8cce,0x8cce,0x1082,0x1082,0xf9c7,0xf9c7,0xf9c7,0xf9c7,0xf9c7,0x1082,0x1082,0x1082,0x0000,0x0000,0x0000,0x0000,
    0x0000,0x0000,0x0000,0x0000,0x0000,0x0000,0x0000,0x0000,0x0000,0x0000,0xf9c7,0x0000,0x0000,0x1082,0x1082,0x1082,
    0x8cce,0x8cce,0x8cce,0x8cce,0x8cce,0x8cce,0x8cce,0x8cce,0x8cce,0x8cce,0x1082,0x1082,0x1082,0xff34,0xff34,0xff34,
    0xff34,0xff34,0xff34,0xff34,0xff34,0xff34,0xff34,0xff34,0xff34,0xff34,0xff34,0xff34,0xff34,0xff34,0xff34,0xff34,
    0xff34,0xff34,0xff34,0xff34,0x1082,0x1082,0x1082,0x8cce,0x8cce,0x8cce,0x8cce,0x8cce,0x8cce,0x8cce,0x8cce,0x8cce,
    0x8cce,0x1082,0x1082,0x1082,0x1082,0x1082,0xf9c7,0x1082,0x1082,0x1082,0x0000,0x0000,0x0000,0x0000,0x0000,0x0000,
    0x0000,0x0000,0x0000,0x0000,0x0000,0x0000,0x0000,0x0000,0x0000,0x0000,0x0000,0x0000,0x0000,0x0000,0x1082,0x1082,
    0x8cce,0x8cce,0x8cce,0x8cce,0x8cce,0x8cce,0x8cce,0x8cce,0x8cce,0x8cce,0x1082,0x1082,0x1082,0xff34,0xff34,0xff34,
    0xff34,0xff34,0xff34,0xff34,0xff34,0xff34,0xff34,0xff34,0xff34,0xff34,0xff34,0xff34,0xff34,0xff34,0xff34,0xff34,
    0xff34,0xff34,0xff34,0xff34,0x1082,0x1082,0x1082,0x8cce,0x8cce,0x8cce,0x8cce,0x8cce,0x8cce,0x8cce,0x8cce,0x8cce,
    0x8cce,0x1082,0x1082,0x1082,0x1082,0x1082,0x1082,0x1082,0x0000,0x0000,0x0000,0x0000,0x0000,0x0000,0x0000,0x0000,
    0x0000,0x0000,0x0000,0x0000,0x0000,0x0000,0x0000,0x0000,0x0000,0x0000,0x0000,0x0000,0x0000,0x0000,0x0000,0x1082,
    0x1082,0x8cce,0x8cce,0x8cce,0x8cce,0x8cce,0x8cce,0x8cce,0x8cce,0x8cce,0x1082,0x1082,0x1082,0x1082,0xff34,0xff34,
    0xff34,0xff34,0xff34,0xff34,0xff34,0xff34,0xff34,0xff34,0xff34,0xff34,0xff34,0xff34,0xff34,0xff34,0xff34,0xff34,
    0xff34,0xff34,0xff34,0x1082,0x1082,0x1082,0x1082,0x8cce,0x8cce,0x8cce,0x8cce,0x8cce,0x8cce,0x8cce,0x8cce,0x8cce,
    0x1082,0x1082,0x1082,0x0000,0x0000,0x0000,0x0000,0x0000,0x0000,0x0000,0x0000,0x0000,0x0000,0x0000,0x0000,0x0000,
    0x0000,0x0000,0x0000,0x0000,0x0000,0x0000,0x0000,0x0000,0x0000,0x0000,0x0000,0x0000,0x0000,0x0000,0x0000,0x1082,
    0x1082,0x1082,0x8cce,0x8cce,0x8cce,0x8cce,0x8cce,0x8cce,0x8cce,0x8cce,0x1082,0x1082,0x1082,0x1082,0x1082,0xff34,
    0xff34,0xff34,0xff34,0xff34,0xff34,0xff34,0xff34,0xff34,0xff34,0xff34,0xff34,0xff34,0xff34,0xff34,0xff34,0xff34,
    0xff34,0xff34,0x1082,0x1082,0x1082,0x1082,0x1082,0x8cce,0x8cce,0x8cce,0x8cce,0x8cce,0x8cce,0x8cce,0x8cce,0x1082,
    0x1082,0x1082,0x0000,0x0000,0x0000,0x0000,0x0000,0x0000,0x0000,0x0000,0x0000,0x0000,0x0000,0x0000,0x0000,0x0000,
    0x0000,0x0000,0x0000,0x0000,0x0000,0x0000,0x0000,0x0000,0x0000,0x0000,0x0000,0x0000,0x0000,0x0000,0x0000,0x0000,
    0x1082,0x1082,0x1082,0x8cce,0x8cce,0x8cce,0x8cce,0x8cce,0x8cce,0x8cce,0x8cce,0x1082,0x1082,0x1082,0x1082,0x1082,
    0xff34,0xff34,0xff34,0xff34,0xff34,0xff34,0xff34,0xff34,0xff34,0xff34,0xff34,0xff34,0xff34,0xff34,0xff34,0xff34,
    0xff34,0x1082,0x1082,0x1082,0x1082,0x1082,0x8cce,0x8cce,0x8cce,0x8cce,0x8cce,0x8cce,0x8cce,0x8cce,0x1082,0x1082,
    0x1082,0x0000,0x0000,0x0000,0x0000,0x0000,0x0000,0x0000,0x0000,0x0000,0x0000,0x0000,0x0000,0x0000,0x0000,0x0000,
    0x0000,0x0000,0x0000,0x0000,0x0000,0x0000,0x0000,0x0000,0x0000,0x0000,0x0000,0x0000,0x0000,0x0000,0x0000,0x0000,
    0x0000,0x1082,0x1082,0x8cce,0x8cce,0x8cce,0x8cce,0x8cce,0x8cce,0x8cce,0x8cce,0x8cce,0x1082,0x1082,0x1082,0x1082,
    0x1082,0xff34,0xff34,0xff34,0xff34,0xff34,0xff34,0xff34,0xff34,0xff34,0xff34,0xff34,0xff34,0xff34,0xff34,0xff34,
    0x1082,0x1082,0x1082,0x1082,0x1082,0x8cce,0x8cce,0x8cce,0x8cce,0x8cce,0x8cce,0x8cce,0x8cce,0x8cce,0x1082,0x1082,
    0x0000,0x0000,0x0000,0x0000,0x0000,0x0000,0x0000,0x0000,0x0000,0x0000,0x0000,0x0000,0x0000,0x0000,0x0000,0x0000,
    0x0000,0x0000,0x0000,0x0000,0x0000,0x0000,0x0000,0x0000,0x0000,0x0000,0x0000,0x0000,0x0000,0x0000,0x0000,0x0000,
    0x0000,0x0000,0x1082,0x1082,0x8cce,0x8cce,0x8cce,0x8cce,0x8cce,0x8cce,0x8cce,0x8cce,0x1082,0x1082,0x1082,0x1082,
    0x1082,0x1082,0x1082,0xff34,0xff34,0xff34,0xff34,0xff34,0xff34,0xff34,0xff34,0xff34,0xff34,0xff34,0x1082,0x1082,
    0x1082,0x1082,0x1082,0x1082,0x1082,0x8cce,0x8cce,0x8cce,0x8cce,0x8cce,0x8cce,0x8cce,0x8cce,0x1082,0x1082,0x0000,
    0x0000,0x0000,0x0000,0x0000,0x0000,0x0000,0x0000,0x0000,0x0000,0x0000,0x0000,0x0000,0x0000,0x0000,0x0000,0x0000,
    0x0000,0x0000,0x0000,0x0000,0x0000,0x0000,0x0000,0x0000,0x0000,0x0000,0x0000,0x0000,0x0000,0x0000,0x0000,0x0000,
    0x0000,0x0000,0x0000,0x1082,0x1082,0x1082,0x8cce,0x8cce,0x8cce,0x8cce,0x8cce,0x8cce,0x8cce,0x1082,0x1082,0x1082,
    0x1082,0x1082,0x1082,0x1082,0x1082,0x1082,0x1082,0x1082,0xff34,0x1082,0x1082,0x1082,0x1082,0x1082,0x1082,0x1082,
    0x1082,0x1082,0x1082,0x1082,0x8cce,0x8cce,0x8cce,0x8cce,0x8cce,0x8cce,0x8cce,0x1082,0x1082,0x1082,0x0000,0x0000,
    0x0000,0x0000,0x0000,0x0000,0x0000,0x0000,0x0000,0x0000,0x0000,0x0000,0x0000,0x0000,0x0000,0x0000,0x0000,0x0000,
    0x0000,0x0000,0x0000,0x0000,0x0000,0x0000,0x0000,0x0000,0x0000,0x0000,0x0000,0x0000,0x0000,0x0000,0x0000,0x0000,
    0x0000,0x0000,0x0000,0x0000,0x1082,0x1082,0x1082,0x8cce,0x8cce,0x8cce,0x8cce,0x8cce,0x8cce,0x8cce,0x8cce,0x1082,
    0x1082,0x1082,0x1082,0x1082,0x1082,0x1082,0x1082,0x1082,0x1082,0x1082,0x1082,0x1082,0x1082,0x1082,0x1082,0x1082,
    0x1082,0x1082,0x8cce,0x8cce,0x8cce,0x8cce,0x8cce,0x8cce,0x8cce,0x8cce,0x1082,0x1082,0x1082,0x0000,0x0000,0x0000,
    0x0000,0x0000,0x0000,0x0000,0x0000,0x0000,0x0000,0x0000,0x0000,0x0000,0x0000,0x0000,0x0000,0x0000,0x0000,0x0000,
    0x0000,0x0000,0x0000,0x0000,0x0000,0x0000,0x0000,0x0000,0x0000,0x0000,0x0000,0x0000,0x0000,0x0000,0x0000,0x0000,
    0x0000,0x0000,0x0000,0x0000,0x1082,0x1082,0x1082,0x1082,0x8cce,0x8cce,0x8cce,0x8cce,0x8cce,0x8cce,0x8cce,0x8cce,
    0x1082,0x1082,0x1082,0x1082,0x1082,0x1082,0x1082,0x1082,0x1082,0x1082,0x1082,0x1082,0x1082,0x1082,0x1082,0x1082,
    0x1082,0x8cce,0x8cce,0x8cce,0x8cce,0x8cce,0x8cce,0x8cce,0x8cce,0x1082,0x1082,0x1082,0x1082,0x0000,0x0000,0x0000,
    0x0000,0x0000,0x0000,0x0000,0x0000,0x0000,0x0000,0x0000,0x0000,0x0000,0x0000,0x0000,0x0000,0x0000,0x0000,0x0000,
    0x0000,0x0000,0x0000,0x0000,0x0000,0x0000,0x0000,0x0000,0x0000,0x0000,0x0000,0x0000,0x0000,0x0000,0x0000,0x0000,
    0x0000,0x0000,0x0000,0x1082,0x1082,0x59c4,0x1082,0x1082,0x1082,0x1082,0x8cce,0x8cce,0x8cce,0x8cce,0x8cce,0x8cce,
    0x8cce,0x8cce,0x8cce,0x1082,0x1082,0x1082,0x1082,0x1082,0x1082,0x1082,0x1082,0x1082,0x1082,0x1082,0x8cce,0x8cce,
    0x8cce,0x8cce,0x8cce,0x8cce,0x8cce,0x8cce,0x8cce,0x1082,0x1082,0x1082,0x1082,0x59c4,0x1082,0x1082,0x0000,0x0000,
    0x0000,0x0000,0x0000,0x0000,0x0000,0x0000,0x0000,0x0000,0x0000,0x0000,0x0000,0x0000,0x0000,0x0000,0x0000,0x0000,
    0x0000,0x0000,0x0000,0x0000,0x0000,0x0000,0x0000,0x0000,0x0000,0x0000,0x0000,0x0000,0x0000,0x0000,0x0000,0x0000,
    0x0000,0x0000,0x0000,0x1082,0x59c4,0x59c4,0x59c4,0x59c4,0x1082,0x1082,0x1082,0x1082,0x8cce,0x8cce,0x8cce,0x8cce,
    0x8cce,0x8cce,0x8cce,0x8cce,0x8cce,0x8cce,0x8cce,0x8cce,0x1082,0x8cce,0x8cce,0x8cce,0x8cce,0x8cce,0x8cce,0x8cce,
    0x8cce,0x8cce,0x8cce,0x8cce,0x8cce,0x1082,0x1082,0x1082,0x1082,0x59c4,0x59c4,0x59c4,0x59c4,0x1082,0x0000,0x0000,
    0x0000,0x0000,0x0000,0x0000,0x0000,0x0000,0x0000,0x0000,0x0000,0x0000,0x0000,0x0000,0x0000,0x0000,0x0000,0x0000,
    0x0000,0x0000,0x0000,0x0000,0x0000,0x0000,0x0000,0x0000,0x0000,0x0000,0x0000,0x0000,0x0000,0x0000,0x0000,0x0000,
    0x0000,0x0000,0x1082,0x1082,0x1082,0x59c4,0x59c4,0x59c4,0x59c4,0x1082,0x1082,0x1082,0x1082,0x1082,0x8cce,0x8cce,
    0x8cce,0x8cce,0x8cce,0x8cce,0x8cce,0x8cce,0x8cce,0x8cce,0x8cce,0x8cce,0x8cce,0x8cce,0x8cce,0x8cce,0x8cce,0x8cce,
    0x8cce,0x8cce,0x8cce,0x1082,0x1082,0x1082,0x1082,0x1082,0x59c4,0x59c4,0x59c4,0x59c4,0x1082,0x1082,0x1082,0x0000,
    0x0000,0x0000,0x0000,0x0000,0x0000,0x0000,0x0000,0x0000,0x0000,0x0000,0x0000,0x0000,0x0000,0x0000,0x0000,0x0000,
    0x0000,0x0000,0x0000,0x0000,0x0000,0x0000,0x0000,0x0000,0x0000,0x0000,0x0000,0x0000,0x0000,0x0000,0x0000,0x0000,
    0x0000,0x0000,0x0000,0x1082,0x1082,0x59c4,0x59c4,0x59c4,0x59c4,0x59c4,0x59c4,0x1082,0x1082,0x1082,0x1082,0x1082,
    0x1082,0x8cce,0x8cce,0x8cce,0x8cce,0x8cce,0x8cce,0x8cce,0x8cce,0x8cce,0x8cce,0x8cce,0x8cce,0x8cce,0x8cce,0x8cce,
    0x1082,0x1082,0x1082,0x1082,0x1082,0x1082,0x59c4,0x59c4,0x59c4,0x59c4,0x59c4,0x59c4,0x1082,0x1082,0x0000,0x0000,
    0x0000,0x0000,0x0000,0x0000,0x0000,0x0000,0x0000,0x0000,0x0000,0x0000,0x0000,0x0000,0x0000,0x0000,0x0000,0x0000,
    0x0000,0x0000,0x0000,0x0000,0x0000,0x0000,0x0000,0x0000,0x0000,0x0000,0x0000,0x0000,0x0000,0x0000,0x0000,0x0000,
    0x0000,0x0000,0x0000,0x1082,0x1082,0x1082,0x1082,0x59c4,0x59c4,0x59c4,0x59c4,0x59c4,0x59c4,0x59c4,0x1082,0x1082,
    0x1082,0x1082,0x1082,0x1082,0x1082,0x1082,0x1082,0x1082,0x8cce,0x1082,0x1082,0x1082,0x1082,0x1082,0x1082,0x1082,
    0x1082,0x1082,0x1082,0x59c4,0x59c4,0x59c4,0x59c4,0x59c4,0x59c4,0x59c4,0x1082,0x1082,0x1082,0x1082,0x0000,0x0000,
    0x0000,0x0000,0x0000,0x0000,0x0000,0x0000,0x0000,0x0000,0x0000,0x0000,0x0000,0x0000,0x0000,0x0000,0x0000,0x0000,
    0x0000,0x0000,0x0000,0x0000,0x0000,0x0000,0x0000,0x0000,0x0000,0x0000,0x0000,0x0000,0x0000,0x0000,0x0000,0x0000,
    0x0000,0x0000,0x0000,0x0000,0x1082,0x1082,0x1082,0x1082,0x1082,0x1082,0x1082,0x59c4,0x1082,0x1082,0x1082,0x1082,
    0x1082,0x1082,0x1082,0x1082,0x1082,0x1082,0x1082,0x1082,0x1082,0x1082,0x1082,0x1082,0x1082,0x1082,0x1082,0x1082,
    0x1082,0x1082,0x1082,0x1082,0x1082,0x59c4,0x1082,0x1082,0x1082,0x1082,0x1082,0x1082,0x1082,0x0000,0x0000,0x0000,
    0x0000,0x0000,0x0000,0x0000,0x0000,0x0000,0x0000,0x0000,0x0000,0x0000,0x0000,0x0000,0x0000,0x0000,0x0000,0x0000,
    0x0000,0x0000,0x0000,0x0000,0x0000,0x0000,0x0000,0x0000,0x0000,0x0000,0x0000,0x0000,0x0000,0x0000,0x0000,0x0000,
    0x0000,0x0000,0x0000,0x0000,0x0000,0x0000,0x1082,0x1082,0x1082,0x1082,0x1082,0x1082,0x1082,0x1082,0x1082,0x1082,
    0x1082,0x0000,0x0000,0x0000,0x0000,0x0000,0x0000,0x0000,0x1082,0x0000,0x0000,0x0000,0x0000,0x0000,0x0000,0x0000,
    0x1082,0x1082,0x1082,0x1082,0x1082,0x1082,0x1082,0x1082,0x1082,0x1082,0x1082,0x0000,0x0000,0x0000,0x0000,0x0000,
    0x0000,0x0000,0x0000,0x0000,0x0000,0x0000,0x0000,0x0000,0x0000,0x0000,0x0000,0x0000,0x0000,0x0000,0x0000,0x0000,
    0x0000,0x0000,0x0000,0x0000,0x0000,0x0000,0x0000,0x0000,0x0000,0x0000,0x0000,0x0000,0x0000,0x0000,0x0000,0x0000,
    0x0000,0x0000,0x0000,0x0000,0x0000,0x0000,0x0000,0x0000,0x0000,0x0000,0x0000,0x1082,0x0000,0x0000,0x0000,0x0000,
    0x0000,0x0000,0x0000,0x0000,0x0000,0x0000,0x0000,0x0000,0x0000,0x0000,0x0000,0x0000,0x0000,0x0000,0x0000,0x0000,
    0x0000,0x0000,0x0000,0x0000,0x0000,0x1082,0x0000,0x0000,0x0000,0x0000,0x0000,0x0000,0x0000,0x0000,0x0000,0x0000,
    0x0000,0x0000,0x0000,0x0000,0x0000,0x0000,0x0000,0x0000,0x0000,0x0000,0x0000,0x0000,0x0000,0x0000,0x0000,0x0000,
    0x0000,0x0000,0x0000,0x0000,0x0000,0x0000,0x0000,0x0000,0x0000,0x0000,0x0000,0x0000,0x0000,0x0000,0x0000,0x0000,
    0x0000,0x0000,0x0000,0x0000,0x0000,0x0000,0x0000,0x0000,0x0000,0x0000,0x0000,0x0000,0x0000,0x0000,0x0000,0x0000,
    0x0000,0x0000,0x0000,0x0000,0x0000,0x0000,0x0000,0x0000,0x0000,0x0000,0x0000,0x0000,0x0000,0x0000,0x0000,0x0000,
    0x0000,0x0000,0x0000,0x0000,0x0000,0x0000,0x0000,0x0000,0x0000,0x0000,0x0000,0x0000,0x0000,0x0000,0x0000,0x0000,
    0x0000,0x0000,0x0000,0x0000,0x0000,0x0000,0x0000,0x0000,0x0000,0x0000,0x0000,0x0000,0x0000,0x0000,0x0000,0x0000,
    0x0000,0x0000,0x0000,0x0000,0x0000,0x0000,0x0000,0x0000,0x0000,0x0000,0x0000,0x0000,0x0000,0x0000,0x0000,0x0000,
    0x0000,0x0000,0x0000,0x0000,0x0000,0x0000,0x0000,0x0000,0x0000,0x0000,0x0000,0x0000,0x0000,0x0000,0x0000,0x0000,
    0x0000,0x0000,0x0000,0x0000,0x0000,0x0000,0x0000,0x0000,0x0000,0x0000,0x0000,0x0000,0x0000,0x0000,0x0000,0x0000,
    0x0000,0x0000,0x0000,0x0000,0x0000,0x0000,0x0000,0x0000,0x0000,0x0000,0x0000,0x0000,0x0000,0x0000,0x0000,0x0000,
    0x0000,0x0000,0x0000,0x0000,0x0000,0x0000,0x0000,0x0000,0x0000,0x0000,0x0000,0x0000,0x0000,0x0000,0x0000,0x0000,
    0x0000,0x0000,0x0000,0x0000,0x0000,0x0000,0x0000,0x0000,0x0000,0x0000,0x0000,0x0000,0x0000,0x0000,0x0000,0x0000,
    0x0000,0x0000,0x0000,0x0000,0x0000,0x0000,0x0000,0x0000,0x0000,0x0000,0x0000,0x0000,0x0000,0x0000,0x0000,0x0000,
    0x0000,0x0000,0x0000,0x0000,0x0000,0x0000,0x0000,0x0000,0x0000,0x0000,0x0000,0x0000,0x0000,0x0000,0x0000,0x0000,
    0x0000,0x0000,0x0000,0x0000,0x0000,0x0000,0x0000,0x0000,0x0000,0x0000,0x0000,0x0000,0x0000,0x0000,0x0000,0x0000,
    0x0000,0x0000,0x0000,0x0000,0x0000,0x0000,0x0000,0x0000,0x0000,0x0000,0x0000,0x0000,0x0000,0x0000,0x0000,0x0000,
    0x0000,0x0000,0x0000,0x0000,0x0000,0x0000,0x0000,0x0000,0x0000,0x0000,0x0000,0x0000,0x0000,0x0000,0x0000,0x0000,
    0x0000,0x0000,0x0000,0x0000,0x0000,0x0000,0x0000,0x0000,0x0000,0x0000,0x0000,0x0000,0x0000,0x0000,0x0000,0x0000,
    0x0000,0x0000,0x0000,0x0000,0x0000,0x0000,0x0000,0x0000,0x0000,0x0000,0x0000,0x0000,0x0000,0x0000,0x0000,0x0000,
    0x0000,0x0000,0x0000,0x0000,0x0000,0x0000,0x0000,0x0000,0x0000,0x0000,0x0000,0x0000,0x0000,0x0000,0x0000,0x0000,
    0x0000,0x0000,0x0000,0x0000,0x0000,0x0000,0x0000,0x0000,0x0000,0x0000,0x0000,0x0000,0x0000,0x0000,0x0000,0x0000,
    0x0000,0x0000,0x0000,0x0000,0x0000,0x0000,0x0000,0x0000,0x0000,0x0000,0x0000,0x0000,0x0000,0x0000,0x0000,0x0000,
    0x0000,0x0000,0x0000,0x0000,0x0000,0x0000,0x0000,0x0000,0x0000,0x0000,0x0000,0x0000,0x0000,0x0000,0x0000,0x0000,
    0x0000,0x0000,0x0000,0x0000,0x0000,0x0000,0x0000,0x0000,0x0000,0x0000,0x0000,0x0000,0x0000,0x0000,0x0000,0x0000,
    0x0000,0x0000,0x0000,0x0000,0x0000,0x0000,0x0000,0x0000,0x0000,0x0000,0x0000,0x0000,0x0000,0x0000,0x0000,0x0000,
    0x0000,0x0000,0x0000,0x0000,0x0000,0x0000,0x0000,0x0000,0x0000,0x0000,0x0000,0x0000,0x0000,0x0000,0x0000,0x0000,
    0x0000,0x0000,0x0000,0x0000,0x0000,0x0000,0x0000,0x0000,0x0000,0x0000,0x0000,0x0000,0x0000,0x0000,0x0000,0x0000,
    0x0000,0x0000,0x0000,0x0000,0x0000,0x0000,0x0000,0x0000,0x0000,0x0000,0x0000,0x0000,0x0000,0x0000,0x0000,0x0000,
    0x0000,0x0000,0x0000,0x0000,0x0000,0x0000,0x0000,0x0000,0x0000,0x0000,0x0000,0x0000,0x0000,0x0000,0x0000,0x0000,
    0x0000,0x0000,0x0000,0x0000,0x0000,0x0000,0x0000,0x0000,0x0000,0x0000,0x0000,0x0000,0x0000,0x0000,0x0000,0x0000,
    0x0000,0x0000,0x0000,0x0000,0x0000,0x0000,0x0000,0x0000,0x0000,0x0000,0x0000,0x0000,0x0000,0x0000,0x0000,0x0000,
    0x0000,0x0000,0x0000,0x0000,0x0000,0x0000,0x0000,0x0000,0x0000,0x0000,0x0000,0x0000,0x0000,0x0000,0x0000,0x0000,
    0x0000,0x0000,0x0000,0x0000,0x0000,0x0000,0x0000,0x0000,0x0000,0x0000,0x0000,0x0000,0x0000,0x0000,0x0000,0x0000,
    0x0000,0x0000,0x0000,0x0000,0x0000,0x0000,0x0000,0x0000,0x0000,0x0000,0x0000,0x0000,0x0000,0x0000,0x0000,0x0000,
    0x0000,0x0000,0x0000,0x0000,0x0000,0x0000,0x0000,0x0000,0x0000,0x0000,0x0000,0x0000,0x0000,0x0000,0x0000,0x0000,
    0x0000,0x0000,0x0000,0x0000,0x0000,0x0000,0x0000,0x0000,0x0000,0x0000,0x0000,0x0000,0x0000,0x0000,0x0000,0x0000,
  },
  // sick frame 3
  {
    0x0000,0x0000,0x0000,0x0000,0x0000,0x0000,0x0000,0x0000,0x0000,0x0000,0x0000,0x0000,0x0000,0x0000,0x0000,0x0000,
    0x0000,0x0000,0x0000,0x0000,0x0000,0x0000,0x0000,0x0000,0x0000,0x0000,0x0000,0x0000,0x0000,0x0000,0x0000,0x0000,
    0x0000,0x0000,0x0000,0x0000,0x0000,0x0000,0x0000,0x0000,0x0000,0x0000,0x0000,0x0000,0x0000,0x0000,0x0000,0x0000,
    0x0000,0x0000,0x0000,0x0000,0x0000,0x0000,0x0000,0x0000,0x0000,0x0000,0x0000,0x0000,0x0000,0x0000,0x0000,0x0000,
    0x0000,0x0000,0x0000,0x0000,0x0000,0x0000,0x0000,0x0000,0x0000,0x0000,0x0000,0x0000,0x0000,0x0000,0x0000,0x0000,
    0x0000,0x0000,0x0000,0x0000,0x0000,0x0000,0x0000,0x0000,0x0000,0x0000,0x0000,0x0000,0x0000,0x0000,0x0000,0x0000,
    0x0000,0x0000,0x0000,0x0000,0x0000,0x0000,0x0000,0x0000,0x0000,0x0000,0x0000,0x0000,0x0000,0x0000,0x0000,0x0000,
    0x0000,0x0000,0x0000,0x0000,0x0000,0x0000,0x0000,0x0000,0x0000,0x0000,0x0000,0x0000,0x0000,0x0000,0x0000,0x0000,
    0x0000,0x0000,0x0000,0x0000,0x0000,0x0000,0x0000,0x0000,0x0000,0x0000,0x0000,0x0000,0x0000,0x0000,0x0000,0x0000,
    0x0000,0x0000,0x0000,0x0000,0x0000,0x0000,0x0000,0x0000,0x0000,0x0000,0x0000,0x0000,0x0000,0x0000,0x0000,0x0000,
    0x0000,0x0000,0x0000,0x0000,0x0000,0x0000,0x0000,0x0000,0x0000,0x0000,0x0000,0x0000,0x0000,0x0000,0x0000,0x0000,
    0x0000,0x0000,0x0000,0x0000,0x0000,0x0000,0x0000,0x0000,0x0000,0x0000,0x0000,0x0000,0x0000,0x0000,0x0000,0x0000,
    0x0000,0x0000,0x0000,0x0000,0x0000,0x0000,0x0000,0x0000,0x0000,0x0000,0x0000,0x0000,0x0000,0x0000,0x0000,0x0000,
    0x0000,0x0000,0x0000,0x0000,0x0000,0x0000,0x0000,0x0000,0x0000,0x0000,0x0000,0x0000,0x0000,0x0000,0x0000,0x0000,
    0x0000,0x0000,0x0000,0x0000,0x0000,0x0000,0x0000,0x0000,0x0000,0x0000,0x0000,0x0000,0x0000,0x0000,0x0000,0x0000,
    0x0000,0x0000,0x0000,0x0000,0x0000,0x0000,0x0000,0x0000,0x0000,0x0000,0x0000,0x0000,0x0000,0x0000,0x0000,0x0000,
    0x0000,0x0000,0x0000,0x0000,0x0000,0x0000,0x0000,0x0000,0x0000,0x0000,0x0000,0x0000,0x0000,0x0000,0x0000,0x0000,
    0x0000,0x0000,0x0000,0x0000,0x0000,0x0000,0x0000,0x0000,0x0000,0x0000,0x0000,0x0000,0x0000,0x0000,0x0000,0x0000,
    0x0000,0x0000,0x0000,0x0000,0x0000,0x0000,0x0000,0x0000,0x0000,0x0000,0x0000,0x0000,0x0000,0x0000,0x0000,0x0000,
    0x0000,0x0000,0x0000,0x0000,0x0000,0x0000,0x0000,0x0000,0x0000,0x0000,0x0000,0x0000,0x0000,0x0000,0x0000,0x0000,
    0x0000,0x0000,0x0000,0x0000,0x0000,0x0000,0x0000,0x0000,0x0000,0x0000,0x0000,0x0000,0x0000,0x0000,0x0000,0x0000,
    0x0000,0x0000,0x0000,0x0000,0x0000,0x0000,0x0000,0x0000,0x0000,0x0000,0x0000,0x0000,0x0000,0x0000,0x0000,0x0000,
    0x0000,0x0000,0x0000,0x0000,0x0000,0x0000,0x0000,0x0000,0x0000,0x0000,0x0000,0x0000,0x0000,0x0000,0x0000,0x0000,
    0x0000,0x0000,0x0000,0x0000,0x0000,0x0000,0x0000,0x0000,0x0000,0x0000,0x0000,0x0000,0x0000,0x0000,0x0000,0x0000,
    0x0000,0x0000,0x0000,0x0000,0x0000,0x0000,0x0000,0x0000,0x0000,0x0000,0x0000,0x0000,0x0000,0x0000,0x0000,0x0000,
    0x0000,0x0000,0x0000,0x0000,0x0000,0x0000,0x0000,0x0000,0x0000,0x0000,0x0000,0x0000,0x0000,0x0000,0x0000,0x0000,
    0x0000,0x0000,0x0000,0x0000,0x0000,0x0000,0x0000,0x0000,0x0000,0x0000,0x0000,0x0000,0x0000,0x0000,0x0000,0x0000,
    0x0000,0x0000,0x0000,0x0000,0x0000,0x0000,0x0000,0x0000,0x0000,0x0000,0x0000,0x0000,0x0000,0x0000,0x0000,0x0000,
    0x0000,0x0000,0x0000,0x0000,0x0000,0x0000,0x0000,0x0000,0x0000,0x0000,0x0000,0x0000,0x0000,0x0000,0x0000,0x0000,
    0x0000,0x0000,0x0000,0x0000,0x0000,0x0000,0x0000,0x0000,0x0000,0x0000,0x0000,0x0000,0x0000,0x0000,0x0000,0x0000,
    0x0000,0x0000,0x0000,0x0000,0x0000,0x0000,0x0000,0x0000,0x0000,0x0000,0x0000,0x0000,0x0000,0x0000,0x0000,0x0000,
    0x0000,0x0000,0x0000,0x0000,0x0000,0x0000,0x0000,0x0000,0x0000,0x0000,0x0000,0x0000,0x0000,0x0000,0x0000,0x0000,
    0x0000,0x0000,0x0000,0x0000,0x0000,0x0000,0x0000,0x1082,0x1082,0x1082,0x0000,0x0000,0x0000,0x0000,0x0000,0x0000,
    0x0000,0x0000,0x0000,0x0000,0x0000,0x0000,0x0000,0x0000,0x0000,0x0000,0x0000,0x0000,0x0000,0x0000,0x0000,0x0000,
    0x0000,0x0000,0x0000,0x0000,0x0000,0x0000,0x0000,0x0000,0x0000,0x0000,0x0000,0x0000,0x0000,0x0000,0x0000,0x0000,
    0x0000,0x0000,0x0000,0x0000,0x0000,0x0000,0x0000,0x0000,0x0000,0x0000,0x0000,0x0000,0x0000,0x0000,0x0000,0x0000,
    0x0000,0x0000,0x0000,0x0000,0x0000,0x0000,0x0000,0x0000,0x0000,0x0000,0x0000,0x0000,0x0000,0x0000,0x0000,0x0000,
    0x0000,0x0000,0x0000,0x0000,0x0000,0x0000,0x0000,0xf9c7,0xf9c7,0xf9c7,0x0000,0x0000,0x0000,0x0000,0x0000,0x0000,
    0x0000,0x0000,0x0000,0x0000,0x0000,0x0000,0x0000,0x0000,0x0000,0x0000,0x0000,0x0000,0x0000,0x0000,0x0000,0x0000,
    0x0000,0x0000,0x0000,0x0000,0x0000,0x0000,0x0000,0x0000,0x0000,0x0000,0x0000,0x0000,0x0000,0x0000,0x0000,0x0000,
    0x0000,0x0000,0x0000,0x0000,0x0000,0x0000,0x0000,0x0000,0x0000,0x0000,0x0000,0x0000,0x0000,0x0000,0x0000,0x0000,
    0x0000,0x0000,0x0000,0x0000,0x0000,0x0000,0x0000,0x0000,0x0000,0x0000,0x0000,0x0000,0x0000,0x0000,0x0000,0x0000,
    0x0000,0x0000,0x0000,0x0000,0x0000,0x0000,0x1082,0xf9c7,0xf9c7,0xf9c7,0x1082,0x0000,0x0000,0x0000,0x0000,0x0000,
    0x0000,0x0000,0x0000,0x0000,0x0000,0x0000,0x0000,0x0000,0x0000,0x0000,0x0000,0x0000,0x0000,0x0000,0x0000,0x0000,
    0x0000,0x0000,0x0000,0x0000,0x0000,0x0000,0x0000,0x0000,0x0000,0x0000,0x0000,0x0000,0x0000,0x0000,0x0000,0x0000,
    0x0000,0x0000,0x0000,0x0000,0x0000,0x0000,0x0000,0x0000,0x0000,0x0000,0x0000,0x0000,0x0000,0x0000,0x0000,0x0000,
    0x0000,0x0000,0x0000,0x0000,0x0000,0x0000,0x0000,0x0000,0x0000,0x0000,0x0000,0x0000,0x0000,0x0000,0x0000,0x0000,
    0x0000,0x0000,0x0000,0x0000,0x0000,0x0000,0x1082,0xf9c7,0xf9c7,0xf9c7,0x1082,0x0000,0x0000,0x0000,0x0000,0x0000,
    0x0000,0x0000,0x0000,0x0000,0x0000,0x0000,0x0000,0x0000,0x0000,0x0000,0x0000,0x0000,0x0000,0x0000,0x0000,0x0000,
    0x0000,0x0000,0x0000,0x0000,0x0000,0x0000,0x0000,0x0000,0x0000,0x0000,0x0000,0x0000,0x0000,0x0000,0x0000,0x0000,
    0x0000,0x0000,0x0000,0x0000,0x0000,0x0000,0x0000,0x0000,0x0000,0x0000,0x0000,0x0000,0x0000,0x0000,0x0000,0x0000,
    0x0000,0x0000,0x0000,0x0000,0x0000,0x0000,0x0000,0x0000,0x0000,0x0000,0x0000,0x0000,0x0000,0x0000,0x0000,0x0000,
    0x0000,0x1082,0x1082,0x1082,0x1082,0x1082,0xf9c7,0xf9c7,0xf9c7,0xf9c7,0xf9c7,0x1082,0x1082,0x1082,0x1082,0x1082,
    0x0000,0x0000,0x0000,0x0000,0x0000,0x0000,0x0000,0x0000,0x0000,0x0000,0x0000,0x0000,0x0000,0x0000,0x0000,0x0000,
    0x0000,0x0000,0x0000,0x0000,0x0000,0x0000,0x0000,0x0000,0x0000,0x0000,0x0000,0x0000,0x0000,0x0000,0x0000,0x0000,
    0x0000,0x0000,0x0000,0x0000,0x0000,0x0000,0x0000,0x0000,0x0000,0x0000,0x0000,0x0000,0x0000,0x0000,0x0000,0x0000,
    0x0000,0x0000,0x0000,0x0000,0x0000,0x0000,0x0000,0x0000,0x0000,0x0000,0x0000,0x0000,0x0000,0x0000,0x1082,0x1082,
    0x1082,0x1082,0x1082,0x1082,0x1082,0x1082,0xf9c7,0xf9c7,0xf9c7,0xf9c7,0xf9c7,0x1082,0x1082,0x1082,0x1082,0x1082,
    0x1082,0x1082,0x1082,0x0000,0x0000,0x0000,0x0000,0x0000,0x0000,0x0000,0x0000,0x0000,0x0000,0x0000,0x0000,0x0000,
    0x0000,0x0000,0x0000,0x0000,0x0000,0x0000,0x0000,0x0000,0x0000,0x0000,0x0000,0x0000,0x0000,0x0000,0x0000,0x0000,
    0x0000,0x0000,0x0000,0x0000,0x0000,0x0000,0x0000,0x0000,0x0000,0x0000,0x0000,0x0000,0x0000,0x0000,0x0000,0x0000,
    0x0000,0x0000,0x0000,0x0000,0x0000,0x0000,0x0000,0x0000,0x0000,0x0000,0x0000,0x1082,0x1082,0x1082,0x1082,0x1082,
    0x1082,0x8cce,0x8cce,0x8cce,0x8cce,0x1082,0xf9c7,0xf9c7,0xf9c7,0xf9c7,0xf9c7,0x1082,0x8cce,0x8cce,0x8cce,0x8cce,
    0x1082,0x1082,0x1082,0x1082,0x1082,0x1082,0x0000,0x0000,0x0000,0x0000,0x0000,0x0000,0x0000,0x0000,0x0000,0x0000,
    0x0000,0x0000,0x0000,0x0000,0x0000,0x0000,0x0000,0x0000,0x0000,0x0000,0x0000,0x0000,0x0000,0x0000,0x0000,0x0000,
    0x0000,0x0000,0x0000,0x0000,0x0000,0x0000,0x0000,0x0000,0x0000,0x0000,0x0000,0x0000,0x0000,0x0000,0x0000,0x0000,
    0x0000,0x0000,0x0000,0x0000,0x0000,0x0000,0x0000,0x0000,0x0000,0x1082,0x1082,0x1082,0x1082,0x1082,0x8cce,0x8cce,
    0x8cce,0x8cce,0x8cce,0x8cce,0x8cce,0x1082,0xf9c7,0xf9c7,0xf9c7,0xf9c7,0xf9c7,0x1082,0x8cce,0x8cce,0x8cce,0x8cce,
    0x8cce,0x8cce,0x8cce,0x1082,0x1082,0x1082,0x1082,0x1082,0x0000,0x0000,0x0000,0x0000,0x0000,0x0000,0x0000,0x0000,
    0x0000,0x0000,0x0000,0x0000,0x0000,0x0000,0x0000,0x0000,0x0000,0x0000,0x0000,0x0000,0x0000,0x0000,0x0000,0x0000,
    0x0000,0x0000,0x0000,0x0000,0x0000,0x0000,0x0000,0x0000,0x0000,0x0000,0x0000,0x0000,0x0000,0x0000,0x0000,0x0000,
    0x0000,0x0000,0x0000,0x0000,0x0000,0x0000,0x0000,0x0000,0x1082,0x1082,0x1082,0x1082,0x8cce,0x8cce,0x8cce,0x8cce,
    0x8cce,0x8cce,0x8cce,0x8cce,0x8cce,0x1082,0xf9c7,0xf9c7,0xf9c7,0xf9c7,0xf9c7,0x1082,0x8cce,0x8cce,0x8cce,0x8cce,
    0x8cce,0x8cce,0x8cce,0x8cce,0x8cce,0x1082,0x1082,0x1082,0x1082,0x0000,0x0000,0x0000,0x0000,0x0000,0x0000,0x0000,
    0x0000,0x0000,0x0000,0x0000,0x0000,0x0000,0x0000,0x0000,0x0000,0x0000,0x0000,0x0000,0x0000,0x0000,0x0000,0x0000,
    0x0000,0x0000,0x0000,0x0000,0x0000,0x0000,0x0000,0x0000,0x0000,0x0000,0x0000,0x0000,0x0000,0x0000,0x0000,0x0000,
    0x0000,0x0000,0x0000,0x0000,0x0000,0x0000,0x1082,0x1082,0x1082,0x1082,0x8cce,0x8cce,0x8cce,0x8cce,0x8cce,0x8cce,
    0x8cce,0x8cce,0x8cce,0x8cce,0x8cce,0x1082,0x1082,0x1082,0x8cce,0x1082,0x1082,0x1082,0x8cce,0x8cce,0x8cce,0x8cce,
    0x8cce,0x8cce,0x8cce,0x8cce,0x8cce,0x8cce,0x8cce,0x1082,0x1082,0x1082,0x1082,0x0000,0x0000,0x0000,0x0000,0x0000,
    0x0000,0x0000,0x0000,0x0000,0x0000,0x0000,0x0000,0x0000,0x0000,0x0000,0x0000,0x0000,0x0000,0x0000,0x0000,0x0000,
    0x0000,0x0000,0x0000,0x0000,0x0000,0x0000,0x0000,0x0000,0x0000,0x0000,0x0000,0x0000,0x0000,0x0000,0x0000,0x0000,
    0x0000,0x0000,0x0000,0x0000,0x0000,0x1082,0x1082,0x1082,0x1082,0x1082,0x1082,0x1082,0x1082,0x8cce,0x8cce,0x8cce,
    0x8cce,0x8cce,0x8cce,0x8cce,0x8cce,0x8cce,0x8cce,0x8cce,0x8cce,0x8cce,0x8cce,0x8cce,0x8cce,0x8cce,0x8cce,0x8cce,
    0x8cce,0x8cce,0x8cce,0x8cce,0x1082,0x1082,0x1082,0x1082,0x1082,0x1082,0x1082,0x1082,0x0000,0x0000,0x0000,0x0000,
    0x0000,0x0000,0x0000,0x0000,0x0000,0x0000,0x0000,0x0000,0x0000,0x0000,0x0000,0x0000,0x0000,0x0000,0x0000,0x0000,
    0x0000,0x0000,0x0000,0x0000,0x0000,0x0000,0x0000,0x0000,0x0000,0x0000,0x0000,0x0000,0x0000,0x0000,0x0000,0x0000,
    0x0000,0x0000,0x0000,0x0000,0x1082,0x1082,0x1082,0x1082,0x1082,0x1082,0x1082,0x1082,0x1082,0x1082,0x8cce,0x8cce,
    0x8cce,0x8cce,0x8cce,0x8cce,0x8cce,0x8cce,0x8cce,0x8cce,0x8cce,0x8cce,0x8cce,0x8cce,0x8cce,0x8cce,0x8cce,0x8cce,
    0x8cce,0x8cce,0x8cce,0x1082,0x1082,0x1082,0x1082,0x1082,0x1082,0x1082,0x1082,0x1082,0x1082,0x0000,0x0000,0x0000,
    0x0000,0x0000,0x0000,0x0000,0x0000,0x0000,0x0000,0x0000,0x0000,0x0000,0x0000,0x0000,0x0000,0x0000,0x0000,0x0000,
    0x0000,0x0000,0x0000,0x0000,0x0000,0x0000,0x0000,0x0000,0x0000,0x0000,0x0000,0x0000,0x0000,0x0000,0x0000,0x0000,
    0x0000,0x0000,0x0000,0x1082,0x1082,0x1082,0x1082,0x1082,0x1082,0xf9c7,0x1082,0x1082,0x1082,0x1082,0x1082,0x8cce,
    0x8cce,0x8cce,0x8cce,0x8cce,0x8cce,0x8cce,0x8cce,0x8cce,0x8cce,0x8cce,0x8cce,0x8cce,0x8cce,0x8cce,0x8cce,0x8cce,
    0x8cce,0x8cce,0x1082,0x1082,0x1082,0x1082,0x1082,0xf9c7,0x1082,0x1082,0x1082,0x1082,0x1082,0x1082,0x0000,0x0000,
    0x0000,0x0000,0x0000,0x0000,0x0000,0x0000,0x0000,0x0000,0x0000,0x0000,0x0000,0x0000,0x0000,0x0000,0x0000,0x0000,
    0x0000,0x0000,0x0000,0x0000,0x0000,0x0000,0x0000,0x0000,0x0000,0x0000,0x0000,0x0000,0x0000,0x0000,0x0000,0x0000,
    0x0000,0x0000,0x1082,0x1082,0x1082,0x1082,0x1082,0xf9c7,0xf9c7,0xf9c7,0xf9c7,0xf9c7,0x1082,0x1082,0x1082,0x1082,
    0x8cce,0x8cce,0x8cce,0x8cce,0x8cce,0x8cce,0x8cce,0x8cce,0x8cce,0x8cce,0x8cce,0x8cce,0x8cce,0x8cce,0x8cce,0x8cce,
    0x8cce,0x1082,0x1082,0x1082,0x1082,0xf9c7,0xf9c7,0xf9c7,0xf9c7,0xf9c7,0x1082,0x1082,0x07ff,0x1082,0x1082,0x0000,
    0x0000,0x0000,0x0000,0x0000,0x0000,0x0000,0x0000,0x0000,0x0000,0x0000,0x0000,0x0000,0x0000,0x0000,0x0000,0x0000,
    0x0000,0x0000,0x0000,0x0000,0x0000,0x0000,0x0000,0x0000,0x0000,0x0000,0x0000,0x0000,0x0000,0x0000,0x0000,0x0000,
    0x0000,0x1082,0x1082,0x1082,0x1082,0x1082,0xf9c7,0xf9c7,0xf9c7,0xf9c7,0xf9c7,0xf9c7,0xf9c7,0x1082,0x1082,0x1082,
    0x8cce,0x8cce,0x8cce,0x8cce,0x8cce,0x8cce,0x8cce,0x8cce,0x8cce,0x8cce,0x8cce,0x8cce,0x8cce,0x8cce,0x8cce,0x8cce,
    0x8cce,0x1082,0x1082,0x1082,0xf9c7,0xf9c7,0xf9c7,0xf9c7,0xf9c7,0xf9c7,0x07ff,0x07ff,0x07ff,0x07ff,0x07ff,0x1082,
    0x0000,0x0000,0x0000,0x0000,0x0000,0x0000,0x0000,0x0000,0x0000,0x0000,0x0000,0x0000,0x0000,0x0000,0x0000,0x0000,
    0x0000,0x0000,0x0000,0x0000,0x0000,0x0000,0x0000,0x0000,0x0000,0x0000,0x0000,0x0000,0x0000,0x0000,0x0000,0x0000,
    0x1082,0x1082,0x1082,0x1082,0x1082,0x1082,0xf9c7,0xf9c7,0xf9c7,0xf9c7,0xf9c7,0xf9c7,0xf9c7,0x1082,0x1082,0x1082,
    0x8cce,0x8cce,0x8cce,0x8cce,0x8cce,0x8cce,0x8cce,0x8cce,0x8cce,0x8cce,0x8cce,0x8cce,0x8cce,0x8cce,0x8cce,0x8cce,
    0x8cce,0x1082,0x1082,0x1082,0xf9c7,0xf9c7,0xf9c7,0xf9c7,0xf9c7,0xf9c7,0x07ff,0x07ff,0x07ff,0x07ff,0x07ff,0x1082,
    0x1082,0x0000,0x0000,0x0000,0x0000,0x0000,0x0000,0x0000,0x0000,0x0000,0x0000,0x0000,0x0000,0x0000,0x0000,0x0000,
    0x0000,0x0000,0x0000,0x0000,0x0000,0x0000,0x0000,0x0000,0x0000,0x0000,0x0000,0x0000,0x0000,0x0000,0x0000,0x1082,
    0x1082,0x1082,0x1082,0x1082,0x1082,0xf9c7,0xf9c7,0xf9c7,0xf9c7,0xf9c7,0xf9c7,0xf9c7,0xf9c7,0xf9c7,0x1082,0x1082,
    0x1082,0x8cce,0x8cce,0x8cce,0x8cce,0x8cce,0x8cce,0x8cce,0x8cce,0x8cce,0x8cce,0x8cce,0x8cce,0x8cce,0x8cce,0x8cce,
    0x1082,0x1082,0x1082,0xf9c7,0xf9c7,0xf9c7,0xf9c7,0xf9c7,0xf9c7,0x07ff,0x07ff,0x07ff,0x07ff,0x07ff,0x07ff,0x07ff,
    0x1082,0x1082,0x0000,0x0000,0x0000,0x0000,0x0000,0x0000,0x0000,0x0000,0x0000,0x0000,0x0000,0x0000,0x0000,0x0000,
    0x0000,0x0000,0x0000,0x0000,0x0000,0x0000,0x0000,0x0000,0x0000,0x0000,0x0000,0x0000,0x0000,0x0000,0x0000,0x1082,
    0x1082,0x8cce,0x8cce,0x1082,0x1082,0x1082,0xf9c7,0xf9c7,0xf9c7,0xf9c7,0xf9c7,0xf9c7,0xf9c7,0x1082,0x1082,0x1082,
    0x8cce,0x8cce,0x8cce,0x8cce,0x8cce,0x8cce,0x8cce,0x8cce,0x8cce,0x8cce,0x8cce,0x8cce,0x8cce,0x8cce,0x8cce,0x8cce,
    0x8cce,0x1082,0x1082,0x1082,0xf9c7,0xf9c7,0xf9c7,0xf9c7,0xf9c7,0xf9c7,0x07ff,0x07ff,0x07ff,0x07ff,0x07ff,0x8cce,
    0x1082,0x1082,0x0000,0x0000,0x0000,0x0000,0x0000,0x0000,0x0000,0x0000,0x0000,0x0000,0x0000,0x0000,0x0000,0x0000,
    0x0000,0x0000,0x0000,0x0000,0x0000,0x0000,0x0000,0x0000,0x0000,0x0000,0x0000,0x0000,0x0000,0x0000,0x1082,0x1082,
    0x8cce,0x8cce,0x8cce,0x1082,0x1082,0x1082,0xf9c7,0xf9c7,0xf9c7,0xf9c7,0xf9c7,0xf9c7,0xf9c7,0x1082,0x1082,0x1082,
    0x8cce,0x8cce,0x8cce,0x8cce,0x8cce,0x8cce,0x8cce,0x8cce,0x8cce,0x8cce,0x8cce,0x8cce,0x8cce,0x8cce,0x8cce,0x8cce,
    0x8cce,0x1082,0x1082,0x1082,0xf9c7,0xf9c7,0xf9c7,0xf9c7,0xf9c7,0xf9c7,0x07ff,0x07ff,0x07ff,0x07ff,0x07ff,0x8cce,
    0x8cce,0x1082,0x1082,0x0000,0x0000,0x0000,0x0000,0x0000,0x0000,0x0000,0x0000,0x0000,0x0000,0x0000,0x0000,0x0000,
    0x0000,0x0000,0x0000,0x0000,0x0000,0x0000,0x0000,0x0000,0x0000,0x0000,0x0000,0x0000,0x0000,0x1082,0x1082,0x1082,
    0x8cce,0x8cce,0x8cce,0x1082,0x1082,0x1082,0x1082,0xf9c7,0xf9c7,0xf9c7,0xf9c7,0xf9c7,0x1082,0x1082,0x1082,0x1082,
    0x8cce,0x8cce,0x8cce,0x8cce,0x8cce,0x8cce,0x8cce,0x8cce,0x8cce,0x8cce,0x8cce,0x8cce,0x8cce,0x8cce,0x8cce,0x8cce,
    0x8cce,0x1082,0x1082,0x1082,0x1082,0xf9c7,0xf9c7,0xf9c7,0xf9c7,0xf9c7,0x1082,0x1082,0x07ff,0x1082,0x8cce,0x8cce,
    0x8cce,0x1082,0x1082,0x1082,0x0000,0x0000,0x0000,0x0000,0x0000,0x0000,0x0000,0x0000,0x0000,0x0000,0x0000,0x0000,
    0x0000,0x0000,0x0000,0x0000,0x0000,0x0000,0x0000,0x0000,0x0000,0x0000,0x0000,0x0000,0x0000,0x1082,0x1082,0x8cce,
    0x8cce,0x8cce,0x8cce,0x8cce,0x1082,0x1082,0x1082,0x1082,0x1082,0xf9c7,0x1082,0x1082,0x1082,0x1082,0x1082,0x8cce,
    0x8cce,0x8cce,0x8cce,0x8cce,0x8cce,0x8cce,0x8cce,0x8cce,0x8cce,0x8cce,0x8cce,0x8cce,0x8cce,0x8cce,0x8cce,0x8cce,
    0x8cce,0x8cce,0x1082,0x1082,0x1082,0x1082,0x1082,0xf9c7,0x1082,0x1082,0x1082,0x1082,0x07ff,0x8cce,0x8cce,0x8cce,
    0x8cce,0x8cce,0x1082,0x1082,0x0000,0x0000,0x0000,0x0000,0x0000,0x0000,0x0000,0x0000,0x0000,0x0000,0x0000,0x0000,
    0x0000,0x0000,0x0000,0x0000,0x0000,0x0000,0x0000,0x0000,0x0000,0x0000,0x0000,0x0000,0x1082,0x1082,0x1082,0x8cce,
    0x8cce,0x8cce,0x8cce,0x8cce,0x8cce,0x0000,0x0000,0x0000,0x0000,0x1082,0x1082,0x1082,0x1082,0x1082,0x8cce,0x8cce,
    0x8cce,0x8cce,0x8cce,0x8cce,0x8cce,0x8cce,0x8cce,0x8cce,0x8cce,0x8cce,0x8cce,0x8cce,0x8cce,0x8cce,0x8cce,0x8cce,
    0x8cce,0x8cce,0x8cce,0x1082,0x1082,0x1082,0x1082,0x1082,0x0000,0x0000,0x0000,0x07ff,0x8cce,0x07ff,0x8cce,0x8cce,
    0x8cce,0x8cce,0x1082,0x1082,0x1082,0x0000,0x0000,0x0000,0x0000,0x0000,0x0000,0x0000,0x0000,0x0000,0x0000,0x0000,
    0x0000,0x0000,0x0000,0x0000,0x0000,0x0000,0x0000,0x0000,0x0000,0x0000,0x0000,0x0000,0x1082,0x1082,0x8cce,0x8cce,
    0x8cce,0x8cce,0x8cce,0x8cce,0x8cce,0x0000,0x0000,0x0000,0x0000,0x0000,0x0000,0x0000,0x1082,0x8cce,0x8cce,0x8cce,
    0x8cce,0x8cce,0x8cce,0x8cce,0x8cce,0x8cce,0x8cce,0x8cce,0x8cce,0x8cce,0x8cce,0x8cce,0x8cce,0x8cce,0x8cce,0x8cce,
    0x8cce,0x8cce,0x8cce,0x8cce,0x1082,0x0000,0x0000,0x0000,0x0000,0x0000,0x0000,0x0000,0x8cce,0x8cce,0x8cce,0x8cce,
    0x8cce,0x8cce,0x8cce,0x1082,0x1082,0x0000,0x0000,0x0000,0x0000,0x0000,0x0000,0x0000,0x0000,0x0000,0x0000,0x0000,
    0x0000,0x0000,0x0000,0x0000,0x0000,0x0000,0x0000,0x0000,0x0000,0x0000,0x0000,0x0000,0x1082,0x1082,0x8cce,0x8cce,
    0x8cce,0x8cce,0x8cce,0x8cce,0x8cce,0x0000,0x0000,0x0000,0x0000,0x0000,0x0000,0x0000,0x0000,0x0000,0x8cce,0x8cce,
    0x8cce,0x8cce,0x8cce,0x8cce,0x8cce,0x8cce,0x8cce,0x8cce,0x8cce,0x8cce,0x8cce,0x8cce,0x8cce,0x8cce,0x8cce,0x8cce,
    0x8cce,0x8cce,0x8cce,0x0000,0x0000,0x0000,0x0000,0x0000,0x0000,0x0000,0x0000,0x0000,0x8cce,0x8cce,0x8cce,0x8cce,
    0x8cce,0x8cce,0x8cce,0x1082,0x1082,0x0000,0x0000,0x0000,0x0000,0x0000,0x0000,0x0000,0x0000,0x0000,0x0000,0x0000,
    0x0000,0x0000,0x0000,0x0000,0x0000,0x0000,0x0000,0x0000,0x0000,0x0000,0x0000,0x1082,0x1082,0x8cce,0x8cce,0x8cce,
    0x8cce,0x8cce,0x8cce,0x8cce,0x8cce,0x8cce,0x8cce,0x0000,0x0000,0x0000,0x0000,0x0000,0x0000,0x0000,0x0000,0x0000,
    0x0000,0x8cce,0x8cce,0x8cce,0x8cce,0x8cce,0x8cce,0x8cce,0x8cce,0x8cce,0x8cce,0x8cce,0x8cce,0x8cce,0x8cce,0x8cce,
    0x0000,0x0000,0x0000,0x0000,0x0000,0x0000,0x0000,0x0000,0x0000,0x0000,0x8cce,0x8cce,0x8cce,0x8cce,0x8cce,0x8cce,
    0x8cce,0x8cce,0x8cce,0x8cce,0x1082,0x1082,0x0000,0x0000,0x0000,0x0000,0x0000,0x0000,0x0000,0x0000,0x0000,0x0000,
    0x0000,0x0000,0x0000,0x0000,0x0000,0x0000,0x0000,0x0000,0x0000,0x0000,0x0000,0x1082,0x1082,0x8cce,0x8cce,0x8cce,
    0x8cce,0x8cce,0x8cce,0x8cce,0x8cce,0x8cce,0x8cce,0x8cce,0x8cce,0x8cce,0x0000,0x0000,0x0000,0x0000,0x0000,0x0000,
    0x0000,0x0000,0x0000,0x8cce,0x8cce,0x8cce,0x8cce,0x8cce,0x8cce,0x8cce,0x8cce,0x8cce,0x8cce,0x8cce,0x0000,0x0000,
    0x0000,0x0000,0x0000,0x0000,0x0000,0x0000,0x0000,0x8cce,0x8cce,0x8cce,0x8cce,0x8cce,0x8cce,0x8cce,0x8cce,0x8cce,
    0x8cce,0x8cce,0x8cce,0x8cce,0x1082,0x1082,0x0000,0x0000,0x0000,0x0000,0x0000,0x0000,0x0000,0x0000,0x0000,0x0000,
    0x0000,0x0000,0x0000,0x0000,0x0000,0x0000,0x0000,0x0000,0x0000,0x0000,0x0000,0x1082,0x1082,0x8cce,0x8cce,0x8cce,
    0x8cce,0x8cce,0x8cce,0x8cce,0x8cce,0x8cce,0x8cce,0x8cce,0x8cce,0x8cce,0x8cce,0x8cce,0x0000,0x0000,0x0000,0x0000,
    0x0000,0x0000,0x0000,0x8cce,0x8cce,0x8cce,0x8cce,0x8cce,0x8cce,0x8cce,0x8cce,0x8cce,0x8cce,0x8cce,0x0000,0x0000,
    0x0000,0x0000,0x0000,0x0000,0x0000,0x8cce,0x8cce,0x8cce,0x8cce,0x8cce,0x8cce,0x8cce,0x8cce,0x8cce,0x8cce,0x8cce,
    0x8cce,0x8cce,0x8cce,0x8cce,0x1082,0x1082,0x0000,0x0000,0x0000,0x0000,0x0000,0x0000,0x0000,0x0000,0x0000,0x0000,
    0x0000,0x0000,0x0000,0x0000,0x0000,0x0000,0x0000,0x0000,0x0000,0x0000,0x1082,0x1082,0x8cce,0x8cce,0x8cce,0x8cce,
    0x8cce,0x8cce,0x8cce,0x8cce,0x8cce,0x8cce,0x8cce,0x8cce,0x8cce,0x8cce,0x8cce,0x8cce,0x8cce,0x8cce,0x8cce,0x0000,
    0x0000,0x0000,0x0000,0x8cce,0x8cce,0x8cce,0x8cce,0x8cce,0x8cce,0x8cce,0x8cce,0x8cce,0x8cce,0x8cce,0x0000,0x0000,
    0x0000,0x0000,0x8cce,0x8cce,0x8cce,0x8cce,0x8cce,0x8cce,0x8cce,0x8cce,0x8cce,0x8cce,0x8cce,0x8cce,0x8cce,0x8cce,
    0x8cce,0x8cce,0x8cce,0x8cce,0x8cce,0x1082,0x1082,0x0000,0x0000,0x0000,0x0000,0x0000,0x0000,0x0000,0x0000,0x0000,
    0x0000,0x0000,0x0000,0x0000,0x0000,0x0000,0x0000,0x0000,0x0000,0x0000,0x1082,0x1082,0x8cce,0x8cce,0x8cce,0x8cce,
    0x8cce,0x8cce,0x8cce,0x8cce,0x8cce,0x8cce,0x8cce,0x8cce,0x8cce,0x8cce,0x8cce,0x8cce,0x8cce,0x8cce,0x8cce,0x8cce,
    0x8cce,0x8cce,0x8cce,0x8cce,0x8cce,0x8cce,0x8cce,0x8cce,0x8cce,0x8cce,0x8cce,0x8cce,0x8cce,0x8cce,0x8cce,0x8cce,
    0x8cce,0x8cce,0x8cce,0x8cce,0x8cce,0x8cce,0x8cce,0x8cce,0x8cce,0x8cce,0x8cce,0x8cce,0x8cce,0x8cce,0x8cce,0x8cce,
    0x8cce,0x8cce,0x8cce,0x8cce,0x8cce,0x1082,0x1082,0x0000,0x0000,0x0000,0x0000,0x0000,0x0000,0x0000,0x0000,0x0000,
    0x0000,0x0000,0x0000,0x0000,0x0000,0x0000,0x0000,0x0000,0x0000,0x0000,0x1082,0x1082,0x8cce,0x8cce,0x8cce,0x8cce,
    0x8cce,0x8cce,0x8cce,0x8cce,0x8cce,0x8cce,0x8cce,0x8cce,0x0000,0x0000,0x0000,0x0000,0x0000,0x0000,0x0000,0x0000,
    0x0000,0x0000,0x0000,0x8cce,0x8cce,0x8cce,0x8cce,0x8cce,0x8cce,0x8cce,0x8cce,0x8cce,0x8cce,0x8cce,0x0000,0x0000,
    0x0000,0x0000,0x0000,0x0000,0x0000,0x0000,0x0000,0x0000,0x0000,0x8cce,0x8cce,0x8cce,0x8cce,0x8cce,0x8cce,0x8cce,
    0x8cce,0x8cce,0x8cce,0x8cce,0x8cce,0x1082,0x1082,0x0000,0x0000,0x0000,0x0000,0x0000,0x0000,0x0000,0x0000,0x0000,
    0x0000,0x0000,0x0000,0x0000,0x0000,0x0000,0x0000,0x0000,0x0000,0x0000,0x1082,0x1082,0x8cce,0x8cce,0x8cce,0x8cce,
    0x8cce,0x8cce,0x8cce,0x8cce,0x8cce,0x8cce,0x8cce,0x8cce,0x0000,0x0000,0x0000,0x0000,0x0000,0x0000,0x0000,0x0000,
    0x0000,0x0000,0x0000,0x8cce,0x8cce,0x8cce,0x8cce,0x8cce,0x8cce,0x8cce,0x8cce,0x8cce,0x8cce,0x8cce,0x0000,0x0000,
    0x0000,0x0000,0x0000,0x0000,0x0000,0x0000,0x0000,0x0000,0x0000,0x8cce,0x8cce,0x8cce,0x8cce,0x8cce,0x8cce,0x8cce,
    0x8cce,0x8cce,0x8cce,0x8cce,0x8cce,0x1082,0x1082,0x0000,0x0000,0x0000,0x0000,0x0000,0x0000,0x0000,0x0000,0x0000,
    0x0000,0x0000,0x0000,0x0000,0x0000,0x0000,0x0000,0x0000,0x0000,0x0000,0x1082,0x1082,0x8cce,0x8cce,0x8cce,0x8cce,
    0x8cce,0x8cce,0x8cce,0x8cce,0x8cce,0x8cce,0x8cce,0x8cce,0x0000,0x0000,0x0000,0x0000,0x0000,0x0000,0x0000,0x0000,
    0x0000,0x0000,0x0000,0x8cce,0x8cce,0x8cce,0x8cce,0x8cce,0x8cce,0x8cce,0x8cce,0x8cce,0x8cce,0x8cce,0x0000,0x0000,
    0x0000,0x0000,0x0000,0x0000,0x0000,0x0000,0x0000,0x0000,0x0000,0x8cce,0x8cce,0x8cce,0x8cce,0x8cce,0x8cce,0x8cce,
    0x8cce,0x8cce,0x8cce,0x8cce,0x8cce,0x1082,0x1082,0x0000,0x0000,0x0000,0x0000,0x0000,0x0000,0x0000,0x0000,0x0000,
    0x0000,0x0000,0x0000,0x0000,0x0000,0x0000,0x0000,0x0000,0x0000,0x0000,0x1082,0x1082,0x8cce,0x8cce,0x8cce,0x8cce,
    0x8cce,0x8cce,0x8cce,0x8cce,0x8cce,0x8cce,0x8cce,0x8cce,0x8cce,0x8cce,0x8cce,0x8cce,0x8cce,0x8cce,0x8cce,0x8cce,
    0x8cce,0x8cce,0x8cce,0x8cce,0x8cce,0x8cce,0x8cce,0x8cce,0x8cce,0x8cce,0x8cce,0x8cce,0x8cce,0x8cce,0x8cce,0x8cce,
    0x8cce,0x8cce,0x8cce,0x8cce,0x8cce,0x8cce,0x8cce,0x8cce,0x8cce,0x8cce,0x8cce,0x8cce,0x8cce,0x8cce,0x8cce,0x8cce,
    0x8cce,0x8cce,0x8cce,0x8cce,0x8cce,0x1082,0x1082,0x0000,0x0000,0x0000,0x0000,0x0000,0x0000,0x0000,0x0000,0x0000,
    0x0000,0x0000,0x0000,0x0000,0x0000,0x0000,0x0000,0x0000,0x0000,0x0000,0x1082,0x1082,0x8cce,0x8cce,0x8cce,0x8cce,
    0x8cce,0x8cce,0x8cce,0x8cce,0x8cce,0x8cce,0x8cce,0x8cce,0x8cce,0x8cce,0x8cce,0x8cce,0x8cce,0x8cce,0x8cce,0x8cce,
    0x8cce,0x8cce,0x8cce,0x8cce,0x8cce,0x8cce,0x8cce,0x8cce,0x8cce,0x8cce,0x8cce,0x8cce,0x8cce,0x8cce,0x8cce,0x8cce,
    0x8cce,0x8cce,0x8cce,0x8cce,0x8cce,0x8cce,0x8cce,0x8cce,0x8cce,0x8cce,0x8cce,0x8cce,0x8cce,0x8cce,0x8cce,0x8cce,
    0x8cce,0x8cce,0x8cce,0x8cce,0x8cce,0x1082,0x1082,0x0000,0x0000,0x0000,0x0000,0x0000,0x0000,0x0000,0x0000,0x0000,
    0x0000,0x0000,0x0000,0x0000,0x0000,0x0000,0x0000,0x0000,0x0000,0x1082,0x1082,0x8cce,0x8cce,0x8cce,0x8cce,0x8cce,
    0x8cce,0x8cce,0x8cce,0x8cce,0x8cce,0x8cce,0x8cce,0x8cce,0x8cce,0x8cce,0x8cce,0x8cce,0x8cce,0x8cce,0x8cce,0x8cce,
    0x8cce,0x8cce,0x8cce,0x8cce,0x8cce,0x8cce,0x8cce,0x8cce,0x8cce,0x8cce,0x8cce,0x8cce,0x8cce,0x8cce,0x8cce,0x8cce,
    0x8cce,0x8cce,0x8cce,0x8cce,0x8cce,0x8cce,0x8cce,0x8cce,0x8cce,0x8cce,0x8cce,0x8cce,0x8cce,0x8cce,0x8cce,0x8cce,
    0x8cce,0x8cce,0x8cce,0x8cce,0x8cce,0x8cce,0x1082,0x1082,0x0000,0x0000,0x0000,0x0000,0x0000,0x0000,0x0000,0x0000,
    0x0000,0x0000,0x0000,0x0000,0x0000,0x0000,0x0000,0x0000,0x0000,0x0000,0x1082,0x1082,0x8cce,0x8cce,0x8cce,0x8cce,
    0x8cce,0x8cce,0x8cce,0x8cce,0x8cce,0x8cce,0x8cce,0x8cce,0x8cce,0x8cce,0x8cce,0x8cce,0x8cce,0x8cce,0x8cce,0x8cce,
    0x8cce,0x8cce,0x8cce,0x8cce,0x8cce,0x8cce,0x8cce,0x8cce,0x8cce,0x8cce,0x8cce,0x8cce,0x8cce,0x8cce,0x8cce,0x8cce,
    0x8cce,0x8cce,0x8cce,0x8cce,0x8cce,0x8cce,0x8cce,0x8cce,0x8cce,0x8cce,0x8cce,0x8cce,0x8cce,0x8cce,0x8cce,0x8cce,
    0x8cce,0x8cce,0x8cce,0x8cce,0x8cce,0x1082,0x1082,0x0000,0x0000,0x0000,0x0000,0x0000,0x0000,0x0000,0x0000,0x0000,
    0x0000,0x0000,0x0000,0x0000,0x0000,0x0000,0x0000,0x0000,0x0000,0x0000,0x1082,0x1082,0x8cce,0x8cce,0x8cce,0x8cce,
    0x8cce,0x8cce,0x8cce,0x8cce,0x8cce,0x8cce,0x8cce,0x8cce,0x8cce,0x8cce,0x8cce,0x8cce,0x8cce,0x8cce,0x8cce,0x8cce,
    0x8cce,0x8cce,0x8cce,0x8cce,0x8cce,0x8cce,0x8cce,0x8cce,0x1082,0x8cce,0x8cce,0x8cce,0x8cce,0x8cce,0x8cce,0x8cce,
    0x8cce,0x8cce,0x8cce,0x8cce,0x8cce,0x8cce,0x8cce,0x8cce,0x8cce,0x8cce,0x8cce,0x8cce,0x8cce,0x8cce,0x8cce,0x8cce,
    0x8cce,0x8cce,0x8cce,0x8cce,0x8cce,0x1082,0x1082,0x1082,0x0000,0x0000,0x0000,0x0000,0x0000,0x0000,0x0000,0x0000,
    0x0000,0x0000,0x0000,0x0000,0x0000,0x0000,0x0000,0x0000,0x0000,0x0000,0x1082,0x1082,0x8cce,0x8cce,0x8cce,0x8cce,
    0x8cce,0x8cce,0x8cce,0x8cce,0x8cce,0x8cce,0x8cce,0x8cce,0x8cce,0x8cce,0x8cce,0x8cce,0x8cce,0x8cce,0x8cce,0x8cce,
    0x8cce,0x8cce,0x8cce,0x1082,0x1082,0x1082,0x1082,0x1082,0x1082,0x1082,0x1082,0x1082,0x1082,0x1082,0x8cce,0x8cce,
    0x8cce,0x8cce,0x8cce,0x8cce,0x8cce,0x8cce,0x8cce,0x8cce,0x8cce,0x8cce,0x8cce,0x8cce,0x8cce,0x8cce,0x8cce,0x8cce,
    0x8cce,0x8cce,0x8cce,0x8cce,0x8cce,0x1082,0x1082,0x1082,0x1082,0x1082,0x0000,0x0000,0x0000,0x0000,0x0000,0x0000,
    0x0000,0x0000,0x0000,0x0000,0x0000,0x0000,0x0000,0x0000,0x0000,0x0000,0x1082,0x1082,0x8cce,0x8cce,0x1082,0x1082,
    0x1082,0x8cce,0x8cce,0x8cce,0x8cce,0x8cce,0x8cce,0x8cce,0x8cce,0x8cce,0x8cce,0x8cce,0x8cce,0x8cce,0x8cce,0x8cce,
    0x1082,0x1082,0x1082,0x1082,0x1082,0x1082,0x1082,0x1082,0xff34,0x1082,0x1082,0x1082,0x1082,0x1082,0x1082,0x1082,
    0x1082,0x8cce,0x8cce,0x8cce,0x8cce,0x8cce,0x8cce,0x8cce,0x8cce,0x8cce,0x8cce,0x8cce,0x8cce,0x8cce,0x8cce,0x8cce,
    0x1082,0x1082,0x1082,0x8cce,0x8cce,0x1082,0x1082,0x1082,0x1082,0x1082,0x1082,0x1082,0x0000,0x0000,0x0000,0x0000,
    0x0000,0x0000,0x0000,0x0000,0x0000,0x0000,0x0000,0x0000,0x0000,0x0000,0x1082,0x1082,0x8cce,0x1082,0x1082,0x1082,
    0x1082,0x8cce,0x8cce,0x8cce,0x8cce,0x8cce,0x8cce,0x8cce,0x8cce,0x8cce,0x8cce,0x8cce,0x8cce,0x8cce,0x8cce,0x1082,
    0x1082,0x1082,0x1082,0xff34,0xff34,0xff34,0xff34,0xff34,0xff34,0xff34,0xff34,0xff34,0xff34,0xff34,0x1082,0x1082,
    0x1082,0x1082,0x8cce,0x8cce,0x8cce,0x8cce,0x8cce,0x8cce,0x8cce,0x8cce,0x8cce,0x8cce,0x8cce,0x8cce,0x8cce,0x8cce,
    0x1082,0x1082,0x1082,0x1082,0x8cce,0x1082,0x1082,0xf9c7,0x1082,0x1082,0x1082,0x1082,0x0000,0x0000,0x0000,0x0000,
    0x0000,0x0000,0x0000,0x0000,0x0000,0x0000,0x0000,0x0000,0x0000,0x0000,0x1082,0x1082,0x1082,0x1082,0x1082,0x1082,
    0x1082,0x8cce,0x8cce,0x8cce,0x8cce,0x8cce,0x8cce,0x8cce,0x8cce,0x8cce,0x8cce,0x8cce,0x8cce,0x1082,0x1082,0x1082,
    0x1082,0xff34,0xff34,0xff34,0xff34,0xff34,0xff34,0xff34,0xff34,0xff34,0xff34,0xff34,0xff34,0xff34,0xff34,0xff34,
    0x1082,0x1082,0x1082,0x1082,0x8cce,0x8cce,0x8cce,0x8cce,0x8cce,0x8cce,0x8cce,0x8cce,0x8cce,0x8cce,0x8cce,0x8cce,
    0x1082,0x1082,0x1082,0x1082,0x1082,0x1082,0x1082,0xf9c7,0xf9c7,0x1082,0x1082,0x1082,0x1082,0x0000,0x0000,0x0000,
    0x0000,0x0000,0x0000,0x0000,0x0000,0x0000,0x0000,0x0000,0x0000,0x0000,0x1082,0x1082,0x1082,0x1082,0x1082,0x1082,
    0x8cce,0x8cce,0x8cce,0x8cce,0x8cce,0x8cce,0x8cce,0x8cce,0x8cce,0x8cce,0x8cce,0x8cce,0x1082,0x1082,0x1082,0x1082,
    0xff34,0xff34,0xff34,0xff34,0x0000,0x0000,0x0000,0x0000,0x0000,0x0000,0x0000,0x0000,0x0000,0xff34,0xff34,0xff34,
    0xff34,0x1082,0x1082,0x1082,0x1082,0x8cce,0x8cce,0x8cce,0x8cce,0x8cce,0x8cce,0x8cce,0x8cce,0x8cce,0x8cce,0x8cce,
    0x8cce,0x1082,0x1082,0x1082,0x1082,0x1082,0x1082,0xf9c7,0xf9c7,0x1082,0x1082,0x1082,0x1082,0x0000,0x0000,0x0000,
    0x0000,0x0000,0x0000,0x0000,0x0000,0x0000,0x0000,0x0000,0x0000,0x0000,0x1082,0x1082,0x1082,0x1082,0x1082,0x8cce,
    0x8cce,0x8cce,0x8cce,0x8cce,0x8cce,0x8cce,0x8cce,0x8cce,0x8cce,0x8cce,0x8cce,0x8cce,0x1082,0x1082,0x1082,0xff34,
    0xff34,0xff34,0x0000,0x0000,0x0000,0x0000,0x0000,0x0000,0x0000,0x0000,0x0000,0x0000,0x0000,0x0000,0x0000,0xff34,
    0xff34,0xff34,0x1082,0x1082,0x1082,0x8cce,0x8cce,0x8cce,0x8cce,0x8cce,0x8cce,0x8cce,0x8cce,0x8cce,0x8cce,0x8cce,
    0x8cce,0x8cce,0x1082,0x1082,0x1082,0x1082,0x1082,0xf9c7,0xf9c7,0xf9c7,0x1082,0x1082,0x1082,0x1082,0x0000,0x0000,
    0x0000,0x0000,0x0000,0x0000,0x0000,0x0000,0x0000,0x0000,0x0000,0x1082,0xf9c7,0x1082,0x1082,0x1082,0x8cce,0x8cce,
    0x8cce,0x8cce,0x8cce,0x8cce,0x8cce,0x8cce,0x8cce,0x8cce,0x8cce,0x8cce,0x8cce,0x1082,0x1082,0x1082,0xff34,0xff34,
    0xff34,0x0000,0x0000,0x0000,0x0000,0x0000,0x0000,0x0000,0x0000,0x0000,0x0000,0x0000,0x0000,0x0000,0x0000,0x0000,
    0xff34,0xff34,0xff34,0x1082,0x1082,0x1082,0x8cce,0x8cce,0x8cce,0x8cce,0x8cce,0x8cce,0x8cce,0x8cce,0x8cce,0x8cce,
    0x8cce,0x8cce,0x8cce,0x1082,0x1082,0x1082,0xf9c7,0x1082,0xf9c7,0x1082,0x1082,0x1082,0x1082,0x0000,0x0000,0x0000,
    0x0000,0x0000,0x0000,0x0000,0x0000,0x0000,0x0000,0x0000,0xf9c7,0xf9c7,0xf9c7,0xf9c7,0xf9c7,0x8cce,0x8cce,0x8cce,
    0x8cce,0x8cce,0x8cce,0x8cce,0x8cce,0x8cce,0x8cce,0x8cce,0x8cce,0x8cce,0x1082,0x1082,0x1082,0xff34,0xff34,0xff34,
    0x0000,0x0000,0x0000,0x0000,0x0000,0x0000,0x0000,0xff34,0xff34,0xff34,0x0000,0x0000,0x0000,0x0000,0x0000,0x0000,
    0x0000,0xff34,0xff34,0xff34,0x1082,0x1082,0x1082,0x8cce,0x8cce,0x8cce,0x8cce,0x8cce,0x8cce,0x8cce,0x8cce,0x8cce,
    0x8cce,0x8cce,0x8cce,0x8cce,0xf9c7,0xf9c7,0xf9c7,0xf9c7,0xf9c7,0x1082,0x1082,0x1082,0x1082,0x0000,0x0000,0x0000,
    0x0000,0x0000,0x0000,0x0000,0x0000,0x0000,0x0000,0x0000,0xf9c7,0xf9c7,0xf9c7,0xf9c7,0xf9c7,0x1082,0x8cce,0x8cce,
    0x8cce,0x8cce,0x8cce,0x8cce,0x8cce,0x8cce,0x8cce,0x8cce,0x8cce,0x8cce,0x1082,0x1082,0x1082,0xff34,0xff34,0xff34,
    0x0000,0x0000,0x0000,0x0000,0x0000,0xff34,0xff34,0xff34,0xff34,0xff34,0xff34,0xff34,0x0000,0x0000,0x0000,0x0000,
    0x0000,0xff34,0xff34,0xff34,0x1082,0x1082,0x1082,0x8cce,0x8cce,0x8cce,0x8cce,0x8cce,0x8cce,0x8cce,0x8cce,0x8cce,
    0x8cce,0x8cce,0x8cce,0x1082,0xf9c7,0xf9c7,0xf9c7,0xf9c7,0xf9c7,0x1082,0x1082,0x1082,0x0000,0x0000,0x0000,0x0000,
    0x0000,0x0000,0x0000,0x0000,0x0000,0x0000,0x0000,0xf9c7,0xf9c7,0xf9c7,0xf9c7,0xf9c7,0xf9c7,0xf9c7,0x8cce,0x8cce,
    0x8cce,0x8cce,0x8cce,0x8cce,0x8cce,0x8cce,0x8cce,0x8cce,0x8cce,0x8cce,0x1082,0x1082,0x1082,0xff34,0xff34,0x0000,
    0x0000,0x0000,0x0000,0x0000,0xff34,0xff34,0xff34,0xff34,0xff34,0xff34,0xff34,0xff34,0xff34,0x0000,0x0000,0x0000,
    0x0000,0x0000,0xff34,0xff34,0x1082,0x1082,0x1082,0x8cce,0x8cce,0x8cce,0x8cce,0x8cce,0x8cce,0x8cce,0x8cce,0x8cce,
    0x8cce,0x8cce,0x8cce,0xf9c7,0xf9c7,0xf9c7,0xf9c7,0xf9c7,0xf9c7,0xf9c7,0x1082,0x1082,0x0000,0x0000,0x0000,0x0000,
    0x0000,0x0000,0x0000,0x0000,0x0000,0x0000,0x0000,0x0000,0xf9c7,0xf9c7,0xf9c7,0xf9c7,0xf9c7,0x1082,0x1082,0x8cce,
    0x8cce,0x8cce,0x8cce,0x8cce,0x8cce,0x8cce,0x8cce,0x8cce,0x8cce,0x8cce,0x1082,0x1082,0xff34,0xff34,0xff34,0x0000,
    0x0000,0x0000,0x0000,0xff34,0xff34,0xff34,0xff34,0xff34,0xff34,0xff34,0xff34,0xff34,0xff34,0xff34,0x0000,0x0000,
    0x0000,0x0000,0xff34,0xff34,0xff34,0x1082,0x1082,0x8cce,0x8cce,0x8cce,0x8cce,0x8cce,0x8cce,0x8cce,0x8cce,0x8cce,
    0x8cce,0x8cce,0x1082,0x1082,0xf9c7,0xf9c7,0xf9c7,0xf9c7,0xf9c7,0x1082,0x0000,0x0000,0x0000,0x0000,0x0000,0x0000,
    0x0000,0x0000,0x0000,0x0000,0x0000,0x0000,0x0000,0x0000,0xf9c7,0xf9c7,0xf9c7,0xf9c7,0xf9c7,0x1082,0x1082,0x8cce,
    0x8cce,0x8cce,0x8cce,0x8cce,0x8cce,0x8cce,0x8cce,0x8cce,0x8cce,0x1082,0x1082,0x1082,0x1082,0xff34,0xff34,0x0000,
    0x0000,0x0000,0x0000,0xff34,0xff34,0xff34,0xff34,0xff34,0xff34,0xff34,0xff34,0xff34,0xff34,0xff34,0x0000,0x0000,
    0x0000,0x0000,0xff34,0xff34,0x1082,0x1082,0x1082,0x1082,0x8cce,0x8cce,0x8cce,0x8cce,0x8cce,0x8cce,0x8cce,0x8cce,
    0x8cce,0x8cce,0x1082,0x1082,0xf9c7,0xf9c7,0xf9c7,0xf9c7,0xf9c7,0x0000,0x0000,0x0000,0x0000,0x0000,0x0000,0x0000,
    0x0000,0x0000,0x0000,0x0000,0x0000,0x0000,0x0000,0x0000,0x0000,0x0000,0xf9c7,0x0000,0x0000,0x1082,0x1082,0x1082,
    0x8cce,0x8cce,0x8cce,0x8cce,0x8cce,0x8cce,0x8cce,0x8cce,0x8cce,0x8cce,0x1082,0x1082,0x1082,0xff34,0xff34,0xff34,
    0xff34,0xff34,0xff34,0xff34,0xff34,0xff34,0xff34,0xff34,0xff34,0xff34,0xff34,0xff34,0xff34,0xff34,0xff34,0xff34,
    0xff34,0xff34,0xff34,0xff34,0x1082,0x1082,0x1082,0x8cce,0x8cce,0x8cce,0x8cce,0x8cce,0x8cce,0x8cce,0x8cce,0x8cce,
    0x8cce,0x1082,0x1082,0x1082,0x0000,0x0000,0xf9c7,0x0000,0x0000,0x0000,0x0000,0x0000,0x0000,0x0000,0x0000,0x0000,
    0x0000,0x0000,0x0000,0x0000,0x0000,0x0000,0x0000,0x0000,0x0000,0x0000,0x0000,0x0000,0x0000,0x0000,0x1082,0x1082,
    0x8cce,0x8cce,0x8cce,0x8cce,0x8cce,0x8cce,0x8cce,0x8cce,0x8cce,0x8cce,0x1082,0x1082,0x1082,0xff34,0xff34,0xff34,
    0xff34,0xff34,0xff34,0xff34,0xff34,0xff34,0xff34,0xff34,0xff34,0xff34,0xff34,0xff34,0xff34,0xff34,0xff34,0xff34,
    0xff34,0xff34,0xff34,0xff34,0x1082,0x1082,0x1082,0x8cce,0x8cce,0x8cce,0x8cce,0x8cce,0x8cce,0x8cce,0x8cce,0x8cce,
    0x8cce,0x1082,0x1082,0x0000,0x0000,0x0000,0x0000,0x0000,0x0000,0x0000,0x0000,0x0000,0x0000,0x0000,0x0000,0x0000,
    0x0000,0x0000,0x0000,0x0000,0x0000,0x0000,0x0000,0x0000,0x0000,0x0000,0x0000,0x0000,0x0000,0x0000,0x0000,0x1082,
    0x1082,0x8cce,0x8cce,0x8cce,0x8cce,0x8cce,0x8cce,0x8cce,0x8cce,0x8cce,0x1082,0x1082,0x1082,0x1082,0xff34,0xff34,
    0xff34,0xff34,0xff34,0xff34,0xff34,0xff34,0xff34,0xff34,0xff34,0xff34,0xff34,0xff34,0xff34,0xff34,0xff34,0xff34,
    0xff34,0xff34,0xff34,0x1082,0x1082,0x1082,0x1082,0x8cce,0x8cce,0x8cce,0x8cce,0x8cce,0x8cce,0x8cce,0x8cce,0x8cce,
    0x1082,0x1082,0x0000,0x0000,0x0000,0x0000,0x0000,0x0000,0x0000,0x0000,0x0000,0x0000,0x0000,0x0000,0x0000,0x0000,
    0x0000,0x0000,0x0000,0x0000,0x0000,0x0000,0x0000,0x0000,0x0000,0x0000,0x0000,0x0000,0x0000,0x0000,0x0000,0x1082,
    0x1082,0x1082,0x8cce,0x8cce,0x8cce,0x8cce,0x8cce,0x8cce,0x8cce,0x8cce,0x1082,0x1082,0x1082,0x1082,0x1082,0xff34,
    0xff34,0xff34,0xff34,0xff34,0xff34,0xff34,0xff34,0xff34,0xff34,0xff34,0xff34,0xff34,0xff34,0xff34,0xff34,0xff34,
    0xff34,0xff34,0x1082,0x1082,0x1082,0x1082,0x1082,0x8cce,0x8cce,0x8cce,0x8cce,0x8cce,0x8cce,0x8cce,0x8cce,0x1082,
    0x1082,0x1082,0x0000,0x0000,0x0000,0x0000,0x0000,0x0000,0x0000,0x0000,0x0000,0x0000,0x0000,0x0000,0x0000,0x0000,
    0x0000,0x0000,0x0000,0x0000,0x0000,0x0000,0x0000,0x0000,0x0000,0x0000,0x0000,0x0000,0x0000,0x0000,0x0000,0x0000,
    0x1082,0x1082,0x1082,0x8cce,0x8cce,0x8cce,0x8cce,0x8cce,0x8cce,0x8cce,0x8cce,0x1082,0x1082,0x1082,0x1082,0x1082,
    0xff34,0xff34,0xff34,0xff34,0xff34,0xff34,0xff34,0xff34,0xff34,0xff34,0xff34,0xff34,0xff34,0xff34,0xff34,0xff34,
    0xff34,0x1082,0x1082,0x1082,0x1082,0x1082,0x8cce,0x8cce,0x8cce,0x8cce,0x8cce,0x8cce,0x8cce,0x8cce,0x1082,0x1082,
    0x1082,0x0000,0x0000,0x0000,0x0000,0x0000,0x0000,0x0000,0x0000,0x0000,0x0000,0x0000,0x0000,0x0000,0x0000,0x0000,
    0x0000,0x0000,0x0000,0x0000,0x0000,0x0000,0x0000,0x0000,0x0000,0x0000,0x0000,0x0000,0x0000,0x0000,0x0000,0x0000,
    0x0000,0x1082,0x1082,0x8cce,0x8cce,0x8cce,0x8cce,0x8cce,0x8cce,0x8cce,0x8cce,0x8cce,0x1082,0x1082,0x1082,0x1082,
    0x1082,0xff34,0xff34,0xff34,0xff34,0xff34,0xff34,0xff34,0xff34,0xff34,0xff34,0xff34,0xff34,0xff34,0xff34,0xff34,
    0x1082,0x1082,0x1082,0x1082,0x1082,0x8cce,0x8cce,0x8cce,0x8cce,0x8cce,0x8cce,0x8cce,0x8cce,0x8cce,0x1082,0x1082,
    0x0000,0x0000,0x0000,0x0000,0x0000,0x0000,0x0000,0x0000,0x0000,0x0000,0x0000,0x0000,0x0000,0x0000,0x0000,0x0000,
    0x0000,0x0000,0x0000,0x0000,0x0000,0x0000,0x0000,0x0000,0x0000,0x0000,0x0000,0x0000,0x0000,0x0000,0x0000,0x0000,
    0x0000,0x0000,0x1082,0x1082,0x8cce,0x8cce,0x8cce,0x8cce,0x8cce,0x8cce,0x8cce,0x8cce,0x1082,0x1082,0x1082,0x1082,
    0x1082,0x1082,0x1082,0xff34,0xff34,0xff34,0xff34,0xff34,0xff34,0xff34,0xff34,0xff34,0xff34,0xff34,0x1082,0x1082,
    0x1082,0x1082,0x1082,0x1082,0x1082,0x8cce,0x8cce,0x8cce,0x8cce,0x8cce,0x8cce,0x8cce,0x8cce,0x1082,0x1082,0x0000,
    0x0000,0x0000,0x0000,0x0000,0x0000,0x0000,0x0000,0x0000,0x0000,0x0000,0x0000,0x0000,0x0000,0x0000,0x0000,0x0000,
    0x0000,0x0000,0x0000,0x0000,0x0000,0x0000,0x0000,0x0000,0x0000,0x0000,0x0000,0x0000,0x0000,0x0000,0x0000,0x0000,
    0x0000,0x0000,0x0000,0x1082,0x1082,0x1082,0x8cce,0x8cce,0x8cce,0x8cce,0x8cce,0x8cce,0x8cce,0x1082,0x1082,0x1082,
    0x1082,0x1082,0x1082,0x1082,0x1082,0x1082,0x1082,0x1082,0xff34,0x1082,0x1082,0x1082,0x1082,0x1082,0x1082,0x1082,
    0x1082,0x1082,0x1082,0x1082,0x8cce,0x8cce,0x8cce,0x8cce,0x8cce,0x8cce,0x8cce,0x1082,0x1082,0x1082,0x0000,0x0000,
    0x0000,0x0000,0x0000,0x0000,0x0000,0x0000,0x0000,0x0000,0x0000,0x0000,0x0000,0x0000,0x0000,0x0000,0x0000,0x0000,
    0x0000,0x0000,0x0000,0x0000,0x0000,0x0000,0x0000,0x0000,0x0000,0x0000,0x0000,0x0000,0x0000,0x0000,0x0000,0x0000,
    0x0000,0x0000,0x0000,0x0000,0x1082,0x1082,0x1082,0x8cce,0x8cce,0x8cce,0x8cce,0x8cce,0x8cce,0x8cce,0x8cce,0x1082,
    0x1082,0x1082,0x1082,0x1082,0x1082,0x1082,0x1082,0x1082,0x1082,0x1082,0x1082,0x1082,0x1082,0x1082,0x1082,0x1082,
    0x1082,0x1082,0x8cce,0x8cce,0x8cce,0x8cce,0x8cce,0x8cce,0x8cce,0x8cce,0x1082,0x1082,0x1082,0x0000,0x0000,0x0000,
    0x0000,0x0000,0x0000,0x0000,0x0000,0x0000,0x0000,0x0000,0x0000,0x0000,0x0000,0x0000,0x0000,0x0000,0x0000,0x0000,
    0x0000,0x0000,0x0000,0x0000,0x0000,0x0000,0x0000,0x0000,0x0000,0x0000,0x0000,0x0000,0x0000,0x0000,0x0000,0x0000,
    0x0000,0x0000,0x0000,0x0000,0x1082,0x1082,0x1082,0x1082,0x8cce,0x8cce,0x8cce,0x8cce,0x8cce,0x8cce,0x8cce,0x8cce,
    0x1082,0x1082,0x1082,0x1082,0x1082,0x1082,0x1082,0x1082,0x1082,0x1082,0x1082,0x1082,0x1082,0x1082,0x1082,0x1082,
    0x1082,0x8cce,0x8cce,0x8cce,0x8cce,0x8cce,0x8cce,0x8cce,0x8cce,0x1082,0x1082,0x1082,0x1082,0x0000,0x0000,0x0000,
    0x0000,0x0000,0x0000,0x0000,0x0000,0x0000,0x0000,0x0000,0x0000,0x0000,0x0000,0x0000,0x0000,0x0000,0x0000,0x0000,
    0x0000,0x0000,0x0000,0x0000,0x0000,0x0000,0x0000,0x0000,0x0000,0x0000,0x0000,0x0000,0x0000,0x0000,0x0000,0x0000,
    0x0000,0x0000,0x0000,0x1082,0x1082,0x59c4,0x1082,0x1082,0x1082,0x1082,0x8cce,0x8cce,0x8cce,0x8cce,0x8cce,0x8cce,
    0x8cce,0x8cce,0x8cce,0x1082,0x1082,0x1082,0x1082,0x1082,0x1082,0x1082,0x1082,0x1082,0x1082,0x1082,0x8cce,0x8cce,
    0x8cce,0x8cce,0x8cce,0x8cce,0x8cce,0x8cce,0x8cce,0x1082,0x1082,0x1082,0x1082,0x59c4,0x1082,0x1082,0x0000,0x0000,
    0x0000,0x0000,0x0000,0x0000,0x0000,0x0000,0x0000,0x0000,0x0000,0x0000,0x0000,0x0000,0x0000,0x0000,0x0000,0x0000,
    0x0000,0x0000,0x0000,0x0000,0x0000,0x0000,0x0000,0x0000,0x0000,0x0000,0x0000,0x0000,0x0000,0x0000,0x0000,0x0000,
    0x0000,0x0000,0x0000,0x1082,0x59c4,0x59c4,0x59c4,0x59c4,0x1082,0x1082,0x1082,0x1082,0x8cce,0x8cce,0x8cce,0x8cce,
    0x8cce,0x8cce,0x8cce,0x8cce,0x8cce,0x8cce,0x8cce,0x8cce,0x1082,0x8cce,0x8cce,0x8cce,0x8cce,0x8cce,0x8cce,0x8cce,
    0x8cce,0x8cce,0x8cce,0x8cce,0x8cce,0x1082,0x1082,0x1082,0x1082,0x59c4,0x59c4,0x59c4,0x59c4,0x1082,0x0000,0x0000,
    0x0000,0x0000,0x0000,0x0000,0x0000,0x0000,0x0000,0x0000,0x0000,0x0000,0x0000,0x0000,0x0000,0x0000,0x0000,0x0000,
    0x0000,0x0000,0x0000,0x0000,0x0000,0x0000,0x0000,0x0000,0x0000,0x0000,0x0000,0x0000,0x0000,0x0000,0x0000,0x0000,
    0x0000,0x0000,0x1082,0x1082,0x1082,0x59c4,0x59c4,0x59c4,0x59c4,0x1082,0x1082,0x1082,0x1082,0x1082,0x8cce,0x8cce,
    0x8cce,0x8cce,0x8cce,0x8cce,0x8cce,0x8cce,0x8cce,0x8cce,0x8cce,0x8cce,0x8cce,0x8cce,0x8cce,0x8cce,0x8cce,0x8cce,
    0x8cce,0x8cce,0x8cce,0x1082,0x1082,0x1082,0x1082,0x1082,0x59c4,0x59c4,0x59c4,0x59c4,0x1082,0x1082,0x1082,0x0000,
    0x0000,0x0000,0x0000,0x0000,0x0000,0x0000,0x0000,0x0000,0x0000,0x0000,0x0000,0x0000,0x0000,0x0000,0x0000,0x0000,
    0x0000,0x0000,0x0000,0x0000,0x0000,0x0000,0x0000,0x0000,0x0000,0x0000,0x0000,0x0000,0x0000,0x0000,0x0000,0x0000,
    0x0000,0x0000,0x0000,0x1082,0x1082,0x59c4,0x59c4,0x59c4,0x59c4,0x59c4,0x59c4,0x1082,0x1082,0x1082,0x1082,0x1082,
    0x1082,0x8cce,0x8cce,0x8cce,0x8cce,0x8cce,0x8cce,0x8cce,0x8cce,0x8cce,0x8cce,0x8cce,0x8cce,0x8cce,0x8cce,0x8cce,
    0x1082,0x1082,0x1082,0x1082,0x1082,0x1082,0x59c4,0x59c4,0x59c4,0x59c4,0x59c4,0x59c4,0x1082,0x1082,0x0000,0x0000,
    0x0000,0x0000,0x0000,0x0000,0x0000,0x0000,0x0000,0x0000,0x0000,0x0000,0x0000,0x0000,0x0000,0x0000,0x0000,0x0000,
    0x0000,0x0000,0x0000,0x0000,0x0000,0x0000,0x0000,0x0000,0x0000,0x0000,0x0000,0x0000,0x0000,0x0000,0x0000,0x0000,
    0x0000,0x0000,0x0000,0x1082,0x1082,0x1082,0x1082,0x59c4,0x59c4,0x59c4,0x59c4,0x59c4,0x59c4,0x59c4,0x1082,0x1082,
    0x1082,0x1082,0x1082,0x1082,0x1082,0x1082,0x1082,0x1082,0x8cce,0x1082,0x1082,0x1082,0x1082,0x1082,0x1082,0x1082,
    0x1082,0x1082,0x1082,0x59c4,0x59c4,0x59c4,0x59c4,0x59c4,0x59c4,0x59c4,0x1082,0x1082,0x1082,0x1082,0x0000,0x0000,
    0x0000,0x0000,0x0000,0x0000,0x0000,0x0000,0x0000,0x0000,0x0000,0x0000,0x0000,0x0000,0x0000,0x0000,0x0000,0x0000,
    0x0000,0x0000,0x0000,0x0000,0x0000,0x0000,0x0000,0x0000,0x0000,0x0000,0x0000,0x0000,0x0000,0x0000,0x0000,0x0000,
    0x0000,0x0000,0x0000,0x0000,0x1082,0x1082,0x1082,0x1082,0x1082,0x1082,0x1082,0x59c4,0x1082,0x1082,0x1082,0x1082,
    0x1082,0x1082,0x1082,0x1082,0x1082,0x1082,0x1082,0x1082,0x1082,0x1082,0x1082,0x1082,0x1082,0x1082,0x1082,0x1082,
    0x1082,0x1082,0x1082,0x1082,0x1082,0x59c4,0x1082,0x1082,0x1082,0x1082,0x1082,0x1082,0x1082,0x0000,0x0000,0x0000,
    0x0000,0x0000,0x0000,0x0000,0x0000,0x0000,0x0000,0x0000,0x0000,0x0000,0x0000,0x0000,0x0000,0x0000,0x0000,0x0000,
    0x0000,0x0000,0x0000,0x0000,0x0000,0x0000,0x0000,0x0000,0x0000,0x0000,0x0000,0x0000,0x0000,0x0000,0x0000,0x0000,
    0x0000,0x0000,0x0000,0x0000,0x0000,0x0000,0x1082,0x1082,0x1082,0x1082,0x1082,0x1082,0x1082,0x1082,0x1082,0x1082,
    0x1082,0x0000,0x0000,0x0000,0x0000,0x0000,0x0000,0x0000,0x1082,0x0000,0x0000,0x0000,0x0000,0x0000,0x0000,0x0000,
    0x1082,0x1082,0x1082,0x1082,0x1082,0x1082,0x1082,0x1082,0x1082,0x1082,0x1082,0x0000,0x0000,0x0000,0x0000,0x0000,
    0x0000,0x0000,0x0000,0x0000,0x0000,0x0000,0x0000,0x0000,0x0000,0x0000,0x0000,0x0000,0x0000,0x0000,0x0000,0x0000,
    0x0000,0x0000,0x0000,0x0000,0x0000,0x0000,0x0000,0x0000,0x0000,0x0000,0x0000,0x0000,0x0000,0x0000,0x0000,0x0000,
    0x0000,0x0000,0x0000,0x0000,0x0000,0x0000,0x0000,0x0000,0x0000,0x0000,0x0000,0x1082,0x0000,0x0000,0x0000,0x0000,
    0x0000,0x0000,0x0000,0x0000,0x0000,0x0000,0x0000,0x0000,0x0000,0x0000,0x0000,0x0000,0x0000,0x0000,0x0000,0x0000,
    0x0000,0x0000,0x0000,0x0000,0x0000,0x1082,0x0000,0x0000,0x0000,0x0000,0x0000,0x0000,0x0000,0x0000,0x0000,0x0000,
    0x0000,0x0000,0x0000,0x0000,0x0000,0x0000,0x0000,0x0000,0x0000,0x0000,0x0000,0x0000,0x0000,0x0000,0x0000,0x0000,
    0x0000,0x0000,0x0000,0x0000,0x0000,0x0000,0x0000,0x0000,0x0000,0x0000,0x0000,0x0000,0x0000,0x0000,0x0000,0x0000,
    0x0000,0x0000,0x0000,0x0000,0x0000,0x0000,0x0000,0x0000,0x0000,0x0000,0x0000,0x0000,0x0000,0x0000,0x0000,0x0000,
    0x0000,0x0000,0x0000,0x0000,0x0000,0x0000,0x0000,0x0000,0x0000,0x0000,0x0000,0x0000,0x0000,0x0000,0x0000,0x0000,
    0x0000,0x0000,0x0000,0x0000,0x0000,0x0000,0x0000,0x0000,0x0000,0x0000,0x0000,0x0000,0x0000,0x0000,0x0000,0x0000,
    0x0000,0x0000,0x0000,0x0000,0x0000,0x0000,0x0000,0x0000,0x0000,0x0000,0x0000,0x0000,0x0000,0x0000,0x0000,0x0000,
    0x0000,0x0000,0x0000,0x0000,0x0000,0x0000,0x0000,0x0000,0x0000,0x0000,0x0000,0x0000,0x0000,0x0000,0x0000,0x0000,
    0x0000,0x0000,0x0000,0x0000,0x0000,0x0000,0x0000,0x0000,0x0000,0x0000,0x0000,0x0000,0x0000,0x0000,0x0000,0x0000,
    0x0000,0x0000,0x0000,0x0000,0x0000,0x0000,0x0000,0x0000,0x0000,0x0000,0x0000,0x0000,0x0000,0x0000,0x0000,0x0000,
    0x0000,0x0000,0x0000,0x0000,0x0000,0x0000,0x0000,0x0000,0x0000,0x0000,0x0000,0x0000,0x0000,0x0000,0x0000,0x0000,
    0x0000,0x0000,0x0000,0x0000,0x0000,0x0000,0x0000,0x0000,0x0000,0x0000,0x0000,0x0000,0x0000,0x0000,0x0000,0x0000,
    0x0000,0x0000,0x0000,0x0000,0x0000,0x0000,0x0000,0x0000,0x0000,0x0000,0x0000,0x0000,0x0000,0x0000,0x0000,0x0000,
    0x0000,0x0000,0x0000,0x0000,0x0000,0x0000,0x0000,0x0000,0x0000,0x0000,0x0000,0x0000,0x0000,0x0000,0x0000,0x0000,
    0x0000,0x0000,0x0000,0x0000,0x0000,0x0000,0x0000,0x0000,0x0000,0x0000,0x0000,0x0000,0x0000,0x0000,0x0000,0x0000,
    0x0000,0x0000,0x0000,0x0000,0x0000,0x0000,0x0000,0x0000,0x0000,0x0000,0x0000,0x0000,0x0000,0x0000,0x0000,0x0000,
    0x0000,0x0000,0x0000,0x0000,0x0000,0x0000,0x0000,0x0000,0x0000,0x0000,0x0000,0x0000,0x0000,0x0000,0x0000,0x0000,
    0x0000,0x0000,0x0000,0x0000,0x0000,0x0000,0x0000,0x0000,0x0000,0x0000,0x0000,0x0000,0x0000,0x0000,0x0000,0x0000,
    0x0000,0x0000,0x0000,0x0000,0x0000,0x0000,0x0000,0x0000,0x0000,0x0000,0x0000,0x0000,0x0000,0x0000,0x0000,0x0000,
    0x0000,0x0000,0x0000,0x0000,0x0000,0x0000,0x0000,0x0000,0x0000,0x0000,0x0000,0x0000,0x0000,0x0000,0x0000,0x0000,
    0x0000,0x0000,0x0000,0x0000,0x0000,0x0000,0x0000,0x0000,0x0000,0x0000,0x0000,0x0000,0x0000,0x0000,0x0000,0x0000,
    0x0000,0x0000,0x0000,0x0000,0x0000,0x0000,0x0000,0x0000,0x0000,0x0000,0x0000,0x0000,0x0000,0x0000,0x0000,0x0000,
    0x0000,0x0000,0x0000,0x0000,0x0000,0x0000,0x0000,0x0000,0x0000,0x0000,0x0000,0x0000,0x0000,0x0000,0x0000,0x0000,
    0x0000,0x0000,0x0000,0x0000,0x0000,0x0000,0x0000,0x0000,0x0000,0x0000,0x0000,0x0000,0x0000,0x0000,0x0000,0x0000,
    0x0000,0x0000,0x0000,0x0000,0x0000,0x0000,0x0000,0x0000,0x0000,0x0000,0x0000,0x0000,0x0000,0x0000,0x0000,0x0000,
    0x0000,0x0000,0x0000,0x0000,0x0000,0x0000,0x0000,0x0000,0x0000,0x0000,0x0000,0x0000,0x0000,0x0000,0x0000,0x0000,
    0x0000,0x0000,0x0000,0x0000,0x0000,0x0000,0x0000,0x0000,0x0000,0x0000,0x0000,0x0000,0x0000,0x0000,0x0000,0x0000,
    0x0000,0x0000,0x0000,0x0000,0x0000,0x0000,0x0000,0x0000,0x0000,0x0000,0x0000,0x0000,0x0000,0x0000,0x0000,0x0000,
    0x0000,0x0000,0x0000,0x0000,0x0000,0x0000,0x0000,0x0000,0x0000,0x0000,0x0000,0x0000,0x0000,0x0000,0x0000,0x0000,
    0x0000,0x0000,0x0000,0x0000,0x0000,0x0000,0x0000,0x0000,0x0000,0x0000,0x0000,0x0000,0x0000,0x0000,0x0000,0x0000,
    0x0000,0x0000,0x0000,0x0000,0x0000,0x0000,0x0000,0x0000,0x0000,0x0000,0x0000,0x0000,0x0000,0x0000,0x0000,0x0000,
    0x0000,0x0000,0x0000,0x0000,0x0000,0x0000,0x0000,0x0000,0x0000,0x0000,0x0000,0x0000,0x0000,0x0000,0x0000,0x0000,
    0x0000,0x0000,0x0000,0x0000,0x0000,0x0000,0x0000,0x0000,0x0000,0x0000,0x0000,0x0000,0x0000,0x0000,0x0000,0x0000,
    0x0000,0x0000,0x0000,0x0000,0x0000,0x0000,0x0000,0x0000,0x0000,0x0000,0x0000,0x0000,0x0000,0x0000,0x0000,0x0000,
    0x0000,0x0000,0x0000,0x0000,0x0000,0x0000,0x0000,0x0000,0x0000,0x0000,0x0000,0x0000,0x0000,0x0000,0x0000,0x0000,
    0x0000,0x0000,0x0000,0x0000,0x0000,0x0000,0x0000,0x0000,0x0000,0x0000,0x0000,0x0000,0x0000,0x0000,0x0000,0x0000,
    0x0000,0x0000,0x0000,0x0000,0x0000,0x0000,0x0000,0x0000,0x0000,0x0000,0x0000,0x0000,0x0000,0x0000,0x0000,0x0000,
  },
};
